"tweet_id","cascade_rows","size","edge_count","root_count","component_count","depth_graph","depth_field","max_breadth","avg_breadth","root_breadth","root_share","branching_mean","branching_sd","structural_virality","time_min","time_max","time_span","time_to_50pct","time_to_80pct","avg_interaction","avg_interest_similarity","avg_structural_redundancy","avg_number_exposures","total_number_exposures","mean_reciprocity","mean_retweeting_inertia","mean_followers_retweeter","mean_friends_retweeter","mean_statuses_retweeter","mean_age_retweeter","mean_followers_parent","mean_friends_parent","mean_statuses_parent","mean_age_parent","root_followers","root_friends","root_statuses","root_age","embed_1","embed_2","embed_3","embed_4","embed_5","cascade_type","shape_cluster"
"1098612205443010560",23,24,23,1,1,3,3,15,6,4,0.173913043478261,7.66666666666667,6.35085296108588,2.38405797101449,-1.14281342378159,-0.349471514440305,0.793341909341285,-1.14281342378159,-0.369569297435569,3.02765312925103,0.0354587354933562,0.115283462126118,0.0904105018121667,2.07944154167983,0.173913043478261,0.719120512558003,253584.52173913,2482.47826086957,69093.2608695652,7.30434782608696,3503096.2173913,1166.26086956522,317628.391304348,9.65217391304348,503691,480,117670,10,4.06700419610491,1.93739780488022,1.64498225355485,0.0000000000000000148514142224267,0.0000000000000000000000000000000138130103875962,"viral",2
"1098612230608703491",4,5,4,1,1,2,3,3,1.66666666666667,3,0.75,2,1.4142135623731,1.8,-1.79974040800038,-0.752193534075497,1.04754687392488,-0.752193534075497,-0.752193534075497,1.76231371031396,0.0676762818760477,0.0930654635870769,0,0,0.75,0.432698121766211,490.25,548.75,28321.25,3.25,651.5,521.5,11337.5,0.75,717,580,13352,1,1.84775906502257,0.765366864730179,0,-0.765366864730179,-1.84775906502257,"unclassified",NA
"1098612729739239424",12,13,12,1,1,1,1,12,6.5,12,1,12,0,1.84615384615385,-0.176634734508265,-0.176634734508265,0,-0.176634734508265,-0.176634734508265,2.74166001375923,0.00462630948064146,0.0339940179007919,0,0,0.25,0.566500871576215,1002.5,554.916666666667,66154.8333333333,7.16666666666667,9098,518,235715,5,9098,518,235715,5,3.46410161513775,0,0,0,0,"broadcast",1
"1098612842985607168",4,5,4,1,1,1,1,4,2.5,4,1,4,0,1.6,0.0897400628469027,0.0897400628469027,0,0.0897400628469027,0.0897400628469027,1.80196496785812,0,0.0717549363683275,0,0,0.5,0.504009337339601,3977.75,2246.5,79509.75,7.5,3253,1443,35248,6,3253,1443,35248,6,2,0,0,0,-2,"unclassified",NA
"1098614705244041218",12,13,12,1,1,1,1,12,6.5,12,1,12,0,1.84615384615385,-0.493215633929069,-0.493215633929069,0,-0.493215633929069,-0.493215633929069,2.70571995611934,0.015879079609631,0.0580442975362308,0,0,0.0833333333333333,0.814030589234198,1221.16666666667,1252,62080.25,6.83333333333333,3873,310,2745,2,3873,310,2745,2,3.46410161513775,0,0,0,0,"broadcast",1
"1098615963535228928",3,4,3,1,1,3,3,1,1,1,0.333333333333333,1,0,1.66666666666667,0.351358316310654,0.911239741630593,0.559881425319939,0.557291441369382,0.769660421526109,3.545124853804,0.288043707933538,0.299908424908425,0.231049060186648,0.693147180559945,0.666666666666667,0.607529374548639,1497.33333333333,169,8424,4.33333333333333,2519.33333333333,202.666666666667,10812,6,3094,153,7207,7,1.61803398874989,0.618033988749895,-0.618033988749895,-1.61803398874989,0,"unclassified",NA
"1098617171478044673",5,6,5,1,1,4,4,2,1.2,2,0.4,1.25,0.5,2.33333333333333,-3.14819751901078,-0.38839661957317,2.75980089943761,-0.908384927254555,-0.782318190578933,3.77541609162542,0.62079367445089,0.257233053566604,0.219722457733622,1.09861228866811,0.4,0.422518642635423,1018.4,735,31767.8,7,25494.4,604.8,54831.2,8.2,61347,437,60419,9,1.80193773580484,1.24697960371747,0.445041867912629,-0.445041867912629,-1.24697960371747,"unclassified",NA
"1098617351849869312",5,6,5,1,1,3,3,3,1.5,3,0.6,1.66666666666667,1.15470053837925,2.13333333333333,-0.54375936008528,0.331535828435473,0.875295188520753,-0.54375936008528,-0.339212788818083,1.65173629925285,0.313422617232647,0.099118133143518,0.138629436111989,0.693147180559945,0.6,0.975108130246159,5767.6,3812,95259,4.8,3256.6,2970.2,24789,6.8,2367,2907,10208,7,1.90211303259031,1.17557050458495,0.000000000000000737691039547173,0.0000000000000000000000000000000123259516440783,-1.17557050458495,"unclassified",NA
"1098617351862452224",2,3,2,1,1,1,1,2,1.5,2,1,2,0,1.33333333333333,-1.41375828122783,-1.41375828122783,0,-1.41375828122783,-1.41375828122783,3.49788307815242,0.0383465390776644,0.0163827193530164,0,0,0,0.95426082348407,243,528,121965,3.5,424659,568,42673,11,424659,568,42673,11,1.4142135623731,0,-1.4142135623731,0,0,"unclassified",NA
"1098618199086489600",16,17,16,1,1,4,4,6,3.4,6,0.375,2,1.77281052085584,3.20588235294118,0.00483896035899765,0.533224120202979,0.528385159843981,0.172715755288361,0.177419645727062,2.35119633423681,0.557420217907263,0.177093881769861,0.497846598320624,7.96554557312998,0.25,0.967292141117569,242.6875,325.8125,130194,4,448.5,201.5,180793,3.625,482,209,193656,3,2.71037099484025,1.77940949552467,1.53591002363585,1.28418785741776,1.14064116687319,"viral",2
"1098618291357188096",8,9,8,1,1,5,5,2,1.5,2,0.25,1.33333333333333,0.516397779494322,3.16666666666667,-2.04259633194975,1.07907443910987,3.12167077105962,0.382402261783788,0.970782609006411,2.67882472797074,0.13187383298325,0.159138969876688,0.346573590279972,2.77258872223978,0.875,0.630661647839567,9350.5,956.125,6633.375,7.625,9121.875,936.875,4406.75,7,1132,837,2387,3,1.96157056080646,1.66293922460509,1.1111404660392,0.390180644032257,0.0000000000000000000000000000000123259516440783,"unclassified",NA
"1098618467526299648",76,77,76,1,1,4,4,40,15.4,8,0.105263157894737,10.8571428571429,15.214341605084,3.40464798359535,-0.273261925194821,0.92698524113584,1.20024716633066,0.136975493374882,0.287817772956872,1.99888560090691,0.0399591595525928,0.14213544945818,0.0820832187505198,6.23832462503951,0.394736842105263,0.765674877917641,6911.57894736842,2616.23684210526,86445.6578947368,7.30263157894737,205810.355263158,30412,68975.3684210526,7.18421052631579,8793,9040,6149,3,6.34538702700036,5.10756939634641,2.59649340872588,1,0.97969484783027,"viral",2
"1098620233319895043",5,6,5,1,1,3,3,2,1.5,1,0.2,1.25,0.5,2.06666666666667,-0.27771395638037,0.668635441739184,0.946349398119554,0.0693192354202698,0.537138591456122,4.0677205712935,0.213650564749323,0.171177798768364,0.277258872223978,1.38629436111989,0.8,0.665007658350106,710,1323,8305.2,7.2,1074.8,879.8,9107.8,7.8,172,305,192,9,1.93185165257814,1,0.517638090205043,-0.517638090205042,-1,"unclassified",NA
"1098620371757088768",7,8,7,1,1,1,1,7,4,7,1,7,0,1.75,-1.01855019793144,-1.01855019793144,0,-1.01855019793144,-1.01855019793144,2.92711406540539,0.110775785044461,0.0266314696373362,0,0,0,0.743736739281507,123.428571428571,1719.71428571429,10017.5714285714,5.28571428571429,509224,46,293143,10,509224,46,293143,10,2.64575131106459,0,0,0,0,"unclassified",NA
"1098620749244444673",5,6,5,1,1,2,2,4,2,1,0.2,2.5,2.12132034355964,1.66666666666667,-0.146199574009554,0.414521569633751,0.560721143643305,-0.146199574009554,-0.0340553452808929,2.4596391868812,0.119181568830932,0.124788751837157,0,0,1,0.605805483033797,1512.4,1345.4,2405,6.4,4312.8,1063.4,3678.2,7.6,320,425,343,2,2.23606797749979,0,0,0,0,"unclassified",NA
"1098620921190010881",72,73,72,1,1,10,10,34,6.63636363636364,34,0.472222222222222,3.1304347826087,6.83110764229004,4.73668188736682,-2.14495553961919,0.810242326235457,2.95519786585465,-0.773115742069688,-0.537019002522042,2.14608991986319,0.208875386659878,0.116509749883714,0.491667089777811,35.4000304640024,0.625,0.863062368730354,10753.2361111111,7476.95833333333,45400.8055555556,2.65277777777778,102787.930555556,44792.4027777778,73941.4166666667,2.98611111111111,194882,78473,81006,3,5.86680786678498,2.69163940880322,2.32659980846902,2.11608909791986,1.75311762786817,"viral",2
"1098621277735133189",7,9,7,2,2,2,3,6,3,6,0.857142857142857,2.33333333333333,2.3094010767585,1.86363636363636,-0.179302154560856,0.850942154464131,1.03024430902499,0.719893684924859,0.719893684924859,2.35080789944807,0.0492628841721934,0.0937538885563563,0,0,0.571428571428571,0.672667564326975,726.428571428571,265.857142857143,19668.5714285714,3.28571428571429,1246.85714285714,735.142857142857,8269,1.71428571428571,1308,872,3247,1,2.28824561127074,1,0.874032048897642,0,0,"unclassified",NA
"1098621458077630464",9,10,9,1,1,2,2,6,3.33333333333333,6,0.666666666666667,3,2.64575131106459,2.22222222222222,-1.67165214237166,-0.3485849287783,1.32306721359336,-1.67165214237166,-0.559285897969536,1.93304757945038,0.198726600319924,0.0934983726659062,0,0,0.333333333333333,0.58548946924421,1127.33333333333,821.555555555556,50002.2222222222,6.22222222222222,3065.88888888889,2517.22222222222,51504.1111111111,4.55555555555556,3090,2414,73937,6,2.57135347819082,1.28789569092808,0.854087805488893,0.0000000000000000000000000000000493038065763133,0,"broadcast",1
"1098621646800384000",6,7,6,1,1,3,3,3,1.75,2,0.333333333333333,2,1,2.0952380952381,0.659283012476595,0.785326993408148,0.126043980931553,0.746537019978205,0.785326993408148,1.00187786240069,0.00487961306857226,0.15014163262869,0,0,0.666666666666667,0.651642109720422,7995.5,7749.83333333333,11290.5,3,8692.5,7484.33333333333,15971.8333333333,3.33333333333333,4920,0,3906,5,2.13577920506986,1,0.662153446861956,-0.00000000000000122124532708767,-0.662153446861956,"unclassified",NA
"1098622041085878277",75,76,75,1,1,3,3,68,19,68,0.906666666666667,12.5,27.2011029188156,2.19719298245614,0.243508141447724,1.50532934501601,1.26182120356829,0.434711363620664,0.434711363620664,1.24711637826788,0.00602281450128497,0.217022082426333,0.00924196240746593,0.693147180559945,0.0533333333333333,0.720279365696394,1040.49333333333,1482.22666666667,43375.72,6.13333333333333,291619,1909.16,107500.48,9.77333333333333,320828,1242,98253,10,8.25084213487695,1.92010928863043,1,0.999999999999999,0.984742511592423,"broadcast",1
"1098622397584941057",2,3,2,1,1,2,3,1,1,1,0.5,1,0,1.33333333333333,-1.19935067041322,-0.22006019354202,0.9792904768712,-0.70970543197762,-0.41591828891626,3.24989352032792,0.439276562456349,0.419096827645373,0,0,1,0.587370968254819,1357.5,820.5,28691.5,1.5,1735.5,1538,22652,1,2815,2562,42600,1,1.4142135623731,0,-1.4142135623731,0,0,"unclassified",NA
"1098623362295873538",4,5,4,1,1,1,1,4,2.5,4,1,4,0,1.6,0.522175875415839,0.522175875415839,0,0.522175875415839,0.522175875415839,1.62305995875512,0.250225287139134,0.18023386272207,0,0,0,0.674884797123503,808,658.25,30443.25,6.75,1833,3464,81990,10,1833,3464,81990,10,2,0,0,0,-2,"unclassified",NA
"1098623475546234886",9,10,9,1,1,5,5,3,1.66666666666667,2,0.222222222222222,1.28571428571429,0.487950036474267,3.13333333333333,-0.173409621097057,0.947229385160992,1.12063900625805,0.154026267390803,0.357545202008356,2.30267074885828,0.174297940955409,0.167937206236472,0.276100738865333,2.484906649788,1,0.629711098283331,1570.66666666667,610.444444444444,6346.77777777778,5.77777777777778,1346.11111111111,599.111111111111,5184.77777777778,5.33333333333333,1234,502,3169,8,2.06416009048583,1.55743913182725,1.26788235877202,0.779055237501696,0.314918612874182,"viral",2
"1098624524126285825",7,8,7,1,1,2,2,6,2.66666666666667,6,0.857142857142857,3.5,3.53553390593274,1.92857142857143,1.19746009902286,2.30490811264573,1.10744801362287,1.19746009902286,1.19746009902286,2.3015297760749,0.11607311824153,0.0409595023739972,0,0,0.142857142857143,0.88614736330039,255.428571428571,557.714285714286,4577.57142857143,2.71428571428571,2838.42857142857,205.285714285714,2053.42857142857,1.71428571428571,3237,13,117,1,2.48848998462265,0.898564186039456,0,0,0,"unclassified",NA
"1098625006441885696",5,6,5,1,1,2,2,3,2,3,0.6,1.66666666666667,1.15470053837925,2.06666666666667,-1.49521041974938,-0.697391248354567,0.797819171394813,-1.10347092937513,-1.02225499317102,2.09421430202414,0.0796904387138947,0.144938720023989,0,0,1,0.661104199854384,370.8,561.2,7451,3.6,573.4,782.8,7966.8,4.2,558,545,5566,4,1.93185165257814,1,0.517638090205042,-0.517638090205042,-1,"unclassified",NA
"1098625237158166528",4,5,4,1,1,1,1,4,2.5,4,1,4,0,1.6,-0.169133933518808,-0.169133933518808,0,-0.169133933518808,-0.169133933518808,5.22215954090792,0.574924423833442,0.135286208927436,0,0,0.5,0.904185142564844,595.25,431.75,11593.25,4,1789,518,23439,5,1789,518,23439,5,2,0,0,0,-2,"unclassified",NA
"1098627426555289600",11,12,11,1,1,2,2,10,4,10,0.909090909090909,5.5,6.36396103067893,1.96969696969697,-0.878720933523378,-0.473394829036031,0.405326104487347,-0.878720933523378,-0.878720933523378,2.67310868676444,0.557863128322102,0.0971966765911288,0,0,0.181818181818182,0.854912294399324,436.272727272727,424.272727272727,77316.7272727273,4.36363636363636,5515.63636363636,313.727272727273,37160.6363636364,1.09090909090909,6021,325,32894,1,3.17958680155872,0.943518824058935,0.00000000000000000000000000000000000000000000000852958373804829,0.000000000000000000000000000000000000000000000000135893725580358,0.00000000000000000000000000000000000000000000000000000000000000244132461443383,"broadcast",1
"1098627858602344448",87,88,87,1,1,5,5,47,14.6666666666667,47,0.540229885057471,4.14285714285714,10.0810997132541,3.51123301985371,-0.577501406273327,1.12214316679443,1.69964457306776,0.558493263615628,0.585006443876847,2.0503077695256,0.189860874643769,0.105182814285847,0.162051835431169,14.0985096825117,0.218390804597701,0.803293972428445,1627.88505747126,1312.27586206897,49018.0689655172,6.13793103448276,23198.7701149425,9760.28735632184,110191.908045977,5.62068965517241,37701,16931,120116,6,6.87868518917792,3.496569267068,2.3238267338257,1.99444463075038,1.86951453468687,"broadcast",1
"1098628584216743937",4,5,4,1,1,1,1,4,2.5,4,1,4,0,1.6,1.50601931324941,1.50601931324941,0,1.50601931324941,1.50601931324941,0.895879734614027,0.358028137612075,0.0048076923076923,0,0,0,0.990715556685308,7,78.5,460.75,0.25,7606,1,118,1,7606,1,118,1,2,0,0,0,-2,"unclassified",NA
"1098628642912038912",18,19,18,1,1,7,7,5,2.375,1,0.0555555555555556,1.5,0.797724035217466,4.31578947368421,-4.24814711985014,-0.704020477902191,3.54412664194795,-0.789763668448311,-0.715701579452239,0.644496463460719,0.0536911691769848,0.0425787348399461,1.14866151810402,20.6759073258725,0.611111111111111,0.366677413055614,118309.722222222,2733.94444444444,123280.111111111,10.1111111111111,117202.111111111,2689.88888888889,133354.5,10.7777777777778,9230,1260,21984,11,2.43287414070969,2.03190885049126,1.70381355487315,1.4142135623731,1.26284356602759,"viral",2
"1098630786226495488",38,40,38,2,2,11,12,7,3.33333333333333,2,0.0526315789473684,2.23529411764706,1.71498585142509,5.29446935724963,-0.797512212758472,0.867575793477866,1.66508800623634,0.555684097915472,0.788677481579728,0.172018199936613,0.210298526302706,0.170039334890803,0.811429975651054,30.8343390747401,0.842105263157895,0.871651499018745,18375.6052631579,14840.1052631579,72371.1578947368,4.13157894736842,44673.7105263158,36649.2631578947,159806.421052632,3.26315789473684,37155,37111,121902,5,2.87358046990993,2.72987821813276,2.52143128543423,2.05903184880196,1.77392867148381,"viral",2
"1098631964805005313",6,7,6,1,1,2,2,4,2.33333333333333,4,0.666666666666667,3,1.4142135623731,2,-2.4869342401274,-0.379683877218843,2.10725036290856,-2.4869342401274,-0.379683877218843,1.76842293971085,0.00135428615848689,0.0414414442047182,0,0,0.5,0.387397106895054,1484.16666666667,877.333333333333,21096.5,6.16666666666667,3655,1697.33333333333,76908,8,2445,1814,82522,8,2.17532774716108,1.12603250061049,0.0000000000000000000000000000000470298551938408,0,-0.0000000000000000000000000000000470298551938408,"unclassified",NA
"1098632157746978816",26,27,26,1,1,11,11,4,2.25,4,0.153846153846154,1.36842105263158,0.760885910252682,6.16524216524216,-2.28637787834146,0.18798950703043,2.47436738537189,-0.52630186024039,-0.207139757642076,2.27243837741209,0.0550605421575155,0.124743332559708,0.701601708034738,18.2416444089032,0.769230769230769,0.450310516846771,1287.61538461538,546.961538461538,8052.42307692308,7.46153846153846,3064.26923076923,627.692307692308,9994.46153846154,7.76923076923077,10621,948,19181,9,2.37148109423733,2.13533601185439,1.84481935875157,1.77169214759234,1.6180339887499,"viral",2
"1098632984029265922",4,5,4,1,1,3,3,2,1.25,1,0.25,1.33333333333333,0.577350269189626,1.8,0.453165794154686,1.63972934262734,1.18656354847265,1.36865116124248,1.47708243379642,1.70059869083108,0.294776863983167,0.0834388758542278,0,0,0.25,0.526586954251951,2804.5,533.25,67549.5,5,3901,797.75,27572.25,2.75,1289,1273,48225,3,1.84775906502257,0.765366864730179,0.000000000000000243847550624799,-0.76536686473018,-1.84775906502257,"unclassified",NA
"1098633063733460992",10,11,10,1,1,2,2,7,3.66666666666667,7,0.7,5,2.82842712474619,2.14545454545455,-0.854496557702676,-0.784789712017431,0.069706845685245,-0.784789712017431,-0.784789712017431,2.62310528922074,0.142821871899351,0.032209346832669,0,0,0.2,0.729693323664859,974.6,477.7,47092,4.1,3507.9,397.1,31849.1,1.9,2964,80,12980,1,2.76509517215314,1.53435611542282,0,0,0,"broadcast",1
"1098635286693724161",7,8,7,1,1,1,1,7,4,7,1,7,0,1.75,-0.644871817894869,-0.644871817894869,0,-0.644871817894869,-0.644871817894869,1.17170490731346,0.250096325296364,0.0290083187241738,0,0,0.428571428571429,0.719912482429051,1707.57142857143,1078.28571428571,72704,5,16200,752,94901,7,16200,752,94901,7,2.64575131106459,0,0,0,0,"unclassified",NA
"1098635404151017472",2,3,2,1,1,1,2,2,1.5,2,1,2,0,1.33333333333333,0.963826027612254,0.963826027612254,0,0.963826027612254,0.963826027612254,0.895879734614025,0.000152817176126996,0.0473169340884065,0,0,0,0.455368676085748,475,847,136799,10.5,1079,393,24412,5,1079,393,24412,5,1.4142135623731,0,-1.4142135623731,0,0,"unclassified",NA
"1098636532414627840",80,81,80,1,1,6,6,38,11.5714285714286,38,0.475,2.85714285714286,6.93736146722831,4.07283950617284,-1.0471385070675,1.51421496701396,2.56135347408146,-0.0820248473896355,0.505498608611833,1.49343280537633,0.0789135262829262,0.123379883618994,0.514539318903344,41.1631455122675,0.3375,0.766609104131592,3125.15,3319.6125,31038.95,5.25,9929.0625,3422.6875,25382.8875,2.825,13407,19,1438,1,6.20039738805322,2.41722159199815,2.10022012993102,1.99549722471014,1.95667204607897,"viral",2
"1098638457574850560",5,6,5,1,1,2,2,3,2,3,0.6,1.66666666666667,1.15470053837925,2.06666666666667,-1.87637055771055,-0.983380955495818,0.892989602214732,-1.87637055771055,-1.5145081026461,0.957498348556409,0.040615517533074,0.242797315335671,0,0,1,0.777493934160907,5215.4,5898.8,50839.2,5.4,12839.8,13045.6,130122.2,3.2,16755,16312,185594,2,1.93185165257814,0.999999999999999,0.517638090205043,-0.517638090205041,-1,"unclassified",NA
"1098638478563250176",21,22,21,1,1,2,2,20,7.33333333333333,20,0.952380952380952,10.5,13.4350288425444,1.99134199134199,0.518592779262439,0.635741487460741,0.117148708198302,0.518592779262439,0.518592779262439,2.73248371978599,0.218720719790703,0.0600282149670881,0,0,0.0476190476190476,0.753600170966676,1204.2380952381,2422.52380952381,51007.7619047619,6.47619047619048,69293.2380952381,847.904761904762,45323.380952381,8.95238095238095,72615,650,46056,9,4.47800028888693,0.973403006328107,0,0,0,"broadcast",1
"1098639363548897280",23,24,23,1,1,5,5,11,4,11,0.478260869565217,2.3,3.09300285590988,3.27898550724638,-1.63480708890165,0.148049802891513,1.78285689179316,-1.48344067590392,-0.717822394831796,1.79671622723593,0.311868601919639,0.244938272459166,0.308264210251134,7.09007683577609,0.782608695652174,0.857881981307035,15593.4782608696,10952.8695652174,57041.3043478261,4.26086956521739,128823.043478261,116476.260869565,411688.260869565,4.56521739130435,243836,227684,762223,6,3.42684672555234,1.8145436724932,1.41421356237309,1.41421356237309,1.41421356237309,"viral",2
"1098640118540316673",3,6,3,3,3,1,2,3,3,3,1,1,0,1,-0.638863913514837,0.934585949544404,1.57344986305924,0.833491293129058,0.894148086978266,0.231049060186648,0.362464336180191,0.21674849860364,0,0,1,0.50666715000751,7203,5835,54614.6666666667,3.66666666666667,2022.33333333333,1839,30953,2,5548,5124,86689,2,1,1,1,-1,-1,"unclassified",NA
"1098640537974947843",27,28,27,1,1,7,7,13,3.5,13,0.481481481481481,2.45454545454545,3.5598774238346,3.97619047619048,-0.437846961818951,2.01062998941196,2.44847695123091,0.27036466510193,0.849596258146779,3.14504732575663,0.404584203111955,0.266710570915909,0.405973253580888,10.961277846684,0.814814814814815,0.956007286964952,884.888888888889,1079.51851851852,65300.2962962963,2.92592592592593,9008.7037037037,6320.66666666667,119092.37037037,6.2962962962963,16199,10299,128542,9,3.65595317488191,2.11208652043397,1.8253121502215,1.70380755828989,1.05714389700976,"viral",2
"1098641091627229188",6,7,6,1,1,1,1,6,3.5,6,1,6,0,1.71428571428571,-0.998508941887289,-0.998508941887289,0,-0.998508941887289,-0.998508941887289,2.07611002383237,0.0359969362610862,0.136017867483645,0,0,0,0.749111564756683,412.166666666667,803.833333333333,2663.33333333333,4.5,1207167,409,522534,10,1207167,409,522534,10,2.44948974278318,0,0,0,0,"unclassified",NA
"1098641590732627969",8,9,8,1,1,3,3,4,2.25,4,0.5,2,1.4142135623731,2.44444444444444,-1.25133619437716,-0.0903385538216954,1.16099764055546,-0.220630145794417,-0.0903385538216954,2.43447883505272,0.21794507835413,0.137392439035329,0.0866433975699931,0.693147180559945,0.625,0.715726013041091,527.625,407,3961.5,4.875,1350.125,487.5,13864.75,4.75,2414,680,27403,6,2.24697960371747,1.4142135623731,0.801937735804838,0.554958132087371,-0.0000000000000000000000826171957412832,"unclassified",NA
"1098641892705792001",7,8,7,1,1,7,8,1,1,1,0.142857142857143,1,0,3,-0.364329005820765,0.472528141692959,0.836857147513724,0.285366433214195,0.394199453562327,1.23853465569665,0.00819545560492248,0.142412071249187,0.495105128971389,3.46573590279972,0.714285714285714,0.727814369917086,739.571428571429,437.285714285714,34907.1428571429,6,892.571428571429,452.714285714286,43530.1428571429,7,1133,333,60648,7,1.87938524157182,1.53208888623796,1,0.347296355333861,-0.347296355333862,"unclassified",NA
"1098641980807102464",9,10,9,1,1,2,2,5,3.33333333333333,4,0.444444444444444,3,1,2.4,-0.388498318855813,0.427350234200542,0.815848553056355,0.203918698266514,0.427350234200542,1.93646665263557,0.382499167173222,0.12378318442654,0.0770163533955494,0.693147180559945,0.333333333333333,0.667496083497156,1427.66666666667,944.888888888889,17009.6666666667,6.88888888888889,7490.55555555556,557.555555555556,6088.55555555556,7.33333333333333,15954,605,4257,9,2.38098279882117,1.57353856098862,0.924606569736327,0.0000000000000000000000000000000119587240349831,-0.0000000000000000000000000000000000000000000000000000000000000000195743138690917,"broadcast",1
"1098643557844467713",73,74,73,1,1,27,27,14,2.64285714285714,14,0.191780821917808,1.87179487179487,2.19064382724982,12.0825620140689,-0.817801406502678,1.23410202646426,2.05190343296694,0.28821342728071,0.57576876083481,1.12276239271594,0.0993553298007247,0.33892359072888,1.43257014911165,104.577620885151,0.821917808219178,0.860748584983226,15792.3561643836,14500.9452054795,103420.287671233,5,39477.3424657534,36227.4246575342,109213.136986301,5.82191780821918,25847,19639,59973,10,3.80316723251083,2.58078371603992,2.43888708579578,2.39328153257955,2.16672774586274,"viral",2
"1098643671094685697",35,37,35,2,2,15,16,5,2.3125,2,0.0571428571428571,1.52173913043478,0.730477130336511,5.83585858585859,-3.14819751901078,0.413531302357661,3.56172882136844,-0.460006913631338,-0.0191649055340237,0.772913529241534,0.114725393118401,0.192304164128078,1.35958233676341,47.5853817867193,0.742857142857143,0.611171815823668,517.685714285714,464.885714285714,2376.4,3.85714285714286,697.228571428571,568.828571428571,4231.94285714286,4.05714285714286,1113,972,1436,1,2.37921075228332,2.30725037134821,2.11461232080963,2.0162543297407,1.86641346990109,"viral",2
"1098644434462347270",71,72,71,1,1,12,12,14,5.53846153846154,14,0.197183098591549,1.91891891891892,2.21583165197853,7.92683881064163,-1.4170978719404,2.03878050427179,3.45587837621219,-0.125273355002527,0.412600981225395,1.34778720300892,0.152428172290395,0.111918865265588,1.07253600683116,76.1500564850122,0.690140845070423,0.647850391186059,1592.85915492958,1592.88732394366,22506.985915493,5.64788732394366,2323.08450704225,1890.56338028169,12207.5070422535,5.77464788732394,1515,2028,3154,4,3.80386719295549,2.63536077174978,2.35763751009739,2.33245866816767,2.25770422971546,"viral",2
"1098646007338942465",5,6,5,1,1,4,4,2,1.2,1,0.2,1.25,0.5,2.13333333333333,-4.24814711985014,0.79768188539686,5.045829005247,0.0504732923345744,0.796619951139578,2.55477213278512,0.0277419799871951,0.196320929368564,0.358351893845611,1.79175946922805,0.4,0.494693386597107,7493.8,1736,19172.2,7.8,13534.2,1722.4,24212.4,9,4312,801,23755,11,1.90211303259031,1.17557050458495,0,0,-1.17557050458495,"unclassified",NA
"1098648255477571589",5,6,5,1,1,4,4,2,1.2,1,0.2,1.25,0.5,2.06666666666667,-4.24814711985014,-0.810853001817302,3.43729411803284,-1.19079286430673,-1.11480489180884,3.41462524222968,0.133220275221359,0.0936671836994044,0.415888308335967,2.07944154167983,1,0.449989728225427,12997.4,3854.8,55803.2,8.2,14929.4,1149.2,58869.2,7.8,1030,544,4468,9,1.93185165257814,1,0.517638090205041,-0.517638090205041,-1,"unclassified",NA
"1098648851077054464",30,31,30,1,1,6,6,12,4.42857142857143,12,0.4,3,3.46410161513775,3.66451612903226,-0.0262669566966142,1.83674372133671,1.86301067803332,0.260882865209385,1.18774362176824,1.61765977514344,0.0445049625344005,0.13138329628733,0.225385758960135,6.76157276880405,0.533333333333333,0.614286836379453,1204.93333333333,1030.43333333333,15582,6.33333333333333,4209.8,3102.53333333333,45731.4666666667,7.83333333333333,4070,4072,24709,9,3.52909073501085,2.74796763160747,1.87620823353965,1.35151606290251,1.29970895643167,"viral",2
"1098651413792673792",6,7,6,1,1,2,2,5,2.33333333333333,5,0.833333333333333,3,2.82842712474619,1.9047619047619,-1.28489455137551,0.270159031281828,1.55505358265734,-1.28489455137551,-1.28489455137551,1.39516844687303,0.0156527948149449,0.0448069771603115,0.115524530093324,0.693147180559945,0.5,0.777437839795684,10573.5,11202.5,190754.833333333,7.16666666666667,1872.5,1818.33333333333,8956.33333333333,4.66666666666667,1379,1203,8218,5,2.28824561127074,0.874032048897642,0,0,0,"unclassified",NA
"1098654383351521282",15,16,15,1,1,11,11,3,1.33333333333333,3,0.2,1.36363636363636,0.80903983495589,4.85,-0.0762215353099243,1.80410234360042,1.88032387891034,0.316998865534358,1.5341071191149,0.968758250987196,0.670302409301713,0.272856477051972,1.22193242793722,18.3289864190584,0.8,0.890246750223538,1171.6,1355,90280.2,5.6,1318.86666666667,1453.06666666667,96145.6,4.4,223,487,489,1,2.21762205528581,1.88900412526988,1.6595498225577,1.48978733606498,1.09934248040451,"viral",2
"1098655528417484802",11,12,11,1,1,3,3,9,3,1,0.0909090909090909,3.66666666666667,4.61880215351701,1.96969696969697,-0.00778149053290707,0.891593994213628,0.899375484746535,0.521581798586357,0.521581798586357,1.14351672079702,0.00162477189497264,0.0976171286535872,0,0,0.909090909090909,0.773895877332881,6044.18181818182,4432.81818181818,61851.5454545455,7.36363636363636,33452.2727272727,22259.1818181818,198628.181818182,7.72727272727273,1667,1066,48473,8,3.17958680155872,0.943518824058935,0,0,0,"viral",2
"1098657927538200576",11,12,11,1,1,3,3,9,3,1,0.0909090909090909,3.66666666666667,4.61880215351701,1.96969696969697,-1.84126050589387,-1.25907413810098,0.58218636779289,-1.43666222784612,-1.43666222784612,0.325774448950555,0.01985401627241,0.0542927379045037,0,0,1,0.541136745887873,1289.18181818182,1137.18181818182,24516.6363636364,4.54545454545455,3647.27272727273,3625.72727272727,5627.54545454545,1.54545454545455,137,192,756,1,3.17958680155873,0.943518824058935,0,0,0,"viral",2
"1098658976126984192",5,6,5,1,1,1,1,5,3,5,1,5,0,1.66666666666667,-2.40992483069122,-2.40992483069122,0,-2.40992483069122,-2.40992483069122,2.64876180616266,0.0545153822168043,0.105629792693844,0,0,0,0.654814139578381,783.8,507.6,29811.8,8.2,839849,1581,150139,11,839849,1581,150139,11,2.23606797749979,0,0,0,0,"unclassified",NA
"1098661899573567489",6,7,6,1,1,1,1,6,3.5,6,1,6,0,1.71428571428571,-0.243029608634718,-0.243029608634718,0,-0.243029608634718,-0.243029608634718,2.55163897854938,0.10590959036136,0.0531855190756307,0,0,0.333333333333333,0.675337771192636,808.166666666667,1068.16666666667,10930,4.16666666666667,8065,6197,13659,8,8065,6197,13659,8,2.44948974278318,0,0,0,0,"unclassified",NA
"1098662893594267649",6,7,6,1,1,2,2,5,2.33333333333333,1,0.166666666666667,3,2.82842712474619,1.71428571428571,-4.24814711985014,-1.59361273007078,2.65453438977936,-1.59361273007078,-1.59361273007078,1.77135556669257,0.0091458007153548,0.0529781051021803,0,0,0,0.525161959153129,20684.5,1226.16666666667,91017,8.66666666666667,97318,2629.16666666667,20800.8333333333,10,2743,690,26745,10,2.44948974278318,0,0,0,0,"unclassified",NA
"1098666165168209920",23,24,23,1,1,2,2,20,8,20,0.869565217391304,5.75,9.5,2.14492753623188,-0.987116437152425,0.453993140239902,1.44110957739233,0.034818424964201,0.034818424964201,3.30961246196132,0.0391099539923369,0.0685660440061949,0.0301368339373889,0.693147180559945,0.130434782608696,0.512859767270928,229.95652173913,417.869565217391,6509.04347826087,6.39130434782609,6814.21739130435,307.826086956522,42395.6956521739,7.91304347826087,7823,333,48564,8,4.48961066885693,1,1,0.918365963048508,0.000000000000000271159911404558,"broadcast",1
"1098666207119634437",4,5,4,1,1,2,2,3,1.66666666666667,3,0.75,2,1.4142135623731,1.8,-2.31259727799626,-2.16407141439975,0.14852586359651,-2.31259727799626,-2.25318693255766,2.32513665996558,0.0416739260154623,0.118417540772051,0,0,0.75,0.443010240353207,3738.75,2146.5,74369.75,6,14041,9033.75,160964.5,9,15944,11369,208045,11,1.84775906502257,0.765366864730179,0,-0.765366864730179,-1.84775906502257,"unclassified",NA
"1098666710406758400",1,2,1,1,1,1,2,1,1,1,1,1,0,1,0.46513733127412,0.46513733127412,0,0.46513733127412,0.46513733127412,4.35670882668959,0.393712592084812,0.0473856209150327,0,0,1,0.256338028169014,654,619,6833,1,292,463,1632,0,292,463,1632,0,1,-1,0,0,0,"unclassified",NA
"1098668346197839872",5,6,5,1,1,3,3,3,1.5,3,0.6,1.66666666666667,1.15470053837925,2.13333333333333,-2.00143643400605,0.488693206165465,2.49012964017152,-2.00143643400605,0.384777273495899,1.94251382970333,0.146390148931482,0.118042467253242,0.277258872223978,1.38629436111989,0.6,0.466982929456538,1833.6,3021.2,245110.4,9.2,9922.6,2294.4,361140.4,10.2,14020,779,283260,10,1.90211303259031,1.17557050458495,0.000000000000000444089209849895,-0.00000000000000000000000000000000308148791101958,-1.17557050458495,"unclassified",NA
"1098669193438904320",5,6,5,1,1,3,3,3,1.5,3,0.6,1.66666666666667,1.15470053837925,2.13333333333333,-2.12885863845041,-1.01654619905831,1.1123124393921,-2.12885863845041,-1.07205021305124,2.02912982193722,0.339098439053982,0.0478677835540851,0.277258872223978,1.38629436111989,0.2,0.773617642328891,593.8,976.4,5466.4,1.8,154,630,2019.4,2.4,152,404,704,2,1.90211303259031,1.17557050458495,0,0,-1.17557050458495,"unclassified",NA
"1098670564997255169",8,9,8,1,1,5,5,2,1.5,2,0.25,1.6,0.547722557505166,2.77777777777778,-0.672831316201071,0.19334186170879,0.866173177909861,-0.410619093321353,0.136295652263664,1.48717140073179,0.564396323552735,0.0894566211586655,0.3106133312235,2.484906649788,0.375,0.968303193001914,303.25,323.625,203298.75,5.625,199.25,204.5,214709.625,4.625,9,45,9526,1,2.07431329305194,1.6180339887499,0.834999618124467,0.618033988749895,-0.00000000000000000000000000726209324396957,"unclassified",NA
"1098671080896643082",6,7,6,1,1,1,1,6,3.5,6,1,6,0,1.71428571428571,-0.650509072219039,-0.650509072219039,0,-0.650509072219039,-0.650509072219039,2.04152202249844,0.0352858634361419,0.121803290004697,0,0,0.666666666666667,0.68662973967086,1632.5,986.5,113338.333333333,6.66666666666667,9290,3939,195574,10,9290,3939,195574,10,2.44948974278318,0,0,0,0,"unclassified",NA
"1098671932348747782",4,5,4,1,1,1,1,4,2.5,4,1,4,0,1.6,-0.12352902778378,-0.12352902778378,0,-0.12352902778378,-0.12352902778378,2.29895892144332,0.0256172498932554,0.0777389335389069,0,0,0.5,0.712367333585499,624.5,535.5,11861.5,4.25,1512,1077,7920,4,1512,1077,7920,4,2,0,0,0,-2,"unclassified",NA
"1098673589077925894",5,6,5,1,1,1,1,5,3,5,1,5,0,1.66666666666667,-0.518905372509983,-0.518905372509983,0,-0.518905372509983,-0.518905372509983,2.94988737297795,0.0149345489557379,0.19400205243258,0,0,0,0.448409619674206,472.8,1017.8,16640.2,8.4,68796,1891,4735,9,68796,1891,4735,9,2.23606797749979,0,0,0,0,"unclassified",NA
"1098678349625507842",19,20,19,1,1,2,2,14,6.66666666666667,14,0.736842105263158,4.75,6.23832242407097,2.31578947368421,-1.32933314910861,0.710785056585059,2.04011820569367,0.647057177870547,0.658048579263866,1.4429272177215,0.0638701168768032,0.0591648758758295,0.10944429166736,2.07944154167983,0.105263157894737,0.682654633933829,1779.57894736842,965.842105263158,11119.0526315789,8.63157894736842,7914.05263157895,117.631578947368,7509.68421052632,10,5843,73,823,10,3.79631417606378,1.66062558859761,1,0.911219694207731,0.000000000000000888520534519993,"broadcast",1
"1098680404809314304",5,6,5,1,1,3,3,3,1.5,1,0.2,1.66666666666667,1.15470053837925,1.86666666666667,-4.24814711985014,-0.354780063747834,3.89336705610231,-1.17555368509141,-1.01139896082269,1.20805094225548,0,0.0390688623952599,0,0,1,0.70460574999932,11713.6,11158.6,31255,7,33467.2,31156.6,53579.6,5.2,2974,2200,78770,7,2.07431329305194,0.834999618124467,0,0,-0.834999618124466,"unclassified",NA
"1098681205929791491",8,9,8,1,1,4,4,3,1.8,2,0.25,1.6,0.894427190999916,2.55555555555556,-2.6729270100691,-0.0796324528313399,2.59329455723776,-0.183381371306084,-0.18248530403397,2.14713232382774,0.189499247040266,0.0834841162646563,0,0,0.625,0.594223433776864,1417.25,741.5,65579.5,4.75,2204.5,645.5,74305.25,4.5,4106,313,48141,3,2.20594611505109,1.33762630022021,1,0.586990305243765,0.000000000000000666133814688611,"unclassified",NA
"1098682061576118274",4,5,4,1,1,2,2,3,1.66666666666667,3,0.75,2,1.4142135623731,1.8,0.823374443664383,0.887719258129932,0.0643448144655491,0.823374443664383,0.849112369450603,0.922219863528484,0.0191536136505408,0.0494978672866175,0,0,0.75,0.6847229947198,206.5,248.25,10098.25,6.75,946.75,1733.5,30468.5,6.5,1148,2202,39323,6,1.84775906502257,0.765366864730179,0,-0.765366864730179,-1.84775906502257,"unclassified",NA
"1098683458287620096",16,17,16,1,1,2,2,10,5.66666666666667,10,0.625,2.66666666666667,3.61478445646026,2.48529411764706,-1.70809097735935,0.343589543730259,2.05168052108961,-1.43169235677806,-0.362691597591391,2.71021725764475,0.0810908118415516,0.139753887479925,0.15530666561175,2.484906649788,0.75,0.746424422251201,2337.25,2630.3125,75007.875,7.6875,9909.875,6962.5,152297.75,5.125,13536,9768,188148,4,3.26282093735519,1.35824831528675,1,0.999999999999998,0.999999999999998,"broadcast",1
"1098685446358470657",3,4,3,1,1,3,4,1,1,1,0.333333333333333,1,0,1.66666666666667,-1.63480708890165,0.870003589653006,2.50481067855466,0.867154543732383,0.868863971284757,1.71968509973817,0.0946153724237629,0.190076939777101,0.231049060186648,0.693147180559945,1,0.469685152728902,542.333333333333,578.666666666667,3289.66666666667,5.66666666666667,432.333333333333,486,3105.33333333333,5,224,210,881,5,1.6180339887499,0.618033988749895,-0.618033988749895,-1.61803398874989,0,"unclassified",NA
"1098686411060858880",3,4,3,1,1,1,1,3,2,3,1,3,0,1.5,-0.576580908414303,-0.576580908414303,0,-0.576580908414303,-0.576580908414303,0.828302216596,0.00207650965757693,0.0405467127130382,0,0,0,0.64494560678466,793,1293.33333333333,24954.3333333333,6.33333333333333,513,243,5522,6,513,243,5522,6,1.73205080756888,0,0,-1.73205080756888,0,"unclassified",NA
"1098688961193693184",12,13,12,1,1,1,1,12,6.5,12,1,12,0,1.84615384615385,-0.87356760972508,-0.87356760972508,0,-0.87356760972508,-0.87356760972508,3.71204145877487,0.0672372806197389,0.13973080531627,0,0,0,0.735010793041099,428.25,476.5,65234.5833333333,6.25,3910805,607,115699,12,3910805,607,115699,12,3.46410161513775,0,0,0,0,"broadcast",1
"1098689103804141568",24,25,24,1,1,1,1,24,12.5,24,1,24,0,1.92,0.00924052449909291,0.00924052449909291,0,0.00924052449909291,0.00924052449909291,2.76499157644699,0.00283217790637613,0.129885806895133,0,0,0,0.592267513078313,231.416666666667,275.083333333333,8711.79166666667,8.54166666666667,71768,119,2729,10,71768,119,2729,10,4.89897948556636,0,0,0,0,"broadcast",1
"1098689435154239491",10,11,10,1,1,3,3,6,2.75,2,0.2,2.5,2.38047614284762,2.25454545454545,-0.857314223886841,-0.163463175587499,0.693851048299342,-0.857314223886841,-0.507105842813516,2.02281384288915,0.0812104223892422,0.155368365899043,0.179175946922806,1.79175946922805,0.7,0.520590232478162,4015.2,2014.9,16657,7.1,17250.4,3974.9,40341,7.2,1605,2695,11673,7,2.73205080756888,1,1,0.732050807568877,0.0000000000000000138687481690495,"viral",2
"1098689892341698560",18,19,18,1,1,4,4,7,3.8,3,0.166666666666667,3.6,2.40831891575846,2.8187134502924,0.193742211124813,1.14316039095836,0.949418179833547,0.672292764715997,1.14316039095836,2.10410071661881,0.124324492695309,0.105453466296898,0.269557236884423,4.85203026391961,0.277777777777778,0.484074222587578,826.333333333333,784.777777777778,10035.8333333333,4.38888888888889,884.388888888889,427.666666666667,4565.83333333333,3.16666666666667,21,52,19,0,3.08742480919543,2.05179569382168,1.70463752132942,0.918842405264121,0.712658426978645,"viral",2
"1098691259701456896",27,28,27,1,1,9,9,8,2.8,1,0.037037037037037,1.58823529411765,0.618346942400842,4.57407407407407,-2.83024077868573,0.283536920139464,3.11377769882519,-0.236192322189415,-0.117067353431661,1.73034950900938,0.170941881588186,0.137259778946508,1.14841973490255,31.0073328423688,0.851851851851852,0.547708955310155,2098.81481481481,1507.33333333333,45741.4074074074,5.74074074074074,2935.88888888889,2141.40740740741,57858.9259259259,5.81481481481481,5230,2448,146277,5,2.53054506034041,2.14763291922147,1.90211303259031,1.7959047212497,1.62043816898479,"viral",2
"1098691700074205186",5,6,5,1,1,2,2,4,2,4,0.8,2.5,2.12132034355964,1.86666666666667,-3.10828412893327,-1.32696660243664,1.78131752649663,-3.10828412893327,-2.75202062363394,1.29229363527074,0.171048187117598,0.0755563077358848,0,0,0.2,0.732544177626267,2491.2,2685.8,76755.6,6.6,2728.4,2414.4,50305.2,9.4,1397,933,23333,10,2.07431329305194,0.834999618124467,0,0,-0.834999618124466,"unclassified",NA
"1098692396328529921",7,8,7,1,1,1,1,7,4,7,1,7,0,1.75,-1.01975681312735,-1.01975681312735,0,-1.01975681312735,-1.01975681312735,4.59756373946645,0.247021871286807,0.226352251458952,0,0,0,0.634587387387806,283.714285714286,582.714285714286,56256.8571428571,4.14285714285714,258253,513,77188,10,258253,513,77188,10,2.64575131106459,0,0,0,0,"unclassified",NA
"1098694975829684224",7,8,7,1,1,2,2,5,2.66666666666667,5,0.714285714285714,2.33333333333333,2.3094010767585,2.10714285714286,-1.84126050589387,-1.50322810772468,0.33803239816919,-1.84126050589387,-1.57548574835403,3.21613631255556,0.0539141357444148,0.0367084452984062,0,0,0.285714285714286,0.464568651841436,2139,1602,48750.7142857143,6.85714285714286,65097.7142857143,275.142857142857,111823.857142857,9.42857142857143,90093,73,119355,10,2.33441421833898,1,0.741963784302726,0.0000000000000000000000000000000493038065763132,0,"unclassified",NA
"1098696175404965889",12,17,12,5,5,4,5,6,3.4,6,0.5,1.2,0.421637021355784,1.84615384615385,-1.19935067041322,1.73446901740348,2.9338196878167,1.3948510059072,1.70281075426084,2.27755938269047,0.061422892189098,0.100095541658748,0.115524530093324,1.38629436111989,0.666666666666667,0.441876880520482,1664.33333333333,413.5,46237.6666666667,5.16666666666667,3022.41666666667,452.25,65050.75,4.5,4481,343,5417,1,1.90211303259031,1.6180339887499,1.4142135623731,1.17557050458495,1,"broadcast",1
"1098696561301835776",8,9,8,1,1,6,6,2,1.28571428571429,2,0.25,1.33333333333333,0.516397779494322,3.05555555555556,-1.7729699997358,0.576400978262859,2.34937097799866,-0.546125737526869,0.438155202157456,3.20138788263717,0.350116060519742,0.111087567441233,0.483900126363486,3.87120101090789,0.875,0.556004180393966,9068.625,1411,62584,8.25,15979,4189.625,60336.125,7.375,25624,12017,33730,5,2,1.61803398874989,1,0.618033988749896,-0.000000000000000222044605591485,"unclassified",NA
"1098696934573989889",6,7,6,1,1,1,1,6,3.5,6,1,6,0,1.71428571428571,-0.625797688911097,-0.625797688911097,0,-0.625797688911097,-0.625797688911097,4.20820750380918,0.537832412580425,0.0892903108118952,0,0,0,0.846743124864293,630.333333333333,837.833333333333,33741,4.83333333333333,492,141,4194,1,492,141,4194,1,2.44948974278318,0,0,0,0,"unclassified",NA
"1098698092185030661",15,16,15,1,1,3,3,10,4,10,0.666666666666667,2.5,3.67423461417477,2.50833333333333,-0.497903972495366,0.591623085222125,1.08952705771749,-0.318892766881016,-0.318892766881016,1.9354265498465,0.0268406537830542,0.0594131237902603,0.0924196240746593,1.38629436111989,0.266666666666667,0.377758700598915,1159.13333333333,1686.46666666667,24279.4,7.8,3712.86666666667,1051,65799.4,9.26666666666667,4546,727,87718,10,3.23054940537742,1.38278825132857,1,0.999999999999999,0.807122785828312,"broadcast",1
"1098698243217809411",21,22,21,1,1,2,2,16,7.33333333333333,16,0.761904761904762,3.5,6.12372435695795,2.32034632034632,-1.09675323131153,0.602057365128377,1.69881059643991,-1.09675323131153,-1.09154320035548,1.93339331313322,0.0392578542367227,0.195739368956811,0.0990210257942781,2.07944154167984,0.904761904761905,0.790842828163341,1100.2380952381,1777.71428571429,32775.3333333333,6.14285714285714,3520.2380952381,3885.38095238095,19818.1428571429,2.42857142857143,4072,4367,7430,1,4.04057395938365,1,1,1,1,"broadcast",1
"1098699031725965314",5,6,5,1,1,3,3,3,1.5,3,0.6,1.66666666666667,1.15470053837925,2.13333333333333,-0.0313746729344714,0.326063341322291,0.357438014256762,-0.0313746729344714,0.0511153618095646,2.54603712008459,0.0123347353910205,0.132041076759983,0,0,0.8,0.432705330491805,934.2,456,14542.6,6.2,1214.4,400.2,28762.2,7.4,1166,359,40607,8,1.90211303259031,1.17557050458495,0.000000000000000444089209849895,-0.00000000000000000000000000000000308148791101958,-1.17557050458495,"unclassified",NA
"1098699379848941568",11,12,11,1,1,1,1,11,6,11,1,11,0,1.83333333333333,0.35139885850101,0.35139885850101,0,0.35139885850101,0.35139885850101,1.37568940454929,0.00607415259137123,0.0609049024769662,0,0,0,0.570350306534028,628,582.272727272727,10476.8181818182,4.54545454545455,1344,565,3684,1,1344,565,3684,1,3.3166247903554,0,0,0,0,"broadcast",1
"1098700139022053376",3,5,3,2,2,2,3,2,1.66666666666667,2,0.666666666666667,1,0,1.25,-0.968375789069669,-0.518230096939066,0.450145692130603,-0.781184391290278,-0.623411814679551,2.22485379727148,0.045322440728446,0.0877813781043536,0,0,1,0.42926577350579,1769,1371.33333333333,28901.3333333333,4,3079,2868.33333333333,39665.6666666667,3.33333333333333,3631,4885,11094,0,1.4142135623731,1,-0.0000000000000000806646416329215,-1,-1.4142135623731,"unclassified",NA
"1098703305721696262",77,78,77,1,1,4,4,59,15.6,59,0.766233766233766,7,17.3723918905832,2.61904761904762,-1.10930830968615,1.00715715478656,2.11646546447271,0.610355934561374,0.610355934561374,1.27044825288119,0.0345452882297876,0.0240741963896636,0.0412734263681551,3.17805383034794,0.194805194805195,0.629947078087042,2542.48051948052,2635.28571428571,44821.9350649351,6.20779220779221,14604.012987013,7094.07792207792,90117.4415584416,3.22077922077922,9745,66,9718,2,7.69143039459567,3.01724380095561,1.40296340916658,1.00000000000001,1.00000000000001,"broadcast",1
"1098703427339776001",12,13,12,1,1,1,1,12,6.5,12,1,12,0,1.84615384615385,-0.350219444270707,-0.350219444270707,0,-0.350219444270707,-0.350219444270707,3.1611601708877,0.0956474545450747,0.171275828545202,0,0,0,0.778318073387196,512.75,510.916666666667,60256.6666666667,5.16666666666667,851333,342,54988,9,851333,342,54988,9,3.46410161513775,0,0,0,0,"broadcast",1
"1098704329136132099",11,12,11,1,1,5,5,7,2,1,0.0909090909090909,2.2,2.68328157299975,2.53030303030303,-0.4383569280888,1.18019896759707,1.61855589568587,0.549487454158162,1.15122830010957,3.17343465978187,0.118650749086004,0.118249565490818,0.0630133800509041,0.693147180559945,0.272727272727273,0.614519488465819,11687.1818181818,754.363636363636,49009.2727272727,5.72727272727273,52509.6363636364,384.090909090909,164583.545454545,4.90909090909091,57,883,202,2,2.85761034469722,1.57789920657227,0.586768448178689,0.000000000000000455483225410917,0.0000000000000000000000000000000138223455981647,"viral",2
"1098704840836960259",6,7,6,1,1,6,6,1,1,1,0.166666666666667,1,0,2.66666666666667,-4.24814711985014,0.0757781451295985,4.32392526497974,-2.39010718222008,-0.220483101942428,4.42301967431665,0.62739491321848,0.0401502345167361,0.730337772445647,4.38202663467388,1,0.857362663885286,1491.5,1429.33333333333,27844.5,6.33333333333333,1257.83333333333,1248.66666666667,22981.3333333333,6.5,653,606,13834,6,1.84775906502257,1.41421356237309,0.76536686473018,-0.000000000000000759959928914717,-0.765366864730179,"unclassified",NA
"1098705121855197184",5,6,5,1,1,2,2,4,2,4,0.8,2.5,2.12132034355964,1.86666666666667,0.312111574374752,0.50356662550582,0.191455051131068,0.312111574374752,0.350402584600966,1.54848040436316,0.0184331331644395,0.0911511669208454,0,0,0.6,0.637207240431715,408.6,426.8,7397.4,4,460.4,404,11716.4,7.4,483,396,13760,9,2.07431329305194,0.834999618124466,0,0,-0.834999618124466,"unclassified",NA
"1098706715711811584",25,26,25,1,1,4,4,11,5.2,11,0.44,2.5,3.06412938514171,3.10769230769231,-0.0431032730768566,1.47312774042379,1.51623101350065,0.415130582514091,0.919259406210437,1.29700503482192,0.0119154853040797,0.0852186898397232,0.09939626599152,2.484906649788,0.96,0.608046799264669,604.76,388.32,14480.08,5.48,777.24,542.8,18711.68,6.4,413,516,4820,6,3.47088466002514,2.03181544470356,1.4142135623731,1.36302550790411,1.28383183610139,"viral",2
"1098707097359929345",2,3,2,1,1,1,2,2,1.5,2,1,2,0,1.33333333333333,-0.656581249996731,-0.656581249996731,0,-0.656581249996731,-0.656581249996731,0,0.000530514981997345,0.0586821376168044,0,0,1,0.741411416637661,1057,328,39409.5,5,692,556,21851,3,692,556,21851,3,1.4142135623731,0,-1.4142135623731,0,0,"unclassified",NA
"1098707760072609792",3,4,3,1,1,1,1,3,2,3,1,3,0,1.5,-2.14966034611883,-2.14966034611883,0,-2.14966034611883,-2.14966034611883,1.42555537300535,0.00329586060476515,0.379959546547722,0,0,1,0.682626121212575,5679,6034,138385.333333333,6.33333333333333,42379,41515,49775,5,42379,41515,49775,5,1.73205080756888,0,0,-1.73205080756888,0,"unclassified",NA
"1098708095629492225",8,9,8,1,1,2,2,6,3,6,0.75,2.66666666666667,2.88675134594813,2.11111111111111,-0.10834241178169,1.10798609057512,1.21632850235681,-0.10834241178169,0.48716322808404,1.63618869406666,0.00830567244625716,0.0516668649263424,0,0,0.125,0.638301436998097,409.25,992.875,11092.75,7,13663,44.5,1017.25,5.875,18197,25,1252,6,2.52433779896214,1,0.792286991393261,0.000000000000000222194892645511,0.0000000000000000266745421038839,"unclassified",NA
"1098710972913668097",4,5,4,1,1,1,1,4,2.5,4,1,4,0,1.6,0.446393889340973,0.446393889340973,0,0.446393889340973,0.446393889340973,2.64082118835363,0.0332075315584069,0.0429893082112952,0,0,0,0.915664508528514,719.25,1285.5,53633,4.75,30713,171,8852,4,30713,171,8852,4,2,0,0,0,-2,"unclassified",NA
"1098711161644769280",4,5,4,1,1,1,1,4,2.5,4,1,4,0,1.6,1.55245214640044,1.55245214640044,0,1.55245214640044,1.55245214640044,1.45723640440255,0.0251233664172233,0.0964407367761232,0,0,0.25,0.743949617906103,391.5,757.25,13071.25,4,2883,350,1220,7,2883,350,1220,7,2,0,0,0,-2,"unclassified",NA
"1098711463638626305",5,6,5,1,1,2,2,3,2,3,0.6,2.5,0.707106781186548,1.93333333333333,-1.78455697798475,-0.629136923421257,1.15542005456349,-1.78455697798475,-0.629136923421257,2.11585701895219,0.041960968090534,0.143849840005234,0,0,0,0.519491495248686,5877.6,683.8,5384.6,6.8,68545,1080.4,46333,7.6,95537,1178,74025,8,2,1,0,-0.000000000000000111022302462532,-1,"unclassified",NA
"1098712847759085571",1,2,1,1,1,1,2,1,1,1,1,1,0,1,0.333858332125246,0.333858332125246,0,0.333858332125246,0.333858332125246,1.38629436111989,0.150537140462432,0.357142857142857,0,0,0,0.325,25,35,40,5,729,57,1400,5,729,57,1400,5,1,-1,0,0,0,"unclassified",NA
"1098714609366822912",4,5,4,1,1,2,2,3,1.66666666666667,3,0.75,2,1.4142135623731,1.8,1.21582900950936,1.3327850638495,0.11695605434014,1.3327850638495,1.3327850638495,1.87388548597107,0.215351116297402,0.321024160090371,0,0,1,0.166732869549515,288.25,229.25,909,2.5,1037,2312.25,2736.5,4.25,1239,2942,2902,4,1.84775906502257,0.76536686473018,-0.000000000000000222044604925031,-0.76536686473018,-1.84775906502257,"unclassified",NA
"1098714965870022656",2,4,2,2,2,1,2,2,2,2,1,1,0,1,-0.591218665519881,0.0249725447629828,0.616191210282864,-0.283123060378449,-0.0982656972935899,3.77925837152282,0.0614721241342681,0.0508617010511125,0,0,0.5,0.598220041644188,856,1041.5,150124,6.5,546.5,880.5,66552.5,6.5,708,935,52492,5,1,1,-1,-1,0,"unclassified",NA
"1098717096597434371",5,6,5,1,1,1,1,5,3,5,1,5,0,1.66666666666667,0.0216777178048989,0.0216777178048989,0,0.0216777178048989,0.0216777178048989,3.32594778806893,0.0403862517584639,0.0128497763910786,0,0,0,0.806038822556858,195.6,686.8,13751.4,4.4,7749,319,7061,8,7749,319,7061,8,2.23606797749979,0,0,0,0,"unclassified",NA
"1098717197256527877",2,3,2,1,1,2,2,1,1,1,0.5,1,0,1.33333333333333,-0.372212064702126,1.13271308696421,1.50492515166634,0.380250511131042,0.831728056630943,2.484906649788,0.880518515307412,0.0709658447617327,0,0,0.5,0.413421456331149,5339.5,710.5,5537,2,6543.5,660,19744,5,8447,824,35435,8,1.4142135623731,-0.0000000000000000806646416329215,-1.4142135623731,0,0,"unclassified",NA
"1098721781647638530",5,6,5,1,1,1,1,5,3,5,1,5,0,1.66666666666667,0.177922898232266,0.177922898232266,0,0.177922898232266,0.177922898232266,5.84516555230053,0.00153849776175045,0.0809971340013338,0,0,0,0.81319554302225,117.2,385.6,5255.2,4,24932,73,31343,4,24932,73,31343,4,2.23606797749979,0,0,0,0,"unclassified",NA
"1098722259777306624",4,5,4,1,1,1,1,4,2.5,4,1,4,0,1.6,-1.31839224788547,-1.31839224788547,0,-1.31839224788547,-1.31839224788547,1.57838701156928,0.016219400907132,0.170158704395247,0,0,1,0.921296213156308,4141,5705.25,205609,5,25422,26425,7808,8,25422,26425,7808,8,2,0,0,0,-2,"unclassified",NA
"1098727037089472512",10,11,10,1,1,2,2,9,3.66666666666667,1,0.1,5,5.65685424949238,1.81818181818182,-1.33091765711756,-0.824856683456531,0.506060973661029,-1.33091765711756,-1.33091765711756,2.23755038948694,0.122059836824682,0.0151166271062181,0,0,0.5,0.760423693051257,2205,1569.4,37946.9,5,7055.9,4381.6,38169.4,6.6,2762,643,56020,3,3.16227766016838,0.0000000000000000481961633008223,0,0,0,"viral",2
"1098727599134728192",29,30,29,1,1,2,2,16,10,13,0.448275862068966,14.5,2.12132034355964,2.37471264367816,-1.57297740922974,-0.51641180276686,1.05656560646288,-0.51641180276686,-0.51641180276686,2.5798726403506,0.0269476527242104,0.279467680216168,0.0239016269158602,0.693147180559945,0.0689655172413793,0.834758491788809,46237.7586206897,2057.34482758621,111627.344827586,7,855150.482758621,5085.44827586207,96939.8965517241,10,321556,2158,130477,10,4.33266683148598,3.19812415758695,0.000000000000000888178419700125,0.0000000000000000000000000000000965030269809906,0.0000000000000000000000000000000453868705713429,"broadcast",1
"1098727905302118400",3,4,3,1,1,2,2,2,1.33333333333333,1,0.333333333333333,1.5,0.707106781186548,1.5,-1.53244788123221,-0.433619147444096,1.09882873378811,-0.433619147444096,-0.433619147444096,1.01484081257447,0.263653361566742,0.171631612002947,0,0,0.666666666666667,0.900407221073658,3507,2956,103674,6.66666666666667,6282.66666666667,3388.33333333333,157692.666666667,10,12078,6075,262324,10,1.73205080756888,0,-0.0000000000000000574480908394238,-1.73205080756888,0,"unclassified",NA
"1098729037776719873",4,5,4,1,1,4,4,1,1,1,0.25,1,0,2,0.615040393308663,0.935233562791903,0.32019316948324,0.930658010155414,0.932536394438691,3.10289031540142,0.459666882998304,0.262232727618666,0.447939867307014,1.79175946922805,1,0.799701557127534,12615.25,10710,452180.75,7.5,11342,11022.75,325432.75,5.75,12333,12289,376350,4,1.73205080756888,0.999999999999999,-0.000000000000000225514051876985,-0.999999999999999,-1.73205080756888,"unclassified",NA
"1098729687910703104",13,14,13,1,1,1,1,13,7,13,1,13,0,1.85714285714286,0.0893813417240393,0.0893813417240393,0,0.0893813417240393,0.0893813417240393,3.13363830773642,0.20861402973763,0.0913943631169062,0,0,0,0.746562393974459,365.692307692308,510.384615384615,24567.1538461538,5.76923076923077,17295,354,9794,10,17295,354,9794,10,3.60555127546399,0,0,0,0,"broadcast",1
"1098730115708710913",16,17,16,1,1,5,5,6,2.83333333333333,6,0.375,2.28571428571429,1.79947082168487,3.38235294117647,-1.11920544900106,1.67396300681889,2.79316845581995,0.918126497231304,1.37760441557433,1.70453226831674,0.125715322246346,0.0764828498242803,0.15530666561175,2.484906649788,0.625,0.714761560363194,3599.3125,2992.5,101720.3125,4.3125,4494.0625,3425,55374.75,4.875,387,440,3293,7,2.67461636984879,2.02542015764534,1.53058934215719,1.17639872759365,0.839005766964413,"viral",2
"1098731097167323137",1,2,1,1,1,1,2,1,1,1,1,1,0,1,0.0182333497112507,0.0182333497112507,0,0.0182333497112507,0.0182333497112507,0,0.0243737874367177,0.0535714285714286,0,0,1,0.42312789927104,343,280,15806,1,369,319,2076,1,369,319,2076,1,1,-1,0,0,0,"unclassified",NA
"1098731353036804096",24,25,24,1,1,7,7,5,3.125,5,0.208333333333333,2.4,1.50554530541816,4.32666666666667,-1.26729014184018,0.970776341877203,2.23806648371738,-0.151209291516911,0.620343380337175,1.36455812789541,0.0227447604700882,0.129561115802808,0.613629930913918,14.727118341934,0.541666666666667,0.365803929969976,2697.20833333333,1293.70833333333,51989.6666666667,8.04166666666667,4295.25,1637.45833333333,25958.625,9.5,3477,2016,46720,12,2.6150713818201,2.45217358736207,2.18946138292048,1.51993715436835,1.27932941286183,"viral",2
"1098732196108664839",54,56,54,2,2,9,9,15,5.6,15,0.277777777777778,1.86206896551724,2.4600252311574,5.84287709497207,-1.27285038703955,1.60680407323335,2.8796544602729,0.610338644910364,1.05926095017442,0.884922588951888,0.0194926111757828,0.0914756602349332,0.130541756319553,7.04925484125583,0.703703703703704,0.664317470261467,1064.88888888889,889.5,25694.5,4.75925925925926,1065.35185185185,1062.64814814815,27269.4074074074,4.88888888888889,73,289,591,5,3.87074566597245,2.20889663923613,2.15692654512381,2.05708743019307,1.94891174040397,"viral",2
"1098733118838628352",1,2,1,1,1,1,1,1,1,1,1,1,0,1,0.343620470048321,0.343620470048321,0,0.343620470048321,0.343620470048321,1.38629436111989,0.0689884324970944,0.178571428571429,0,0,0,0.982758620689655,199,336,9343,5,4279,891,11698,1,4279,891,11698,1,1,-1,0,0,0,"unclassified",NA
"1098733253039661060",10,11,10,1,1,2,2,5,3.66666666666667,5,0.5,5,0,2.18181818181818,-0.705439079557387,-0.0221298091898273,0.68330927036756,-0.363784444373607,-0.0221298091898273,3.4602519194746,0.162353285198048,0.414158514971262,0.138629436111989,1.38629436111989,0.3,0.51826963148714,1352.7,522.9,3552.6,6,7223,289.5,2940,7,6017,492,3322,7,2.68999404785583,1.66250775110981,0,0,0,"broadcast",1
"1098738063914778624",5,6,5,1,1,1,1,5,3,5,1,5,0,1.66666666666667,-0.196978799980594,-0.196978799980594,0,-0.196978799980594,-0.196978799980594,4.15919637616346,0.186685839160245,0.127944829496129,0,0,0,0.825413296884922,116.8,117.2,9514.6,4,13585153,526,122585,9,13585153,526,122585,9,2.23606797749979,0,0,0,0,"unclassified",NA
"1098738558838493186",82,83,82,1,1,6,6,51,11.8571428571429,51,0.621951219512195,4.31578947368421,11.3776224404601,3.1625036732295,-1.72839956851638,1.00040080501899,2.72880037353537,0.231925397609267,0.539582327276814,1.66387305182404,0.0430262154418366,0.0568740823337518,0.163136483231525,13.377191624985,0.158536585365854,0.633371598314366,1449.31707317073,1465.51219512195,31589.4268292683,6.29268292682927,10407.5975609756,609.378048780488,30459.1585365854,8.4390243902439,14777,89,18944,10,7.17074374735273,2.27046629551326,2.15658087821349,2.09395366684385,1.88541864825067,"broadcast",1
"1098738722416279552",5,6,5,1,1,1,1,5,3,5,1,5,0,1.66666666666667,0.482756856601924,0.482756856601924,0,0.482756856601924,0.482756856601924,2.42900958873848,0.0202029917792438,0.000938211058216761,0,0,0,0.852010540316248,171.4,1512.2,1564,3.4,51,0,342,3,51,0,342,3,2.23606797749979,0,0,0,0,"unclassified",NA
"1098738722432987136",10,11,10,1,1,2,2,8,3.66666666666667,8,0.8,5,4.24264068711928,2.07272727272727,-1.57839003382775,-0.576657546057533,1.00173248777022,-1.57839003382775,-1.37804353627371,2.17968381374962,0.0302445460378714,0.0967535030363572,0,0,0.1,0.801152865429715,6030.8,6043.5,85136.7,7.8,43612.8,1518.2,36608.8,9.6,52881,932,24126,10,2.88385588931822,1.29744950177053,0.000000000000000444089209850063,0.0000000000000000000000000000000493038065763132,0.0000000000000000000000000000000187370769654938,"broadcast",1
"1098741645850411011",7,9,7,2,2,4,5,4,1.8,4,0.571428571428571,1.4,0.894427190999916,2.40909090909091,-0.995061383686511,0.82550660873285,1.82056799241936,-0.919901380137255,0.662318508054684,1.37884921810003,0.462838696751812,0.0586056632515055,0.255965638461151,1.79175946922805,0.714285714285714,0.595873831361558,644.285714285714,484.714285714286,72136.4285714286,3.42857142857143,1238.14285714286,674.285714285714,84442.1428571429,2.42857142857143,1623,507,97057,7,1.93185165257814,1.41421356237309,0.999999999999999,0.517638090205042,0.000000000000000222044604925031,"unclassified",NA
"1098741985584701441",71,72,71,1,1,3,3,46,18,46,0.647887323943662,5.91666666666667,13.0833574599276,2.68622848200313,-1.66502798953559,1.17611069119919,2.84113868073478,-1.30320163423471,-0.166524825039705,2.14603356821947,0.159402424917297,0.0728886547128856,0.141478691757885,10.0449871148098,0.140845070422535,0.765543632457676,1644.81690140845,1860.30985915493,75295.5774647887,5.36619718309859,6021.07042253521,2650.76056338028,32285.2957746479,4.32394366197183,5792,3276,2808,4,6.82090540907151,3.61405576293156,1.65404259682342,1.40681806876383,1,"broadcast",1
"1098742316943241217",8,9,8,1,1,1,1,8,4.5,8,1,8,0,1.77777777777778,-1.28813636424961,-1.28813636424961,0,-1.28813636424961,-1.28813636424961,3.91211913383199,0.097899333316354,0.109981795696317,0,0,0,0.633203107267562,8167.625,7310.625,8887.25,4.125,82422,56,16720,3,82422,56,16720,3,2.82842712474619,0,0,0,0,"unclassified",NA
"1098742446966665222",28,29,28,1,1,4,4,18,5.8,4,0.142857142857143,3.5,5.55492059863531,2.80788177339901,-0.716740571091184,1.03598113474966,1.75272170584084,0.149956291221925,0.357659965753334,2.84656990119899,0.15575579477258,0.0655180988588508,0.0990210257942779,2.77258872223978,0.321428571428571,0.811327855595945,2248.03571428571,1290.25,43869.9285714286,5.57142857142857,11237.6785714286,890.392857142857,92375.3214285714,7.75,287,166,536,5,4.28803177365489,1.86602369178218,1.68558278137223,1.16599934920508,1,"viral",2
"1098743868831367168",13,14,13,1,1,4,4,5,2.8,5,0.384615384615385,3.25,1.70782512765993,2.94505494505495,-0.349751845236858,0.680454982898014,1.03020682813487,0.269674823064087,0.680454982898014,2.46302182252397,0.395218180086464,0.221408545004754,0.191146665368308,2.484906649788,0.461538461538462,0.717812459763586,1276.38461538462,1317.38461538462,62983.7692307692,6.69230769230769,3244.46153846154,1464.38461538462,58064.9230769231,7.61538461538461,3944,1347,15422,8,2.52811834782925,2.18468889268685,1.35489928095774,0.000000000000000888178419700125,0.0000000000000000000000000000000771317688215947,"viral",2
"1098744690902515712",7,8,7,1,1,2,2,5,2.66666666666667,5,0.714285714285714,3.5,2.12132034355964,2.03571428571429,0.351712939042198,0.621621647526992,0.269908708484794,0.351712939042198,0.567639905830033,3.41106070287496,0.0912447751459584,0.139461832921625,0.0990210257942779,0.693147180559945,0.142857142857143,0.472290293245501,337.571428571429,424.285714285714,1855.57142857143,5.85714285714286,1293.14285714286,139.285714285714,4492.28571428571,6.28571428571429,1444,127,5174,6,2.35829447118226,1.19935282014559,0.000000000000000000000000000000000000000000000000725733139592559,-0.0000000000000000000000000000000000000000000000000000000000000000094955677457598,-0.000000000000000000000000000000000000000000000000725733139592559,"unclassified",NA
"1098745089386524673",17,18,17,1,1,3,3,8,4.5,8,0.470588235294118,3.4,3.36154726279432,2.66013071895425,-0.916995047632613,0.0385219768372876,0.955517024469901,-0.580119559565906,-0.436038326208319,1.60743656222965,0.0801377806978005,0.0859038134389308,0.0815467271246994,1.38629436111989,0.294117647058824,0.624453254157726,569.294117647059,884.470588235294,11334.0588235294,3.88235294117647,5715.11764705882,812.117647058824,19316.0588235294,6.17647058823529,8189,558,24750,11,3.13279496318889,2.13226367084747,1.3533006509478,0.898679422679,0.00000000000000050823373431421,"broadcast",1
"1098745630447583232",5,6,5,1,1,5,5,1,1,1,0.2,1,0,2.33333333333333,-4.24814711985014,0.921215535740904,5.16936265559104,-0.179495582610311,0.62952720373607,2.5821239202082,0.26462064415807,0.187423188938386,0.578074351579233,2.89037175789616,0.8,0.86618565214105,8976.4,6189,120512.6,6.4,9601.2,6220.6,148876.8,6,4944,5057,147993,3,1.80193773580484,1.24697960371747,0.445041867912629,-0.445041867912629,-1.24697960371747,"unclassified",NA
"1098746360235323392",5,6,5,1,1,1,1,5,3,5,1,5,0,1.66666666666667,-0.525713372398892,-0.525713372398892,0,-0.525713372398892,-0.525713372398892,2.84941287536696,0.0319862338647796,0.0484444832166325,0,0,0.8,0.811155946197281,2995,3140,156791,6.4,2453,5001,20693,10,2453,5001,20693,10,2.23606797749979,0,0,0,0,"unclassified",NA
"1098747509491433472",7,8,7,1,1,2,2,5,2.66666666666667,5,0.714285714285714,2.33333333333333,2.3094010767585,2.10714285714286,-0.16740334850588,0.28063701084203,0.44804035934791,-0.16740334850588,0.0145367186660779,1.60777339568832,0.0239042459884851,0.21263871827661,0,0,0.428571428571429,0.577338087713493,296.428571428571,259.428571428571,6404.71428571429,4.57142857142857,766.285714285714,413.857142857143,7762.14285714286,4.28571428571429,894,423,8769,4,2.33441421833898,1,0.741963784302726,0.0000000000000000000000000000000493038065763132,0,"unclassified",NA
"1098747715003924480",12,13,12,1,1,9,9,2,1.3,2,0.166666666666667,1.33333333333333,0.5,4.07692307692308,-0.97746674480384,1.08686161646859,2.06432836127243,-0.0116341057446837,0.554454423250959,2.59887145111414,0.194748187546326,0.384422663415904,0.985083185589145,11.8209982270697,1,0.873042728368441,984.666666666667,1239.41666666667,46356.0833333333,4.25,1040,1215,49878.3333333333,2.41666666666667,485,520,49862,2,2.12469243921038,1.82387899525677,1.46798955617143,1.12783045440555,0.691438821013434,"viral",2
"1098749996705435648",28,29,28,1,1,21,21,3,1.31818181818182,1,0.0357142857142857,1.21739130434783,0.518434859512082,8.23152709359606,-2.4356538886505,1.39420442507109,3.82985831372159,0.860873964090778,1.2861486989043,2.2760417554757,0.935177938042681,0.0935535800956805,2.22258433325414,62.2323613311158,0.785714285714286,0.929929991416441,13090.0714285714,10314.8214285714,36669.8928571429,5.57142857142857,13440.2857142857,10728.6785714286,38489.25,5.92857142857143,4723,4488,42945,7,2.32996086354048,2.05389759272922,1.90051050814307,1.78444019363312,1.69746287720457,"viral",2
"1098754413311729665",13,14,13,1,1,2,2,8,4.66666666666667,5,0.384615384615385,6.5,2.12132034355964,2.20879120879121,-0.150962194579778,-0.104164503992948,0.04679769058683,-0.104164503992948,-0.104164503992948,3.75042429739318,0.785023773570072,0.134119807981308,0,0,0.0769230769230769,0.760783967751551,116.769230769231,242.923076923077,15351.5384615385,4.15384615384615,155.692307692308,152.461538461538,20187.6153846154,4.84615384615385,72,366,6563,11,3.11473307342964,1.81616020253819,0.00000000000000000000000000000000860816196751136,0.00000000000000000000000000000000000000000000000198750205641945,0.0000000000000000000000000000000000000000000000000000000000000000000000000000000279905697068631,"broadcast",1
"1098754870516088837",8,9,8,1,1,5,5,3,1.5,1,0.125,1.33333333333333,0.516397779494322,2.66666666666667,0.516079887094386,0.859679196258175,0.343599309163789,0.571330936378339,0.659241805070964,2.040100987175,0.0239460173813643,0.153769032783184,0.259930192709979,2.07944154167983,0.875,0.682051363115859,1178.375,904.875,37387.125,5.875,1305,994.25,57349.125,6.625,1119,606,59250,6,2.11916578288746,1.41421356237309,1.15904252249557,0.407132430157656,0.000000000000000293418570303036,"unclassified",NA
"1098755600287068161",10,11,10,1,1,7,7,2,1.375,1,0.1,1.42857142857143,0.534522483824849,3.12727272727273,-1.68177125739524,1.10227908054576,2.784050337941,-0.616759101015985,0.0765329486903669,3.20389729788665,0.903652783720008,0.193063991492103,0.727239839257005,7.27239839257004,0.7,0.783184058617521,1569.6,719.6,25840.4,5.2,2635.4,821,39160.4,5.3,12,107,27,0,2.16025746168523,1.77862058048572,1.16863237144403,0.717909186791119,0.537309324169918,"viral",2
"1098757865211338752",13,14,13,1,1,8,8,3,1.55555555555556,2,0.153846153846154,1.44444444444444,0.52704627669473,3.94505494505495,-0.0439663299871144,1.42329413926866,1.46726046925577,0.289711490282525,0.642882076839482,0.828532624476367,0.0281509578397959,0.128973740833456,0.421587609487845,5.48063892334199,0.692307692307692,0.625944420569721,2101.23076923077,1408.53846153846,59385.3076923077,5.61538461538461,1872.30769230769,1207.84615384615,51661.5384615385,5.30769230769231,981,563,8136,5,2.16849586614362,1.93856568598498,1.44209470042677,1.17978099111082,0.750301674073233,"viral",2
"1098758464996814849",6,7,6,1,1,3,3,3,1.75,3,0.5,2,1,2.19047619047619,-1.12626273608461,1.0225235174465,2.14878625353111,-0.57612135124197,-0.57612135124197,3.04860701682333,0.128573375135109,0.0423421957655131,0.115524530093324,0.693147180559945,0.833333333333333,0.703936334079292,1022,1497,12319.5,3.83333333333333,1199,1112,6859.83333333333,5.33333333333333,1094,529,12752,10,2.05288084003372,1.20864019757292,0.5699729199123,-0.00000000000000044408920985325,-0.5699729199123,"unclassified",NA
"1098758767003533314",11,12,11,1,1,4,4,7,2.4,7,0.636363636363636,2.2,2.68328157299975,2.66666666666667,0.0375587119195189,1.12572108780464,1.08816237588512,0.0375587119195189,0.417926934445617,1.78533988048752,0.237313154404324,0.135471270841629,0,0,0.272727272727273,0.939293390283643,431.363636363636,623.454545454545,74277,2.09090909090909,397.363636363636,617.090909090909,56029.0909090909,2.09090909090909,45,7,7564,1,2.71109962944201,1.57547601396405,0.917889537366366,0.570344567657732,0.0000000000000000884180413869723,"broadcast",1
"1098760029484867584",9,10,9,1,1,3,3,5,2.5,5,0.555555555555556,2.25,1.89296944860009,2.44444444444444,-2.21023807032682,0.382395084857337,2.59263315518416,-1.2742510434331,0.0254059466741592,2.67471406381341,0.0860078324619074,0.0197482335054848,0,0,0.333333333333333,0.732237470825502,251,1051.66666666667,70979.5555555556,4.55555555555556,3088.33333333333,667.555555555556,204701.666666667,5.77777777777778,5118,682,265137,5,2.41221980926821,1.45709658023561,0.849406994261622,0.580149037523285,0.000000000000000444089209850063,"broadcast",1
"1098765637273427970",6,7,6,1,1,2,2,5,2.33333333333333,5,0.833333333333333,3,2.82842712474619,1.9047619047619,0.393586996483445,0.404042691344544,0.010455694861099,0.404042691344544,0.404042691344544,2.9677475111147,0.186065615428049,0.00834737440158513,0,0,0,0.795090635435096,875.833333333333,1124.5,46106,5.83333333333333,1513.83333333333,271.333333333333,15692.8333333333,1.16666666666667,1488,56,2125,0,2.28824561127074,0.874032048897642,0,0,0,"unclassified",NA
"1098767138830106624",13,17,13,4,4,3,4,5,4.25,5,0.384615384615385,1.625,0.744023809142845,2,0.0421163113622218,1.0484102370294,1.00629392566718,0.772427763171269,0.892431282263549,0.971169534184781,0.383910964428715,0.098808139080947,0.509849336629195,6.62804137617953,0.692307692307692,0.689499910693363,715.153846153846,886.923076923077,29682.1538461538,3.69230769230769,525.230769230769,834.923076923077,26411,3.84615384615385,332,433,7442,1,2.17532774716108,1.90211303259031,1.17557050458495,1.12603250061049,1,"viral",2
"1098769886107578368",80,81,80,1,1,2,2,79,27,79,0.9875,40,55.1543289325507,1.99938271604938,-0.936727750761361,0.523521929310557,1.46024968007192,0.523521929310557,0.523521929310557,2.17542102165324,0.0265684177462675,0.169263010611921,0,0,0.0125,0.659363927515045,263.8125,440.1875,11360.675,5.2375,818182.4875,405.6,13193.7875,7.9375,828539,406,13354,8,8.88891547975692,0.993570125224024,0.00000000000000533484561684254,0.00000000000000383840321849365,0.00000000000000277208871051582,"broadcast",1
"1098773094729166849",10,11,10,1,1,2,2,9,3.66666666666667,9,0.9,5,5.65685424949238,1.96363636363636,-0.181110662838321,0.774334330586269,0.95544499342459,-0.181110662838321,-0.181110662838321,1.87676322804089,0.0269821861803884,0.0517000948001624,0,0,0.6,0.687155033113216,772.6,565.1,29217.4,5.5,2622.2,963.5,73341.2,7.6,2857,1030,77992,8,3.02044791804422,0.936426384924272,0.00000000000000000000000000000000000000000000000328429327576128,0.000000000000000000000000000000000000000000000000000000000000000538018548951327,0.0000000000000000000000000000000000000000000000000000000000000000000000000000000937008729539389,"broadcast",1
"1098773677749850112",5,6,5,1,1,1,1,5,3,5,1,5,0,1.66666666666667,-1.2583960675969,-1.2583960675969,0,-1.2583960675969,-1.2583960675969,1.88733576283738,0.749416392323315,0.245895281956589,0,0,0.4,0.783646959975098,728,973.6,30778,5.2,4451,5004,89486,10,4451,5004,89486,10,2.23606797749979,0,0,0,0,"unclassified",NA
"1098774185277575168",70,73,70,3,3,17,18,8,4.05555555555556,4,0.0571428571428571,1.79487179487179,1.03057181826624,6.69072164948454,-2.52819481065188,1.03580791964645,3.56400273029833,-0.35700771064083,0.343878108312895,0.747713508650875,0.0927466423895334,0.358006535781613,1.88389495984534,131.872647189174,0.842857142857143,0.867376782981227,14025.2142857143,13412.8857142857,88159.4428571429,5.98571428571429,30277,28401.4857142857,131122.628571429,7,7283,8007,539841,6,2.64706434858571,2.55480373983254,2.43867689581566,2.37612684780999,2.22783700982735,"viral",2
"1098774193636700160",6,7,6,1,1,3,3,3,1.75,3,0.5,2,1,2.19047619047619,-2.0501473602746,0.562668622548236,2.61281598282284,-1.82578258382229,-1.60141780736998,1.24925699064738,0.734710702183237,0.0979572505698365,0.231049060186648,1.38629436111989,0.166666666666667,0.811217402165214,707.166666666667,1139.66666666667,43534.3333333333,4.66666666666667,513.5,614.833333333333,16144.3333333333,3.66666666666667,61,167,1289,3,2.05288084003372,1.20864019757292,0.569972919912301,0.000000000000000222044604858417,-0.5699729199123,"unclassified",NA
"1098778450880536576",5,6,5,1,1,4,4,2,1.2,1,0.2,1.25,0.5,2.06666666666667,-4.24814711985014,0.729554406407743,4.97770152625788,-0.347653528229911,-0.13221194130238,2.17557924754899,0.0944822775779048,0.0848994976655309,0.415888308335967,2.07944154167983,0.6,0.552967763134922,347,1363,2798.6,5.6,259.2,2101.8,3096.2,7,33,169,72,11,1.93185165257814,1,0.517638090205041,-0.517638090205041,-1,"unclassified",NA
"1098779176499335168",12,13,12,1,1,5,5,4,2.16666666666667,4,0.333333333333333,2,1.09544511501033,3.17948717948718,-0.77100346844101,0.650491630694423,1.42149509913543,-0.456737133425203,0.276186510496843,2.16468132604598,0.12839112162997,0.150333830653979,0.240864313158014,2.89037175789616,0.916666666666667,0.767835518338771,1005.91666666667,460.666666666667,46900.1666666667,4.41666666666667,1293.41666666667,503.75,55339.8333333333,4.41666666666667,1233,347,4317,1,2.35069480198722,1.83293256600225,1.32058414542492,1,0.608810045294099,"viral",2
"1098779675608928256",17,18,17,1,1,1,1,17,9,17,1,17,0,1.88888888888889,-0.933045964679011,-0.933045964679011,0,-0.933045964679011,-0.933045964679011,1.95926882260721,0.120771938448275,0.0181731101754932,0,0,0.0588235294117647,0.730644411980976,417.588235294118,1023.05882352941,23974.2941176471,2.76470588235294,112424,237,4843,2,112424,237,4843,2,4.12310562561766,0,0,0,0,"broadcast",1
"1098780615124680704",4,5,4,1,1,4,4,1,1,1,0.25,1,0,2,-4.24814711985014,0.956465359765954,5.20461247961609,0.532234907697724,0.953588594234045,0.708303336014055,0.0347874150521628,0.211295657203356,0.447939867307014,1.79175946922805,1,0.574554224731117,2108.25,2985,25814,5.25,2482,3304,25633,6,2412,1959,9468,8,1.73205080756888,1,0,-1,-1.73205080756888,"unclassified",NA
"1098781663700705280",4,5,4,1,1,1,1,4,2.5,4,1,4,0,1.6,-2.33329468098106,-2.33329468098106,0,-2.33329468098106,-2.33329468098106,2.77435250525214,0.0170218311687949,0.0889559976446431,0,0,0,0.756854472294969,658.25,1900.5,64711,7.25,5125,2057,166020,8,5125,2057,166020,8,2,0,0,0,-2,"unclassified",NA
"1098782125082492929",17,18,17,1,1,11,12,3,1.5,2,0.117647058823529,1.41666666666667,0.668557923421521,4.82352941176471,-1.60935799104413,0.601199789701923,2.21055778074605,-0.0418117247459629,0.178484704319005,1.0443791165239,0.142515300146617,0.339483517278171,0.997688856673009,16.9607105634411,0.941176470588235,0.858085829468779,12324.7647058824,12215.3529411765,53439.8823529412,6.05882352941176,23352.2941176471,22924.0588235294,56304.5882352941,5.70588235294118,38003,37907,44344,10,2.21300612056154,2.08595842506001,1.69719060738659,1.5229853340194,1.1604369275767,"viral",2
"1098782880057180160",17,19,17,2,2,4,5,8,3.8,5,0.294117647058824,2.42857142857143,2.69920623252731,3.33576642335766,0.238350223355116,1.78594557927623,1.54759535592111,1.77109286031125,1.78594557927623,0.8009317272256,0.284323701926663,0.12042699632502,0.292341958798589,4.96981329957601,0.529411764705882,0.937324234257024,992.823529411765,1192,10170.2352941176,2.88235294117647,4407.82352941176,2997.52941176471,23013.8823529412,3.23529411764706,28,49,193,0,3.02503939502382,2.14217795771273,1.30377638430008,1,0.748583593050916,"viral",2
"1098786667521953793",39,43,39,4,4,4,5,18,8.6,13,0.333333333333333,3,3.55902608401044,2.63287671232877,-1.72839956851638,1.98832950023771,3.71672906875409,-0.0043129742763348,0.566749281554374,1.497227820207,0.163943241822456,0.175805050389562,0.371578263349263,14.4915522706213,0.205128205128205,0.820688690411885,753.282051282051,1007.12820512821,16964.641025641,3.79487179487179,6787.15384615385,1371.71794871795,19345.6153846154,4.69230769230769,63,28,1349,1,3.65218905139129,3.20195887950225,2.20643701621739,1.41421356237309,1.36081204090884,"viral",2
"1098787103737925632",36,37,36,1,1,7,7,23,4.625,23,0.638888888888889,3.6,6.8507907086214,3.78978978978979,-0.34413135386837,1.51486684002631,1.85899819389468,-0.34413135386837,0.446575118066949,2.78056348812551,0.288847683477201,0.160195873418268,0.24851041183727,8.94637482614171,0.25,0.915176753439157,737.388888888889,1095.38888888889,52178.1111111111,4.55555555555556,62120.3055555556,643.222222222222,57362.0555555556,8.30555555555556,96295,574,60187,10,4.81017363919952,2.34964122157305,1.55033633328143,1.40392686225763,0.999999999999999,"viral",2
"1098787418285592576",4,5,4,1,1,3,3,2,1.25,2,0.5,1.33333333333333,0.577350269189626,2,-1.01754710413027,-0.232485664099963,0.785061440030307,-0.683066016454285,-0.302145222906965,2.44626044933241,0.387362523844355,0.212847222726877,0,0,0.5,0.876112830878417,11628.75,2259.5,365523.25,5.25,14711.75,2055.25,334404.25,5.75,6868,373,33085,5,1.73205080756888,1,-0.000000000000000666133814775118,-1,-1.73205080756888,"unclassified",NA
"1098789129574379521",6,7,6,1,1,1,1,6,3.5,6,1,6,0,1.71428571428571,-0.967836018920134,-0.967836018920134,0,-0.967836018920134,-0.967836018920134,3.12454234844717,0.172190578301285,0.104816927638252,0,0,0,0.817413750503566,2629.5,1982.33333333333,154753.666666667,7.83333333333333,23609157,0,168573,12,23609157,0,168573,12,2.44948974278318,0,0,0,0,"unclassified",NA
"1098789653874761728",11,12,11,1,1,2,2,10,4,10,0.909090909090909,5.5,6.36396103067893,1.96969696969697,-2.04824791817143,-1.94061173811287,0.10763618005856,-2.04824791817143,-2.04824791817143,3.85024031662904,0.154312278531582,0.128757460531927,0,0,0.727272727272727,0.740325463842998,10116.7272727273,2013.45454545455,72652.3636363636,6.36363636363636,75912.5454545455,13931.7272727273,6543.18181818182,7.36363636363636,83495,15313,7136,8,3.17958680155872,0.943518824058935,0.00000000000000000000000000000000000000000000000852958373804829,0.000000000000000000000000000000000000000000000000135893725580358,0.00000000000000000000000000000000000000000000000000000000000000244132461443383,"broadcast",1
"1098790664702021633",1,2,1,1,1,1,1,1,1,1,1,1,0,1,-0.954893646714495,-0.954893646714495,0,-0.954893646714495,-0.954893646714495,3.55534806148941,0.232804323576205,0.112204724409449,0,0,1,0.708475734791524,719,254,5883,6,72,98,889,2,72,98,889,2,1,-1,0,0,0,"unclassified",NA
"1098791541282430977",17,18,17,1,1,4,4,11,3.6,11,0.647058823529412,2.83333333333333,4.02077936060494,2.83660130718954,-0.375561799695946,0.517436864627739,0.892998664323685,-0.375561799695946,0.36024055261257,1.8402665544826,0.671637406091826,0.0970394857244802,0.0815467271246994,1.38629436111989,0.352941176470588,0.87622189646391,1486.41176470588,1226.64705882353,47752.7058823529,4.41176470588235,2133.52941176471,1242.29411764706,61170.7647058823,5.58823529411765,1255,419,39220,6,3.36215977032356,1.83209187822402,0.999999999999999,0.912822047791565,0.71139084730478,"broadcast",1
"1098795714610638848",15,16,15,1,1,4,4,9,3.2,9,0.6,3,3.39116499156263,2.79166666666667,-1.30695238785859,-0.3529880232992,0.95396436455939,-1.30695238785859,-1.058887648732,0.774240202181578,0.0221958678401319,0.0276060562100496,0.0462098120373297,0.693147180559945,1,0.74504975848792,1555.06666666667,707.066666666667,105095,6.2,7496.93333333333,4871.33333333333,38012.1333333333,8.4,10165,7464,1610,10,3.07046595903059,1.81583690205357,1.30801567265386,0.751046030324866,0.0000000000000000323720983880134,"broadcast",1
"1098800496150831105",6,11,6,5,5,2,3,5,3.66666666666667,5,0.833333333333333,1,0,1.14285714285714,-0.943498569075678,1.29586940650101,2.23936797557669,0.498443485156072,0.642023567019724,1.17487580687597,0.36259236777157,0.101798171468524,0,0,0.833333333333333,0.757832636207363,14719.6666666667,551,123817.833333333,5.5,14635.3333333333,1444.16666666667,145673.666666667,4.5,10,254,3593,1,1.4142135623731,1,1,1,1,"broadcast",1
"1098801083344920578",76,77,76,1,1,3,3,59,19.25,59,0.776315789473684,12.6666666666667,23.0275197680225,2.39917976760082,0.0735176411923199,2.21992032984839,2.14640268865607,0.611334618217286,0.611334618217286,1.45643904312988,0.0101246213857568,0.0321389112789542,0.0182407152778933,1.38629436111989,0.0789473684210526,0.505499955519976,602.605263157895,598.381578947368,11738.3684210526,4.63157894736842,16973.25,232.013157894737,8056.8947368421,8.01315789473684,20693,75,6792,9,7.70058829963005,3.31205388226174,1.71630282422735,1.00000000000002,0.990956768261926,"broadcast",1
"1098801565694025728",5,6,5,1,1,1,1,5,3,5,1,5,0,1.66666666666667,0.795092549536315,0.795092549536315,0,0.795092549536315,0.795092549536315,2.86848638941902,0.0669867507551768,0.0474826565032306,0,0,0.8,0.731119415244015,1191.4,1463.4,12825.6,1.6,6351,5642,4873,5,6351,5642,4873,5,2.23606797749979,0,0,0,0,"unclassified",NA
"1098803591526207488",4,5,4,1,1,3,3,2,1.25,2,0.5,1.33333333333333,0.577350269189626,2,-1.01955549005522,-0.587436730425099,0.432118759630121,-0.854029278056913,-0.648076531805203,1.43575079695237,0.0365542886160413,0.0662000558768098,0,0,0.75,0.649063845466074,300,277.5,7063.75,1.5,421.25,371.75,7367,2.5,299,288,1055,3,1.73205080756888,1,0.000000000000000194289029309402,-1,-1.73205080756888,"unclassified",NA
"1098803901904576513",3,5,3,2,2,1,2,3,2.5,3,1,1.5,0.707106781186548,1.25,0.268971812026127,0.961735769603456,0.692763957577329,0.961735769603456,0.961735769603456,3.30187841486453,0.126564218831871,0.169315031819255,0.366204096222703,1.09861228866811,0.333333333333333,0.56377318667921,2989.66666666667,3198.66666666667,10631.3333333333,7,5208,588.333333333333,38752,8,1174,1207,63480,10,1.4142135623731,1,0,-1,-1.4142135623731,"unclassified",NA
"1098803989972316160",55,56,55,1,1,5,5,40,9.33333333333333,40,0.727272727272727,3.92857142857143,10.3957408861239,2.86103896103896,-0.735856445871742,0.869250379651249,1.60510682552299,-0.219848885463435,-0.12121141386332,2.89684450057034,0.417680551286101,0.133907506310978,0.244395093565865,13.4417301461226,0.181818181818182,0.804087566976685,3257.63636363636,1213.81818181818,97655.3454545455,4.54545454545455,42616.8363636364,485.272727272727,86454.3818181818,4,57716,203,65816,4,6.34115694447017,1.88472600911244,1.72813886811641,1.6118486293978,1.17204994963211,"broadcast",1
"1098814618363879424",16,17,16,1,1,2,2,12,5.66666666666667,12,0.75,3.2,4.91934955049954,2.29411764705882,-0.317061220220715,0.65509922645832,0.972160446679035,0.32514130158977,0.32514130158977,2.04139074241899,0.299320548173915,0.0538156269397795,0,0,0.3125,0.708080409859381,344.375,419.625,57057.4375,5.625,863.125,155.1875,94183.625,4.3125,1077,98,114404,4,3.51459100826253,1,1,1,0.804767074773929,"broadcast",1
"1098816195426439170",60,61,60,1,1,4,4,45,12.2,11,0.183333333333333,8.57142857142857,15.6189750288673,2.94754098360656,-2.49189336531875,0.718934976374571,3.21082834169332,0.718934976374571,0.718934976374571,2.65332245694695,0.0772020423896179,0.106042736040249,0.0346573590279972,2.07944154167983,0.116666666666667,0.642142530715383,8460.8,866.616666666667,48368.6833333333,6.21666666666667,1035470.33333333,6030.18333333333,27832.2166666667,9.43333333333333,4031387,21671,77181,10,6.63728131220208,3.33088096884038,1.81761744029562,0.9882827967706,0.755839075763145,"viral",2
"1098816296072794114",5,6,5,1,1,3,3,3,1.5,3,0.6,1.66666666666667,1.15470053837925,2.13333333333333,-1.46606715844515,0.673873798804784,2.13994095724993,-1.46606715844515,-0.0850393184219974,1.6547693865569,0.0214419292407189,0.11862875780943,0.138629436111989,0.693147180559945,0.6,0.64134367675747,292.4,326.4,8348.8,4,611,502.4,14595.8,5,856,685,21175,7,1.90211303259031,1.17557050458495,0.000000000000000444089209849895,-0.00000000000000000000000000000000308148791101958,-1.17557050458495,"unclassified",NA
"1098818133177954305",4,5,4,1,1,2,2,3,1.66666666666667,3,0.75,2,1.4142135623731,1.8,-0.773822000273075,0.597658576990303,1.37148057726338,-0.773822000273075,-0.225229769367723,0.621226662447,0.200649014030067,0.0264703299234052,0,0,0.25,0.645979811510244,806,640.75,24168,2.75,2624.25,1025.75,30617,4.5,2854,1268,18911,5,1.84775906502257,0.765366864730179,0,-0.765366864730179,-1.84775906502257,"unclassified",NA
"1098818338698887168",7,8,7,1,1,4,4,3,1.6,3,0.428571428571429,1.75,0.957427107756338,2.53571428571429,-1.85473506813134,0.437206307945041,2.29194137607638,-0.58399713643788,-0.395054423130399,0.808994354305134,0.503805949872192,0.111542118686735,0,0,0.285714285714286,0.88832166755404,488.285714285714,385.285714285714,234488.285714286,4.14285714285714,674.857142857143,437,209554.285714286,4.14285714285714,10,54,508,0,2.04207896189791,1.5202328168626,0.720281678170411,0,0,"unclassified",NA
"1098824193964007424",77,78,77,1,1,2,2,75,26,75,0.974025974025974,25.6666666666667,42.7239199200323,2.02430902430902,-0.284149903589998,0.783489372129049,1.06763927571905,0.349143330158255,0.349143330158255,2.50876861792394,0.00897675567141485,0.00847649674636782,0,0,0.441558441558442,0.802890691879638,1586.14285714286,1870.93506493506,28205.2077922078,5.42857142857143,5430.20779220779,2261.98701298701,1272.87012987013,1.02597402597403,5565,2287,464,1,8.66181373403672,1,0.986398923789338,0.0000000000000021052789134391,0.00000000000000209799633308127,"broadcast",1
"1098826152674840581",33,34,33,1,1,4,4,21,6.8,21,0.636363636363636,4.71428571428571,7.5213980463361,2.92335115864528,-1.45814442933284,1.04311248281623,2.50125691214907,-0.734773293981259,-0.159803611571405,2.64234968381609,0.484647333208026,0.0750921177204303,0.0420089200339361,1.38629436111989,0.303030303030303,0.792305083784866,664.121212121212,903.818181818182,42446.4242424242,3.24242424242424,14341.9393939394,1375.27272727273,54003.4545454545,1.54545454545455,20093,190,18274,1,4.60169564907779,2.8637835299398,1,0.999999999999999,0.949141913647026,"broadcast",1
"1098826714711511040",15,16,15,1,1,5,5,9,2.66666666666667,9,0.6,2.5,3.20936130717624,3,0.229737209153627,0.680618185174712,0.450880976021085,0.541468042217561,0.659143129658753,1.40967225761588,0.0278051089074801,0.0569305458526605,0,0,0.6,0.602229970008833,1635.6,1403.93333333333,25915.0666666667,6.26666666666667,6639.4,3625,28028.5333333333,7.66666666666667,9983,5087,7106,8,3.04687167720385,1.87031792764073,1.16392477803681,0.929388478124537,0.000000000000000300476018534947,"viral",2
"1098828375693684737",10,11,10,1,1,2,2,7,3.66666666666667,7,0.7,3.33333333333333,3.21455025366432,2.21818181818182,-2.73629858904988,0.406835400728019,3.1431339897779,-0.368302263811079,-0.21327473090326,2.81520505433079,0.0622234446850116,0.179075375587605,0,0,0.3,0.564911805675489,20337.7,4175.5,333509.2,7.7,146076.3,1979.8,126883,9.4,178787,986,40867,10,2.7415407840873,1.304773383602,0.884036507520919,0.000000000000000000000000000000000817102874259867,0.0000000000000000000000000000000000824062163480966,"broadcast",1
"1098830175037313024",1,2,1,1,1,1,2,1,1,1,1,1,0,1,0.231872792722457,0.231872792722457,0,0.231872792722457,0.231872792722457,0.693147180559945,0.117668501166693,0.154605263157895,0,0,1,0.480569948186528,499,155,782,1,2136,1811,149689,8,2136,1811,149689,8,1,-1,0,0,0,"unclassified",NA
"1098830351210856448",3,4,3,1,1,1,1,3,2,3,1,3,0,1.5,-0.723024431172419,-0.723024431172419,0,-0.723024431172419,-0.723024431172419,3.05754616826406,0,0.0827446738396307,0,0,0.666666666666667,0.316871946884557,718.666666666667,449.333333333333,75012.6666666667,5.66666666666667,736,588,42528,7,736,588,42528,7,1.73205080756888,0,0,-1.73205080756888,0,"unclassified",NA
"1098830749669699584",92,93,92,1,1,5,5,57,15.5,57,0.619565217391304,4,11.5915329600375,3.14305750350631,-1.68006916040526,0.602374144846499,2.28244330525176,-0.749951522708664,-0.437627544343987,2.39290783397679,0.0275827782232196,0.0471746719329118,0.0345440633733472,3.17805383034794,0.293478260869565,0.716769584999186,1420.92391304348,628.423913043478,66316.1195652174,5.66304347826087,5007.22826086957,698.282608695652,59010.3913043478,2.83695652173913,5428,415,19388,1,7.5762545179692,2.40344452585239,1.99453383809751,1.91886631993276,1.71754163256638,"broadcast",1
"1098832918124863488",42,43,42,1,1,2,2,38,14.3333333333333,38,0.904761904761905,8.4,16.5469030334984,2.13067552602436,-0.54705278334361,0.842883275194612,1.38993605853822,-0.0629760203564357,-0.0629760203564357,1.82357151601509,0.103464774166922,0.0282424702050145,0,0,0.0714285714285714,0.716927323972062,896.02380952381,676.119047619048,23768.3571428571,2.92857142857143,2374.90476190476,67.6666666666667,2810.02380952381,1.11904761904762,2442,8,208,1,6.17315106456406,1,1,0.999999999999999,0.944566532369004,"broadcast",1
"1098833530463928320",12,13,12,1,1,10,10,2,1.18181818181818,1,0.0833333333333333,1.2,0.421637021355784,3.92307692307692,-3.24024809931664,1.08464957970674,4.32489767902338,-0.398731825254762,0.665649291658447,1.58199269889984,0.278790159744937,0.279443517414701,0.908725624599632,10.9047074951956,0.666666666666667,0.876138859164342,16080.3333333333,13740.3333333333,12034.1666666667,2.08333333333333,19890.4166666667,15309.75,12758.1666666667,2.25,17677,19056,10394,5,2.14139653985967,1.75542172443608,1.53664328370399,1.12157814284279,0.732022961435963,"viral",2
"1098835837352067072",10,11,10,1,1,3,3,8,2.75,8,0.8,3.33333333333333,4.04145188432738,2.21818181818182,1.05624933523603,1.34164735785304,0.28539802261701,1.05624933523603,1.08447129382181,0.921830854162536,0.199632006153866,0.0398184842987548,0.138629436111989,1.38629436111989,0.5,0.962259101133324,436.5,1726.6,12182.5,3.3,350.7,326.7,1518.5,0.5,331,219,144,0,2.85697001387281,1.35562617997427,0,0,0,"broadcast",1
"1098836265171124225",17,18,17,1,1,6,6,6,2.57142857142857,6,0.352941176470588,2.83333333333333,1.72240142436851,3.47058823529412,-0.0134715659820351,0.877468439106062,0.890940005088097,0.498314082799379,0.758104797446954,3.36216087216391,0.3787942553502,0.13930946136736,0.333115322360938,5.66296048013595,0.941176470588235,0.901567073276026,1890.17647058824,2171.47058823529,183923.058823529,5.41176470588235,3712.64705882353,3790.23529411765,163519.058823529,4.94117647058824,2337,3111,49377,6,2.6549220086913,2.2456003474747,1.68052183518194,1.10593424974589,0.762296349672909,"viral",2
"1098839280875700224",89,90,89,1,1,5,5,44,15,29,0.325842696629214,5.5625,9.50065787195813,3.96079900124844,-0.495585926286617,2.01847286766172,2.51405879394834,0.259113984956173,0.733272514210984,1.62452247448364,0.0331752746111935,0.149745340722117,0.23219481319689,20.6653383745232,0.202247191011236,0.576537349979027,7046.08988764045,956.404494382022,17470.404494382,7.30337078651685,196748.348314607,1869.86516853933,50417.4157303371,9.23595505617978,189920,206,14816,10,5.4382465537978,5.08708277503664,4.47807402250887,1.71598337297448,1.39080532182921,"viral",2
"1098840618866884608",8,9,8,1,1,5,5,2,1.5,1,0.125,1.6,0.547722557505166,2.55555555555556,-4.24814711985014,0.129507009017971,4.37765412886811,-0.599215592976755,0.0785492058225464,1.5601900225392,0.149711732203419,0.237048572688574,0.598436467847756,4.78749174278204,0.875,0.608002051931615,307.875,302.375,56046.125,5,392,323.375,45554.5,4.625,43,64,52,3,2.16461172792508,1.52803926172511,0.853621479171127,0.500881674902845,0,"unclassified",NA
"1098845295490654212",8,9,8,1,1,4,4,4,1.8,1,0.125,1.6,1.34164078649987,2.38888888888889,-4.24814711985014,1.13208519640173,5.38023231625187,-0.283704529907691,0.737191318033215,0.835576465958491,0.0999973135755691,0.178019353972248,0,0,0.875,0.784548802007842,555.625,348.25,30870.875,5.125,831.125,441.75,44022.375,5.625,690,422,17954,6,2.34670378277553,1.33346309950325,0.845492470794516,0.000000000000000374226421130088,0.000000000000000258215731616632,"unclassified",NA
"1098849334605594625",12,13,12,1,1,4,4,7,2.6,1,0.0833333333333333,2,2.44948974278318,2.56410256410256,-1.29359082343238,1.59417072570437,2.88776154913675,-1.29359082343238,-0.50064397174028,0.986241084615713,0.0236532939558662,0.117235116465776,0,0,0.833333333333333,0.681917317056532,3516.58333333333,1324.83333333333,65590.75,7.5,7102.16666666667,2466.25,97346.75,8.5,1818,904,24931,8,2.88385588931822,1.41421356237309,1.29744950177053,0,0,"viral",2
"1098855147919298561",5,6,5,1,1,2,2,3,2,3,0.6,1.66666666666667,1.15470053837925,2.06666666666667,-1.23014844969684,-0.553419902271155,0.676728547425685,-1.23014844969684,-0.723759230116281,1.46063401024736,0.151143556427438,0.15534297347337,0,0,0.4,0.67172123901165,5326.4,1538.8,190579.6,6,15115.4,1699,168634.4,8,20279,1845,14645,8,1.93185165257814,1,0.517638090205042,-0.517638090205042,-1,"unclassified",NA
"1098856615913115649",37,38,37,1,1,8,8,21,4.22222222222222,21,0.567567567567568,3.36363636363636,5.9375538275072,3.97581792318634,-1.10686703403321,0.73883732715684,1.84570436119005,0.377624451786038,0.404157653630704,1.45817657899402,0.228369883070363,0.101719490349214,0.255600012159668,9.45720044990771,0.351351351351351,0.644952565918343,188.621621621622,278.648648648649,8356.56756756757,2.08108108108108,461.756756756757,294.486486486487,9127.67567567567,1.54054054054054,606,324,10682,2,4.59480221058217,2.44602292891385,2.09168730776669,1.54182849319411,0.999999999999999,"viral",2
"1098857479939645441",85,86,85,1,1,6,6,31,12.2857142857143,31,0.364705882352941,4.04761904761905,6.67440027625097,5.06922024623803,-1.06102685985594,0.973735041093161,2.0347619009491,0.270703155278037,0.2782182247128,1.50383978387657,0.128368572024996,0.164844039836497,0.365761738049263,31.0897477341874,0.235294117647059,0.868570408275217,2754.28235294118,1045.75294117647,82194.3647058824,6.24705882352941,10788.7176470588,1815.87058823529,133982.129411765,6.30588235294118,9062,2791,150410,5,5.58422522421504,3.41187723354198,3.09273398908495,2.87337211143326,2.40949480490376,"viral",2
"1098858977297920000",6,7,6,1,1,3,3,3,1.75,2,0.333333333333333,1.5,0.577350269189626,2.38095238095238,-1.49977478191079,-0.490603320582211,1.00917146132858,-1.48510369142624,-0.823541937321518,1.16958435715688,0.749665768234068,0.119258077976941,0,0,0.166666666666667,0.85442806975863,5074.5,4195,15440.8333333333,1.5,12767.8333333333,5851,39714.8333333333,2.16666666666667,21624,4187,62104,1,1.96961550602442,1.28557521937308,0.684040286651338,-0.000000000000000000000000110768761863604,-0.684040286651338,"unclassified",NA
"1098860504028667904",1,2,1,1,1,1,2,1,1,1,1,1,0,1,0.341999185525833,0.341999185525833,0,0.341999185525833,0.341999185525833,4.54329478227,0.171128794670036,0.136038186157518,0,0,1,0.936487773896475,120,421,15855,7,963,789,49826,9,963,789,49826,9,1,-1,0,0,0,"unclassified",NA
"1098860730542043138",11,12,11,1,1,3,3,6,3,6,0.545454545454545,1.83333333333333,2.04124145231932,2.72727272727273,-2.24966111870881,1.34586903080743,3.59553014951624,0.192081341121104,0.248456512099608,2.09578570318805,0.16851634222608,0.0746293156571316,0.398366057697625,4.38202663467388,0.272727272727273,0.584833098457667,743.909090909091,1224.90909090909,29513.9090909091,3.63636363636364,1287.90909090909,495.909090909091,10551.6363636364,5.81818181818182,1887,417,522,8,2.57135347819082,1.4142135623731,1.28789569092808,0.854087805488893,0.0000000000000000336166251066047,"broadcast",1
"1098860831188631553",6,7,6,1,1,6,6,1,1,1,0.166666666666667,1,0,2.66666666666667,-4.24814711985014,0.882240320839283,5.13038744068942,-0.452138687307311,-0.304695270303235,3.18925686599219,0.308142779720251,0.180121383284506,0.712777686502676,4.27666611901605,0.833333333333333,0.786741889386886,1065.66666666667,619.333333333333,8722.33333333333,5.33333333333333,21294.8333333333,656.333333333333,12803,6.33333333333333,121390,386,24936,7,1.84775906502257,1.4142135623731,0.76536686473018,0.00000000000000000895625106236996,-0.765366864730179,"unclassified",NA
"1098861007349391360",1,2,1,1,1,1,2,1,1,1,1,1,0,1,-0.451527223614704,-0.451527223614704,0,-0.451527223614704,-0.451527223614704,3.13549421592915,0.155304981236246,0.0580046403712297,0,0,1,0.202626641651032,538,431,59399,7,164,76,7944,7,164,76,7944,7,1,-1,0,0,0,"unclassified",NA
"1098861867177525248",9,10,9,1,1,1,1,9,5,9,1,9,0,1.8,0.388642340795632,0.388642340795632,0,0.388642340795632,0.388642340795632,0.73819885923863,0.00159138785093072,0.0342958069024021,0,0,0,0.607608527114973,580.333333333333,1048,25263.4444444444,8.88888888888889,11298,1217,8169,10,11298,1217,8169,10,3,0,0,0,0,"broadcast",1
"1098862458570244096",13,14,13,1,1,8,8,2,1.55555555555556,2,0.153846153846154,1.3,0.483045891539648,4.08791208791209,-0.784066377393198,2.11235185733402,2.89641823472722,0.89746870836732,1.35619847854168,2.38425127559401,0.506075013445826,0.27303773098661,0.590604884667554,7.6778635006782,0.615384615384615,0.962595402770729,266.384615384615,215.307692307692,16619.3076923077,6,502.538461538462,249.384615384615,12734.0769230769,7,1016,47,4639,6,2.11860956421976,1.88300069225417,1.5104442829267,1.2420842425498,0.848645112712241,"viral",2
"1098867135256891393",9,10,9,1,1,5,6,2,1.66666666666667,2,0.222222222222222,1.8,0.447213595499958,2.77777777777778,-3.02147605840335,0.0103290184487987,3.03180507685215,-0.675485592908266,-0.267014933578336,2.79432104846171,0.314196311336748,0.241647952747812,0.84000894055798,7.56008046502182,0.777777777777778,0.211591143515636,2120.33333333333,951.444444444444,34372.6666666667,4.11111111111111,2551.22222222222,1318.44444444444,35970,4.11111111111111,2670,4081,55306,5,2.18890105931673,1.61803398874989,1,0.618033988749895,0.456850251747856,"viral",2
"1098867521116127235",14,19,14,5,5,4,6,9,3.8,9,0.642857142857143,1.4,0.966091783079296,1.78125,-1.15671493043154,0.476418663848021,1.63313359427956,-0.421027226809396,-0.322386674778978,0.731629489867125,0.12675812051288,0.225196315436997,0.877359549047593,12.2830336866663,0.785714285714286,0.794459992397552,2373.07142857143,2692,89441.2142857143,7.07142857142857,4080.21428571429,3712.07142857143,47647.9285714286,5.85714285714286,1654,2538,17379,8,2.07431329305194,1.73205080756888,1.41421356237309,1.41421356237309,1,"broadcast",1
"1098869156898852869",6,7,6,1,1,2,2,5,2.33333333333333,5,0.833333333333333,3,2.82842712474619,1.9047619047619,0.149578774202481,0.744206320332822,0.594627546130341,0.149578774202481,0.149578774202481,1.9045612627681,0.0251586906350194,0.0419712058959307,0,0,0.5,0.68884019384688,379.666666666667,355,9003,3.33333333333333,2947,792.166666666667,12931.3333333333,2.83333333333333,3428,843,13798,3,2.28824561127074,0.874032048897642,0,0,0,"unclassified",NA
"1098872269068218368",2,3,2,1,1,2,2,1,1,1,0.5,1,0,1.33333333333333,-3.67348644022226,-0.136086238378877,3.53740020184338,-1.90478633930057,-0.843566278747554,5.9253662623022,0.529911611710957,0.362688231452193,0,0,1,0.764779250313677,4662,3529.5,31142.5,6,37017.5,4411,77422.5,10.5,64735,1846,101918,11,1.4142135623731,-0.0000000000000000806646416329215,-1.4142135623731,0,0,"unclassified",NA
"1098872906581340160",79,80,79,1,1,5,5,48,13.3333333333333,48,0.607594936708861,6.58333333333333,14.2539202475755,3.45094936708861,-0.420727928858484,1.29852037699871,1.71924830585719,-0.420727928858484,0.210745017131714,1.97435234935749,0.0540214222708108,0.114084598701105,0.0990182877150547,7.82244472948932,0.316455696202532,0.884540107846245,2441.12658227848,2334.6582278481,52591.1012658228,4.81012658227848,44237.253164557,6594.96202531646,18471.8481012658,9.05063291139241,62533,655,13633,10,6.93595226623464,4.71029708664246,1.40712700998558,1,1,"broadcast",1
"1098873208592310272",70,71,70,1,1,2,2,59,23.6666666666667,59,0.842857142857143,6.36363636363636,17.4600843484373,2.27203219315895,-0.373883874551838,1.93072324918341,2.30460712373525,0.0430303628742951,0.0430303628742951,1.39794816546068,0.211226591501417,0.039010109334578,0,0,0.1,0.875743958503375,441.185714285714,756.128571428571,19162.5714285714,2.28571428571429,48840.4428571429,3381.54285714286,233063.157142857,7.94285714285714,57787,3817,270487,9,7.69348023213194,1.40350940926193,1.00000000000001,1,1,"broadcast",1
"1098875041499004928",76,77,76,1,1,3,3,70,19.25,70,0.921052631578947,10.8571428571429,26.0795486376367,2.15037593984962,-1.67500043908092,1.33436205097863,3.00936249005955,-1.11870548752106,-1.11870548752106,3.54764816018631,0.0051184621002502,0.0313878878764186,0,0,0.0657894736842105,0.71362381678342,1156.14473684211,1213.93421052632,33375.75,5.26315789473684,1760262.22368421,112.697368421053,573733.592105263,11.6052631578947,1911001,1,620071,12,8.37093783760957,1.40929934061556,1,1,0.999999999999998,"broadcast",1
"1098875716785983488",8,9,8,1,1,3,3,3,2.25,3,0.375,2,1.15470053837925,2.38888888888889,-1.35453018774102,0.863584762195209,2.21811494993623,-1.30695238785859,-1.16473630284867,1.64060204579567,0.274973240738645,0.197700856010321,0.287823136624256,2.30258509299405,0.375,0.851660048396362,706.125,981.125,86832.25,1.375,834.5,599.375,117942.75,1.5,65,62,473,0,2.26382097785239,1.27932472893606,1,0.488306070173318,0.00000000000000095690328490855,"unclassified",NA
"1098881022559772672",14,15,14,1,1,4,4,5,3,5,0.357142857142857,2.8,1.78885438199983,2.99047619047619,-0.988243039304849,-0.100485501786919,0.88775753751793,-0.74362126054694,-0.484669678802908,2.60728105465914,0.0716658978004536,0.151918253800677,0.0495105128971389,0.693147180559945,0.214285714285714,0.738322069703045,5757,1053.42857142857,37983.8571428571,6.14285714285714,32928.7142857143,1478.35714285714,42541.7857142857,7,45465,499,26679,6,2.62364588922584,2.01599305254576,1.54109737456947,0.822966063778256,0.000000000000000157737191237214,"viral",2
"1098882943555170305",36,37,36,1,1,5,5,14,6.16666666666667,14,0.388888888888889,5.14285714285714,5.20988072251728,3.24624624624625,-1.21081159220058,0.936610957521521,2.1474225497221,-0.924295699545768,-0.407234559225056,2.12093481747317,0.0977458389183979,0.158509163117543,0.176558546130441,6.35610766069589,0.194444444444444,0.621499298862143,6060.33333333333,914.611111111111,33021.6944444444,7.22222222222222,38416.8333333333,1542.66666666667,41834.4722222222,8.69444444444444,28157,2216,47421,9,4.03527973478656,3.05169938084606,2.40934774177077,1.37884487162368,1.1596885888824,"viral",2
"1098883866322964480",9,11,9,2,2,4,5,3,2.2,3,0.333333333333333,1.28571428571429,0.487950036474267,2.22222222222222,0.0524222866520482,1.1036318937829,1.05120960713085,0.739590170998512,0.948164079642437,1.05218032998958,0.322057187725287,0.0532812521145991,0.0770163533955494,0.693147180559945,0.666666666666667,0.694264477164233,1185,1022.66666666667,59927.3333333333,4,1210.22222222222,787.333333333333,91707.4444444444,4.66666666666667,964,467,23190,6,1.96961550602442,1.61803398874989,1.28557521937308,0.684040286651337,0.618033988749895,"viral",2
"1098883992143708160",26,27,26,1,1,4,4,17,5.4,17,0.653846153846154,4.33333333333333,6.25033332444492,3.00854700854701,-0.18993174125195,1.04596637432815,1.2358981155801,-0.101762994200703,0.57599741790453,3.10717696274085,0.131818386856225,0.120134796419833,0.18413429779931,4.78749174278205,0.692307692307692,0.788978888978525,6230.92307692308,5666.11538461538,86543.6153846154,6.07692307692308,202324.846153846,148741.730769231,114883.653846154,6.11538461538461,300971,220945,95182,5,4.14094322790828,2,1.96828258352071,0.989167758597882,0.000000000000000222044604925031,"broadcast",1
"1098884155713179648",7,8,7,1,1,5,5,2,1.33333333333333,1,0.142857142857143,1.4,0.547722557505166,2.42857142857143,-0.320994957060008,1.51640294063568,1.83739789769569,0.661247222102973,1.42700017755019,3.70717621913421,0.182058876248438,0.137542708457513,0.741850978698601,5.19295685089021,0.857142857142857,0.752824920921017,6925.85714285714,4460.28571428571,45594,5,6869.28571428571,4009.85714285714,34280,5.28571428571429,524,759,876,1,2.09529398522391,1.35567429397808,0.737640305228188,0.47725999647402,-0.47725999647402,"unclassified",NA
"1098885292365369345",4,5,4,1,1,2,2,3,1.66666666666667,3,0.75,2,1.4142135623731,1.8,-0.274370888707613,0.420095967313582,0.694466856021195,-0.274370888707613,0.00341585370086525,2.10953749601895,0.0324099709655407,0.158095918701825,0,0,0.75,0.691478680389076,2839.75,681.75,10485.25,5.75,1236.75,1205.5,526,7,1584,1602,653,9,1.84775906502257,0.76536686473018,-0.000000000000000222044604925031,-0.76536686473018,-1.84775906502257,"unclassified",NA
"1098886131234439168",3,4,3,1,1,3,3,1,1,1,0.333333333333333,1,0,1.66666666666667,-2.40165947892202,0.0195724190438033,2.42123189796582,-0.259237628043576,-0.0919515997911484,4.50990224017476,0.350296297850259,0.203067782529885,0.231049060186648,0.693147180559945,1,0.463891696762511,219,485,9612.33333333333,1.66666666666667,375.333333333333,615.666666666667,10962.6666666667,2.33333333333333,583,432,5961,3,1.6180339887499,0.618033988749895,-0.618033988749895,-1.61803398874989,0,"unclassified",NA
"1098887544702406658",5,6,5,1,1,3,3,2,1.5,2,0.4,1.66666666666667,0.577350269189626,2.06666666666667,0.457657646259778,0.64515400514921,0.187496358889432,0.553836485859473,0.57209998971742,3.08028519459124,0.0822179617579171,0.0958121608456759,0,0,0.6,0.420163711219001,1178,580.6,21250.2,7,947.2,611.2,4215.2,4,1505,1259,5202,4,1.93185165257814,0.999999999999999,0.517638090205043,-0.517638090205041,-1,"unclassified",NA
"1098887800592699392",89,90,89,1,1,4,4,38,18,38,0.426966292134831,4.94444444444444,9.03243972137437,3.6334581772784,-0.775947322742912,1.21898361893065,1.99493094167356,0.312122615633433,0.796318734481875,2.88972900490298,0.136963693757941,0.200559331880393,0.25768715286569,22.9341566050465,0.134831460674157,0.8751144898156,1974.51685393258,534.303370786517,18316.1011235955,5.74157303370786,96583.7865168539,534.23595505618,21646.9550561798,8.01123595505618,174609,22,9367,9,6.23428054543646,3.80312215083379,2.93917406922576,2.84679267699142,2.6962714095577,"broadcast",1
"1098888257742430208",54,55,54,1,1,3,3,42,13.75,42,0.777777777777778,6.75,14.280356138016,2.52794612794613,0.00384546347013162,1.11102993765025,1.10718447418012,0.133826818986809,0.133826818986809,1.58953433030709,0.0854201938568469,0.0321965835073307,0.0385081766977747,2.07944154167983,0.12962962962963,0.5462833407654,578.62962962963,485.592592592593,37342.4074074074,5.35185185185185,6953.2962962963,87.6296296296296,15866.4814814815,3.24074074074074,8689,9,4782,3,6.49428751797609,2.2799828602132,1.4142135623731,1.38888876280041,1.00000000000001,"broadcast",1
"1098888945599827968",5,6,5,1,1,3,3,2,1.5,1,0.2,1.25,0.5,2.06666666666667,-1.09794562764836,-0.313333574584749,0.784612053063611,-0.432218491050552,-0.333055778632775,2.33663488810598,0.0225917464664736,0.0971462053838202,0.277258872223978,1.38629436111989,1,0.320372572269649,384.8,329.8,5908,2,295.6,259.8,4430,1.8,81,198,348,2,1.93185165257814,1,0.517638090205041,-0.517638090205041,-1,"unclassified",NA
"1098890212296536065",18,19,18,1,1,2,2,16,6.33333333333333,16,0.888888888888889,9,9.89949493661167,2.07017543859649,-0.76449347111584,0.0301465358060873,0.794640006921927,-0.76449347111584,-0.76449347111584,4.43533557661753,0.0347561487104079,0.139121905331119,0,0,0.111111111111111,0.8220592590349,2296,1474.94444444444,30253.6111111111,3.83333333333333,394794.888888889,513.111111111111,18956.4444444444,5.55555555555556,443826,294,21022,6,4.01763965887221,1.36329438180356,0,0,0,"broadcast",1
"1098891382494760966",7,8,7,1,1,1,1,7,4,7,1,7,0,1.75,-1.63327035509428,-1.63327035509428,0,-1.63327035509428,-1.63327035509428,4.39470984145591,0.00865127369567661,0.0114189523885541,0,0,0,0.7319678331314,1523.85714285714,2134,47386.4285714286,5.71428571428571,436205,1,171744,4,436205,1,171744,4,2.64575131106459,0,0,0,0,"unclassified",NA
"1098892758226558981",26,27,26,1,1,2,2,24,9,24,0.923076923076923,8.66666666666667,13.2790561913614,2.06267806267806,-1.82234175815222,0.42101993435136,2.24336169250358,-0.575662254010169,-0.575662254010169,3.17277112079087,0.0192551806233608,0.0162422395811925,0,0,0.0769230769230769,0.651889515436648,936.461538461538,1211.73076923077,36068.3076923077,5.19230769230769,213600.730769231,244.230769230769,53265.8846153846,5.73076923076923,231109,16,51236,6,4.90781318167842,1,0.95570381067752,0.0000000000000000224854005601702,0.00000000000000000157513028540755,"broadcast",1
"1098892766619287552",25,26,25,1,1,3,3,21,6.5,21,0.84,6.25,9.84462628374824,2.32307692307692,-0.47253890388102,0.647971301672354,1.12051020555337,-0.47253890388102,-0.47253890388102,3.63377627124264,0.392631691865755,0.121990761590592,0.0554517744447956,1.38629436111989,0.12,0.886859715887146,1442.8,1827.52,78964.32,6.12,75340.84,2355.56,85286.52,8.24,88307,1765,91765,9,4.59401484373363,1.71643322487466,0.974107078355054,0.000000000000000126756934722003,0.000000000000000000000000000000207904932730433,"broadcast",1
"1098896843482767360",5,6,5,1,1,2,2,3,2,2,0.4,2.5,0.707106781186548,1.86666666666667,-0.725774400193413,0.0531995716172985,0.778973971810711,-0.725774400193413,0.0531995716172985,3.99206483674062,0.196775466373194,0.154367673212719,0,0,0.2,0.426626424507005,523139.8,299,77669.6,6.4,1589441.2,876,228272.8,10.6,50854,1254,63148,10,2.07431329305194,0.834999618124467,0,0,-0.834999618124466,"unclassified",NA
"1098896981919858688",61,62,61,1,1,4,4,41,12.4,41,0.672131147540984,3.38888888888889,9.41300032738758,2.82443151771549,-0.504798154288397,1.12847481478633,1.63327296907473,0.767896267511968,0.767896267511968,2.25018360852127,0.400088107029123,0.0848227341410706,0.0681784112026175,4.15888308335967,0.245901639344262,0.76481252398135,573.885245901639,739.065573770492,24552.4590163934,2.77049180327869,12055.9508196721,682.098360655738,32041.4918032787,3.40983606557377,17520,614,36370,4,6.43097271821689,1.97575440668195,1.6180339887499,1.60761218245311,1.4142135623731,"broadcast",1
"1098898332490125312",23,24,23,1,1,12,12,4,1.84615384615385,4,0.173913043478261,1.76923076923077,0.926808695996298,5.78260869565217,-1.9946405376712,0.68728921225753,2.68192974992873,-0.233572751928001,0.150506280546224,2.06639651404416,0.103475872659761,0.127018986095104,1.12571030576586,25.8913370326147,0.91304347826087,0.806453224467996,10436.7826086957,8745.82608695652,26231.6956521739,3.95652173913043,13299.6086956522,10563.9130434783,28360.347826087,4.47826086956522,7299,4534,10662,7,2.29298845766193,2.26123713919258,2.02572641947286,1.77912910034651,1.46580575366437,"viral",2
"1098898437326716928",13,14,13,1,1,4,4,5,2.8,5,0.384615384615385,2.6,2.19089023002066,2.87912087912088,-0.935050547384704,-0.409305269366417,0.525745278018287,-0.445729438995392,-0.418876733844661,1.46997873176363,0.0598302494030359,0.0580343747686406,0,0,0.538461538461538,0.806886019112885,2578,2691.46153846154,56005.3076923077,7.92307692307692,83818.3076923077,4781.46153846154,77008,8.92307692307692,204044,2286,111766,11,2.60590175710544,2.15766646209297,0.909565842072275,0.852315346341549,0.000000000000000446549601058925,"viral",2
"1098899485915111424",3,4,3,1,1,1,1,3,2,3,1,3,0,1.5,-1.32933314910861,-1.32933314910861,0,-1.32933314910861,-1.32933314910861,3.27557149791007,0.302406116948483,0.136766334440753,0,0,0,0.915663924037686,12,23.3333333333333,2030.33333333333,0,310,35,970,0,310,35,970,0,1.73205080756888,0,0,-1.73205080756888,0,"unclassified",NA
"1098900580632809473",4,7,4,3,3,2,3,3,2.33333333333333,3,0.75,1,0,1.2,-2.6729270100691,0.814006471763896,3.486933481833,0.107775761392808,0.39054729770284,0.722592939474041,0.00619497371531065,0.082348875401633,0,0,1,0.722747093419827,1385.75,1165.5,43100.5,3.5,13069.75,13006,44378.75,6.5,50896,49020,167867,8,1.4142135623731,1,1,0.000000000000000111889664200504,-1,"unclassified",NA
"1098900974884847618",9,10,9,1,1,3,3,6,2.5,6,0.666666666666667,3,2.64575131106459,2.28888888888889,-0.196041827875601,0.816027959270796,1.0120697871464,0.816027959270796,0.816027959270796,3.74876607263645,0.0537179229362854,0.0966970948266795,0,0,0.444444444444444,0.873714213602272,2400,1001.88888888889,38694.6666666667,3.77777777777778,38655.7777777778,604,48010.7777777778,3.66666666666667,56987,647,42548,3,2.55042434774844,1.46128680049626,0.59998044393743,0.000000000000000446877293841204,0.00000000000000000000000000000000000000000000501367696690516,"broadcast",1
"1098903621494661123",6,7,6,1,1,4,4,2,1.4,1,0.166666666666667,1.5,0.577350269189626,2.19047619047619,-4.24814711985014,-0.276596891195391,3.97155022865475,-1.48039363515639,-1.27040948254392,1.0390684542864,0.0868514516000533,0.320562023527759,0.231049060186648,1.38629436111989,0.666666666666667,0.585553239461154,445.166666666667,410,11618,2.33333333333333,428,417.166666666667,15385.6666666667,3.16666666666667,298,625,1133,4,2.05288084003372,1.20864019757292,0.569972919912301,0.000000000000000444089209841721,-0.5699729199123,"unclassified",NA
"1098914845435588608",6,7,6,1,1,2,2,5,2.33333333333333,5,0.833333333333333,3,2.82842712474619,1.9047619047619,-0.999278597457924,-0.638863913514837,0.360414683943087,-0.638863913514837,-0.638863913514837,3.04070333250376,0.00641526489404588,0.0555164003958611,0,0,1,0.567778645587886,1422.16666666667,1592.83333333333,105332.166666667,7.5,3064.83333333333,3311,169974.666666667,8.33333333333333,3599,3897,158611,8,2.28824561127074,0.874032048897642,0,0,0,"unclassified",NA
"1098915432642285570",5,6,5,1,1,4,4,2,1.2,1,0.2,1.25,0.5,2.13333333333333,0.531495813450906,1.46308009745157,0.931584284000664,1.44807700475278,1.46308009745157,2.56882597195443,0.0727218084759246,0.106596568657755,0.4969813299576,2.484906649788,0.6,0.724868078610361,4231,1930.4,8754.8,4.8,5019,1269,9512.8,6,283,371,459,4,1.90211303259031,1.17557050458495,0.00000000000000029750495751826,-0.000000000000000222044604925031,-1.17557050458495,"unclassified",NA
"1098916346987982848",5,6,5,1,1,3,3,2,1.5,2,0.4,1.66666666666667,0.577350269189626,2.13333333333333,0.243815779940773,0.959407120876448,0.715591340935675,0.915330835777015,0.959407120876448,2.82586562080414,0.27335908452213,0.14137385543536,0.138629436111989,0.693147180559945,0.6,0.740336295384417,1289,1566,42989,6,238.8,500.6,8309.4,5,122,124,447,2,1.90211303259031,1.17557050458495,0.00000000000000060227994360904,0.000000000000000463505811119312,-1.17557050458495,"unclassified",NA
"1098917747923263488",5,6,5,1,1,3,3,2,1.5,2,0.4,1.66666666666667,0.577350269189626,2.13333333333333,-0.141307844419021,0.287281932164223,0.428589776583244,0.186307638560298,0.287281932164223,2.23176372982744,0.389884318876263,0.150649871809656,0.138629436111989,0.693147180559945,0.8,0.818129858905064,3761.6,3452.6,84295.8,6.4,14269.4,4790.2,46306.4,8.4,24857,1177,29908,8,1.90211303259031,1.17557050458495,0.00000000000000000000000000000000000000000000000427642353614751,-0.000000000000000222044604925031,-1.17557050458495,"unclassified",NA
"1098919148783091712",5,6,5,1,1,3,3,2,1.5,2,0.4,1.66666666666667,0.577350269189626,2.06666666666667,-0.966399729331875,0.374020868198536,1.34042059753041,0.0156909403396126,0.0873569259113973,2.31361904722074,0.0340004244690728,0.262619408820547,0,0,0.6,0.268914641838728,5341.6,1147.2,24090.4,8.8,6785.8,1404.6,25154.4,8.8,2911,1620,16323,8,1.93185165257814,0.999999999999999,0.517638090205043,-0.517638090205041,-1,"unclassified",NA
"1098922391009398784",5,6,5,1,1,3,3,3,1.5,1,0.2,1.66666666666667,1.15470053837925,1.86666666666667,-4.24814711985014,0.0698999699019758,4.31804708975212,0.0698999699019758,0.0698999699019758,1.05149907440556,0.0431768514811946,0.303035885945449,0.138629436111989,0.693147180559945,0.8,0.83519221416532,24715.6,8397.6,161598.8,4.4,16944.4,3297.8,57653.4,4.6,932,970,2279,10,2.07431329305194,0.834999618124467,0,0,-0.834999618124466,"unclassified",NA
"1098924433618550784",8,9,8,1,1,6,6,3,1.28571428571429,3,0.375,1.33333333333333,0.816496580927726,3.16666666666667,-0.983753137757602,0.625429637953808,1.60918277571141,0.343508301928159,0.625429637953808,1.12087426416806,0.277754292974839,0.149117893397125,0.397256728793493,3.17805383034794,0.5,0.773955848659086,2780.75,2364.375,258720.75,7.375,2063.75,1535.875,230926.375,5.875,68,82,636,2,1.96157056080646,1.66293922460509,1.1111404660392,0.390180644032257,0,"unclassified",NA
"1098925658372227073",5,6,5,1,1,3,3,3,1.5,3,0.6,1.66666666666667,1.15470053837925,2.13333333333333,-0.478811811726114,0.671942874143593,1.15075468586971,-0.478811811726114,0.0596884346670449,2.5242580090162,0.13032149101511,0.155102852047007,0,0,0.4,0.576881391761026,7028.2,462.4,977,5.6,9986.4,374.6,1190.6,7.6,5192,158,906,9,1.90211303259031,1.17557050458495,0.00000000000000000000000000000000000000000000000427642353614751,-0.000000000000000222044604925031,-1.17557050458495,"unclassified",NA
"1098926002292441089",12,13,12,1,1,7,7,3,1.625,2,0.166666666666667,1.2,0.421637021355784,4.35897435897436,-3.19191769120552,1.06970690289217,4.26162459409769,-1.11777657767191,0.267244643714877,1.89729620702899,0.292305688785714,0.135469504451529,0.630006705418486,7.56008046502183,0.833333333333333,0.323536489302292,363.416666666667,418.666666666667,7823.5,4.5,306.666666666667,329.75,5105.5,3.66666666666667,319,14,349,1,2.03325679619043,1.82920534627896,1.50235984797091,1.20053797979684,0.854516170513289,"viral",2
"1098926211991068673",2,3,2,1,1,1,1,2,1.5,2,1,2,0,1.33333333333333,0.0465305840438114,0.0465305840438114,0,0.0465305840438114,0.0465305840438114,0.693147180559945,0.000404932258653629,0.0079386496717336,0,0,0,0.652427933012978,578,532,2300,5,2484,589,5336,7,2484,589,5336,7,1.4142135623731,0,-1.4142135623731,0,0,"unclassified",NA
"1098926971181060096",5,6,5,1,1,2,2,3,2,3,0.6,1.66666666666667,1.15470053837925,2.06666666666667,-1.73601326384213,0.240420355429392,1.97643361927152,-1.73601326384213,-0.102071212561169,1.84532146888801,0.0180166114875288,0.0787614180679693,0,0,0.8,0.543743664402174,1624,960,71903.8,8,1852.8,886.4,59239.8,8.2,1565,820,23765,8,1.93185165257814,1,0.517638090205042,-0.517638090205042,-1,"unclassified",NA
"1098927042500931584",83,84,83,1,1,5,5,28,14,28,0.337349397590361,3.77272727272727,6.12513804067435,4.03958691910499,-1.08966321980403,0.821290545314533,1.91095376511856,0.517302759216959,0.517302759216959,1.78537459780056,0.0377010891658481,0.102895475346273,0.145246214277141,12.0554357850027,0.325301204819277,0.678855428629826,2325.28915662651,790.21686746988,65959.8674698795,6.3855421686747,19452.1927710843,1570.59036144578,151253.759036145,7.25301204819277,36189,2360,39774,8,5.4027584817071,3.6574522035057,2.87054676976641,2.46897631147091,2.19162769598474,"viral",2
"1098927549986586625",22,23,22,1,1,2,2,20,7.66666666666667,20,0.909090909090909,11,12.7279220613579,2.06324110671937,-0.233790478984925,0.615462336200647,0.849252815185572,0.615462336200647,0.615462336200647,2.38076976110226,0.0254728741894663,0.12522042790797,0,0,0.0909090909090909,0.907799264269483,5067.5,2643.77272727273,5900.90909090909,3.13636363636364,103815.454545455,4828.72727272727,12274.9090909091,6.09090909090909,103446,1009,12926,6,4.4844658075566,1.37461500823165,0.0000000000000000000000000000000167861772457258,0.00000000000000000000000000000000000000000000000149475776625803,0.0000000000000000000000000000000000000000000000000200484500857821,"broadcast",1
"1098928229459640320",28,29,28,1,1,5,5,10,4.83333333333333,10,0.357142857142857,2.54545454545455,2.65945995885016,3.65024630541872,-1.17329678207628,0.890387433832412,2.06368421590869,-0.651504881850607,-0.208168343047605,1.29381949112829,0.0495357869427569,0.133918137136127,0.323719923635646,9.0641578617981,0.714285714285714,0.743870424948237,1679,1041.92857142857,35284.1071428571,5.75,4786,1860.71428571429,81542.3928571429,5.71428571428571,8804,2679,164119,8,3.2946293686685,2.37607536931493,1.94904158975038,1.70148793260452,1.36992109755415,"viral",2
"1098928913147981824",5,6,5,1,1,2,2,4,2,4,0.8,2.5,2.12132034355964,1.86666666666667,-1.71905678909392,-0.859013168838139,0.860043620255781,-0.859013168838139,-0.859013168838139,2.91796780570721,0.157222621244407,0.295013482223867,0,0,1,0.707045227616359,10084,9915.6,29061.8,5.2,201224.4,135895.8,227175.8,7.6,246246,164433,273370,8,2.07431329305194,0.834999618124466,0,0,-0.834999618124466,"unclassified",NA
"1098930196609150977",11,12,11,1,1,6,7,4,1.71428571428571,2,0.181818181818182,1.57142857142857,0.534522483824849,3.46969696969697,-0.597511801364764,0.61927637192697,1.21678817329173,-0.0706941697432771,0.583629440188972,1.68843175068866,0.526889231085047,0.215026526536726,0.441093660356329,4.85203026391962,0.818181818181818,0.92185602268381,179.454545454545,198.727272727273,3147.81818181818,1.81818181818182,180.818181818182,199,3347.90909090909,1.54545454545455,447,513,4226,1,2.16121248479347,1.76600839764028,1.47046230678102,0.929782809145139,0.428508421377304,"viral",2
"1098930695722930177",5,6,5,1,1,1,1,5,3,5,1,5,0,1.66666666666667,-1.14386794059653,-1.14386794059653,0,-1.14386794059653,-1.14386794059653,3.38470062676146,0.194776735431628,0.0684373962070719,0,0,0,0.818992464245677,553.4,549,74587.8,6.2,512459,199,265917,10,512459,199,265917,10,2.23606797749979,0,0,0,0,"unclassified",NA
"1098934248298475520",5,6,5,1,1,2,2,4,2,4,0.8,2.5,2.12132034355964,1.86666666666667,0.112304346648875,0.910257700965097,0.797953354316222,0.112304346648875,0.27189501751212,0.716703787691222,0.0224966190620695,0.0566692193996079,0.138629436111989,0.693147180559945,0.6,0.447142085134912,890.6,644.4,7889.2,7.2,625.4,541,4752,6.6,638,577,4946,7,2.07431329305194,0.834999618124466,0,0,-0.834999618124466,"unclassified",NA
"1098935192021028865",4,5,4,1,1,2,3,2,1.66666666666667,2,0.5,2,0,1.8,-0.922174660745486,0.563020184343878,1.48519484508936,-0.179577238200804,0.563020184343878,1.34381960192104,0.00580845413445466,0.0294387071058395,0,0,1,0.858032116536549,538,459.75,8669.75,4.75,2662,2325,18141,4,3923,3347,25101,2,1.84775906502257,0.765366864730179,0,-0.765366864730179,-1.84775906502257,"unclassified",NA
"1098937574394130432",31,32,31,1,1,2,2,26,10.6666666666667,26,0.838709677419355,10.3333333333333,13.6503968196288,2.20564516129032,0.00269810807539983,1.01787734696651,1.01517923889111,0.268024681431186,0.268024681431186,1.71618044044082,0.0448946949516018,0.0769040289219182,0,0,0.32258064516129,0.778665440003862,1006.16129032258,921.741935483871,41774.0322580645,5.93548387096774,4895.03225806452,2676.51612903226,13205.2580645161,3.61290322580645,5492,3043,6400,3,5.12051484160419,1.95511465918832,0.978700376181666,0.00000000000000000810356168176703,0.00000000000000000128276638396089,"broadcast",1
"1098938094483578880",3,4,3,1,1,2,3,2,1.33333333333333,1,0.333333333333333,1.5,0.707106781186548,1.5,1.78762186816111,1.96940999140206,0.18178812324095,1.96940999140206,1.96940999140206,1.97026554801351,0.224175802645087,0.242900994499994,0.462098120373297,1.38629436111989,1,0.781469399019519,1394.66666666667,1872,13799.6666666667,4.33333333333333,2887.66666666667,4031,14873.3333333333,9.33333333333333,3715,2755,26008,10,1.73205080756888,0,0,-1.73205080756888,0,"unclassified",NA
"1098939688314916864",3,4,3,1,1,2,2,2,1.33333333333333,1,0.333333333333333,1.5,0.707106781186548,1.5,-1.00431308443238,0.183115477471678,1.18742856190406,0.183115477471678,0.183115477471678,0.231049060186648,0.260223085583395,0.0682202340308103,0,0,0.666666666666667,0.621280464242699,931,2729.66666666667,10768,5.33333333333333,405.666666666667,3280.33333333333,625.333333333333,0.666666666666667,61,183,408,0,1.73205080756888,0,0,-1.73205080756888,0,"unclassified",NA
"1098942209095692288",4,5,4,1,1,1,1,4,2.5,4,1,4,0,1.6,0.657684774427153,0.657684774427153,0,0.657684774427153,0.657684774427153,1.09550665866847,0.697783595368694,0.106087420479345,0,0,0,0.983908543453769,36.5,143.25,19438.75,1.25,82,110,10318,1,82,110,10318,1,2,0,0,0,-2,"unclassified",NA
"1098942481696206850",9,10,9,1,1,4,4,3,2,2,0.222222222222222,1.5,0.836660026534076,2.8,-1.48733046576257,0.339259963233218,1.82659042899579,-0.818320314490688,0.0338421326318981,1.81517291715202,0.0504349502049367,0.0519825798585671,0.0770163533955494,0.693147180559945,1,0.540225235170062,1378.11111111111,841.888888888889,159880.444444444,9.22222222222222,1452.33333333333,536,176600.222222222,9.66666666666667,1702,158,99907,10,2.22158329395277,1.4142135623731,1.23991998815457,0.726062043495419,0.0000000000000000175619938881692,"viral",2
"1098943698044420098",12,13,12,1,1,2,2,7,4.33333333333333,7,0.583333333333333,6,1.4142135623731,2.23076923076923,-1.65849813389769,-1.11770719634907,0.54079093754862,-1.65849813389769,-1.11770719634907,1.746814511305,0.0411634779867104,0.0612312334734749,0,0,0.0833333333333333,0.516319803218105,22556.6666666667,1491.75,86751.1666666667,7.91666666666667,108178.583333333,752.333333333333,41672.8333333333,9.25,4454,699,3967,8,2.90680060251528,1.88427977148215,0.000000000000000888178419700125,0.00000000000000000000000000000000583374879708914,0.00000000000000000000000000000000000000000000000379394355562552,"broadcast",1
"1098944633394978816",67,68,67,1,1,5,5,49,11.3333333333333,49,0.73134328358209,7.44444444444444,15.930404193798,2.59833187006146,-0.115438014495027,2.10404313282275,2.21948114731778,0.388305806726137,0.800150009253169,1.63712421380295,0.0750358874230717,0.0488497483690092,0.0413819212274594,2.77258872223978,0.0746268656716418,0.697066612578014,768.358208955224,483.059701492537,37063.7313432836,5.25373134328358,17645.7611940299,60.8805970149254,7079.9552238806,4.92537313432836,20648,14,2355,5,7.02636646082879,3.27350422226769,1.72893709138862,1,1,"broadcast",1
"1098949851105120256",3,4,3,1,1,2,2,2,1.33333333333333,2,0.666666666666667,1.5,0.707106781186548,1.66666666666667,0.567781189658551,0.916993736876413,0.349212547217862,0.567781189658551,0.777308717989268,0.462098120373297,0.0493795833651756,0.180067674833695,0,0,0,0.55527897258018,800.333333333333,1006,16153,4,4764.33333333333,1026,25625.6666666667,5.33333333333333,6388,580,28310,6,1.61803398874989,0.618033988749895,-0.618033988749895,-1.61803398874989,0,"unclassified",NA
"1098950220187086853",81,82,81,1,1,4,4,68,16.4,68,0.839506172839506,7.36363636363636,20.1209976257278,2.39596507076182,-1.64887439744262,0.880305527261557,2.52917992470418,0.0803026112500968,0.0803026112500968,1.64158174974364,0.0148345711802657,0.0517818538957802,0.0369843490562221,2.99573227355399,0.111111111111111,0.64267122753529,2174.02469135802,2686.39506172839,43608.8148148148,8.16049382716049,45198.037037037,3472.53086419753,45741.2222222222,8.02469135802469,50888,737,23457,8,8.25446025857834,1.84465517606956,1.71894745112502,1.40889717249985,1.00000000000001,"broadcast",1
"1098950723516186626",40,41,40,1,1,8,8,8,4.55555555555556,7,0.175,2.22222222222222,1.73393654662229,5.28292682926829,-1.17021156057908,1.5029346577258,2.67314621830488,0.539151754592208,1.01508596671973,1.52394011822224,0.0549054015424286,0.101703753073043,0.618709723253164,24.7483889301266,0.475,0.642781435179994,2548.65,1360.05,17964.875,6.85,7506.675,1365.6,13614.55,7.9,3508,1228,9173,9,3.00977626560607,2.53320912332559,2.30967752400479,2.15878684613858,1.82916833933319,"viral",2
"1098950748694593541",5,6,5,1,1,3,3,2,1.5,2,0.4,1.66666666666667,0.577350269189626,2.13333333333333,-1.95122709541934,0.566502038762403,2.51772913418174,0.080997550396463,0.566502038762403,3.02391496416304,0.0172722267856434,0.246885150237189,0,0,0.8,0.485870710676393,1360.6,839.6,48297.2,7.6,1819.8,1081.6,41774.4,6.8,1484,1058,16274,4,1.90211303259031,1.17557050458495,0,0,-1.17557050458495,"unclassified",NA
"1098951126186184706",5,6,5,1,1,3,3,2,1.5,2,0.4,1.66666666666667,0.577350269189626,2.06666666666667,-1.32071485848035,0.404873271070552,1.7255881295509,0.0230067845682919,0.099380081868744,1.45613943907695,0.0378101737420634,0.110342084820118,0.219722457733622,1.09861228866811,1,0.645865861297789,784,580.6,40807.4,6.4,541.6,599.4,20403.6,6.6,503,469,4927,5,1.93185165257814,1,0.517638090205042,-0.517638090205042,-1,"unclassified",NA
"1098951818220990464",9,10,9,1,1,1,1,9,5,9,1,9,0,1.8,0.537371357795427,0.537371357795427,0,0.537371357795427,0.537371357795427,2.2246048194125,0.0149263329845565,0.107408519958317,0,0,0.111111111111111,0.782177163563913,540.888888888889,1241.44444444444,25006.4444444444,5.55555555555556,2476,1938,3180,5,2476,1938,3180,5,3,0,0,0,0,"broadcast",1
"1098954716506189826",22,23,22,1,1,6,6,5,3.28571428571429,5,0.227272727272727,2,1.26491106406735,4.09486166007905,-0.435361922135179,1.02341434406387,1.45877626619905,0.321758959429145,0.687694378245836,1.49750449119478,0.0394499617021151,0.156335673779723,0.433370976865629,9.53416149104384,0.636363636363636,0.555083753699576,3032.13636363636,2327.59090909091,41454.5909090909,4.18181818181818,5448.77272727273,3143.31818181818,48328.9545454545,5.77272727272727,12020,5320,83428,10,2.59896322149471,2.26974634751552,1.7704798241502,1.64058028950856,1.33600903576969,"viral",2
"1098956469700100096",3,4,3,1,1,1,1,3,2,3,1,3,0,1.5,0.134997922810577,0.134997922810577,0,0.134997922810577,0.134997922810577,0.366204096222703,0.0925444930238527,0.0108225108225108,0,0,0,0.910432338365739,73,127.333333333333,10298.3333333333,3,141,80,624,4,141,80,624,4,1.73205080756888,0,0,-1.73205080756888,0,"unclassified",NA
"1098957946107686912",3,4,3,1,1,2,2,2,1.33333333333333,1,0.333333333333333,1.5,0.707106781186548,1.5,-0.0158126408297099,0.160079694426773,0.175892335256483,-0.0158126408297099,0.0897227603241798,1.81557912388877,0.0403226578029464,0.167313406015461,0,0,0,0.478542061868054,25901.6666666667,703,13732.3333333333,7,52218.3333333333,1363,6897.33333333333,6,6989,3685,9184,8,1.73205080756888,0,0,-1.73205080756888,0,"unclassified",NA
"1098958092895686656",6,7,6,1,1,3,3,2,1.75,2,0.333333333333333,1.5,0.577350269189626,2.28571428571429,-2.26157645388837,0.227086897803152,2.48866335169152,-0.0989497593569878,-0.0874537964267996,2.70601888762524,0.385015731197509,0.107529903453752,0.115524530093324,0.693147180559945,0.166666666666667,0.810481043292557,12128.3333333333,94.5,243353.333333333,4.16666666666667,11598.6666666667,102.5,261271.833333333,2.83333333333333,47,134,215,1,2,0.999999999999999,0.999999999999998,0.00000000000000111022302462494,-0.999999999999999,"unclassified",NA
"1098960022292348929",5,6,5,1,1,2,2,4,2,4,0.8,2.5,2.12132034355964,1.86666666666667,-2.23234907878313,-0.354166209112782,1.87818286967035,-0.354166209112782,-0.354166209112782,1.46063401024736,0.0568328524203476,0.116699504595559,0,0,0.6,0.504754636458682,7807.6,4858.8,117005.4,6.8,16347.2,2178,36604.4,8.8,20028,2556,44500,9,2.07431329305194,0.834999618124467,0,0,-0.834999618124466,"unclassified",NA
"1098962958317744128",62,64,62,2,2,4,4,37,12.8,37,0.596774193548387,2.95238095238095,7.59918542000516,3.16701902748414,-1.30245514975348,2.04054110689513,3.34299625664861,0.531550563281634,0.628914464604405,1.33267869151983,0.168524100877065,0.0453767573765537,0.204781725232639,12.6964669644236,0.32258064516129,0.64312471445639,3262.14516129032,2305.46774193548,28255.935483871,2.79032258064516,8756.88709677419,2168.32258064516,30670.0322580645,1.62903225806452,8297,1,6588,0,6.03146951832495,2.07431329305194,2.06227902847853,1.78850481492665,1.41421356237309,"broadcast",1
"1098963507763007490",4,5,4,1,1,3,3,2,1.25,2,0.5,1.33333333333333,0.577350269189626,2,-0.80678455286401,1.01873937905846,1.82552393192247,0.324145424926418,1.01873937905846,2.22636107969743,0.357294838735802,0.0736932905217648,0,0,0.5,0.74683916857144,433.75,301.5,34418.25,2.5,345.25,370,14702.75,1,277,353,1838,1,1.73205080756888,1,-0.000000000000000666133814775118,-1,-1.73205080756888,"unclassified",NA
"1098964858341535744",50,51,50,1,1,12,12,26,3.92307692307692,3,0.06,3.33333333333333,5.8022983951764,4.78274509803922,-1.32775409552701,0.858244601623275,2.18599869715028,0.0798997963327956,0.106826938400929,2.2508982164388,0.0941489239671628,0.314530639138105,0.560706341908642,28.0353170954321,0.54,0.854904690851697,10999.58,6091.5,96509.06,5.56,133279.94,24813.3,141379.66,8.02,40898,22091,83414,6,5.02823218421279,2.34564547960494,2.20797204026905,1.9582295005241,1.71851398641993,"viral",2
"1098964900284690433",5,6,5,1,1,1,1,5,3,5,1,5,0,1.66666666666667,-2.02967393903863,-2.02967393903863,0,-2.02967393903863,-2.02967393903863,3.84304948089617,0.0840851784928156,0.100087566230505,0,0,0,0.539898339984868,2327.2,176.8,12687.2,3.6,643522,87,11856,4,643522,87,11856,4,2.23606797749979,0,0,0,0,"unclassified",NA
"1098967043578175489",1,2,1,1,1,1,2,1,1,1,1,1,0,1,0.623932613778737,0.623932613778737,0,0.623932613778737,0.623932613778737,0.693147180559945,0.0417992376933009,0.151394422310757,0,0,0,0.969570787956438,258,507,6286,1,259,124,6239,3,259,124,6239,3,1,-1,0,0,0,"unclassified",NA
"1098967127426510848",14,15,14,1,1,3,3,8,3.75,8,0.571428571428571,3.5,3.1091263510296,2.59047619047619,-0.235973452390042,0.715859069223624,0.951832521613666,0.262103491032399,0.262103491032399,2.50888318022867,0.0475189433685911,0.0895589065207131,0.0990210257942779,1.38629436111989,0.214285714285714,0.792058787713879,860,390.071428571429,21527.7857142857,3.28571428571429,2800,107.571428571429,23888.9285714286,3.35714285714286,3388,15,1178,3,2.94220921234606,1.89485162133893,1.20007524026027,0.55925101842502,0.000000000000000444089209850063,"broadcast",1
"1098967156799275008",5,6,5,1,1,3,3,3,1.5,3,0.6,1.66666666666667,1.15470053837925,2.13333333333333,-1.08966321980403,0.534667348039293,1.62433056784332,-1.08966321980403,0.234837236147637,2.20041996824085,0.0488505369977711,0.12161345907964,0.138629436111989,0.693147180559945,0.4,0.757282547887378,3478.6,913,277903.6,6.6,6145,1336.4,95076.2,8.2,6387,913,36907,8,1.90211303259031,1.17557050458495,0.000000000000000444089209849895,-0.00000000000000000000000000000000308148791101958,-1.17557050458495,"unclassified",NA
"1098967987263016960",4,5,4,1,1,1,1,4,2.5,4,1,4,0,1.6,0.180754478905489,0.180754478905489,0,0.180754478905489,0.180754478905489,3.22247412465731,0.0621339246942249,0.0372782133474464,0,0,1,0.896880639511018,923,604.5,144314.75,5.5,39725,37964,8686,4,39725,37964,8686,4,2,0,0,0,-2,"unclassified",NA
"1098968192796495874",6,7,6,1,1,5,5,2,1.16666666666667,1,0.166666666666667,1.2,0.447213595499958,2.38095238095238,-4.24814711985014,0.534055211549959,4.7822023314001,-0.330967552227427,0.275128824124765,2.13478037322066,0.0431843849891801,0.120961999203733,0.346573590279972,2.07944154167983,0.666666666666667,0.555850990045227,6266.5,1596.5,44272,6.16666666666667,12637.5,2365.66666666667,47739,7.33333333333333,10192,2915,10839,5,1.96961550602442,1.28557521937308,0.684040286651338,-0.00000000000000000000000031235337040533,-0.684040286651337,"unclassified",NA
"1098969123915223041",5,6,5,1,1,1,1,5,3,5,1,5,0,1.66666666666667,0.360252031227512,0.360252031227512,0,0.360252031227512,0.360252031227512,2.45607269162209,0.0232780393608889,0.101770875610952,0,0,1,0.680311981743279,892.2,1071.4,19899.4,6.4,9999,8909,8752,1,9999,8909,8752,1,2.23606797749979,0,0,0,0,"unclassified",NA
"1098969199420964865",28,29,28,1,1,5,5,18,4.83333333333333,18,0.642857142857143,3.11111111111111,5.60009920547048,2.99014778325123,-1.60935799104413,0.819927632381462,2.42928562342559,-1.60935799104413,0.344968889923031,2.53320333920047,0.0377868242871956,0.0657248158376773,0.163012435409566,4.56434819146783,0.25,0.641672283345134,2398.14285714286,1821,67113.7857142857,6.71428571428571,21128.7142857143,1045.75,116449.357142857,7.39285714285714,31004,351,148143,8,4.27870730042058,1.89078676081681,1.41421356237309,1.35256855391999,1.16735868921144,"broadcast",1
"1098969446914371584",16,17,16,1,1,2,2,13,5.66666666666667,3,0.1875,5.33333333333333,5.85946527708232,2.25,-1.113735616453,-0.285041950319866,0.828693666133134,-0.330800052973241,-0.330800052973241,2.09975659739674,0.0270050535567544,0.132738234616713,0,0,0.1875,0.745753599615365,7313.8125,509.6875,89366.875,6,78969.6875,1444.875,36939.75,7.75,689,588,8650,4,3.63145707690002,1.56189408129591,0.610742480465874,0,0,"broadcast",1
"1098969748870582272",5,6,5,1,1,5,5,1,1,1,0.2,1,0,2.33333333333333,-4.24814711985014,1.00046482556696,5.2486119454171,0.166933941357232,0.697012203059854,1.76493557823284,0.0907488209358124,0.130162496470865,0.138629436111989,0.693147180559945,1,0.651245498946221,670,523.8,24020.6,5,699.6,512,14232.2,5,1375,656,31721,8,1.80193773580484,1.24697960371747,0.445041867912629,-0.445041867912629,-1.24697960371747,"unclassified",NA
"1098970457728937985",7,8,7,1,1,1,1,7,4,7,1,7,0,1.75,-0.99659043381058,-0.99659043381058,0,-0.99659043381058,-0.99659043381058,1.87978606057431,0.0452491188330076,0.0119238111612503,0,0,0,0.705538710478641,402.428571428571,391.428571428571,30661.1428571429,4,779,28,95,0,779,28,95,0,2.64575131106459,0,0,0,0,"unclassified",NA
"1098971921532706816",11,12,11,1,1,5,5,6,2,6,0.545454545454545,2.2,2.16794833886788,3.13636363636364,-0.75761949714237,0.574024181056988,1.33164367819936,-0.75761949714237,-0.0898078797545451,2.53336573274863,0.794035538832488,0.1248484803849,0.449240220237209,4.9416424226093,0.181818181818182,0.847644520870708,281.909090909091,146.090909090909,33899,2.90909090909091,207.363636363636,158.181818181818,35501.8181818182,3.18181818181818,130,62,11635,3,2.50068351447916,1.87615814153892,1.10752543462864,0.000000000000000444089209850063,0.000000000000000375352423928226,"viral",2
"1098971950897086465",13,14,13,1,1,3,3,10,3.5,10,0.769230769230769,3.25,4.5,2.31868131868132,-0.288218713418073,1.0560443484554,1.34426306187347,0.108688691356726,0.108688691356726,2.58118338044097,0.0956753386131276,0.0942613743642035,0,0,0.230769230769231,0.656977801952604,1045,1858.92307692308,4938.07692307692,4.15384615384615,34988.5384615385,1444.23076923077,8804.69230769231,8.23076923076923,44954,836,9733,9,3.19841412923917,1.37537482597788,0.937278585026666,0.000000000000000888178419700125,0.00000000000000000000000000000000000000000000000909379554368347,"broadcast",1
"1098972227708612612",4,5,4,1,1,3,3,2,1.25,1,0.25,1.33333333333333,0.577350269189626,1.8,-1.86225514822973,-0.496100036301188,1.36615511192854,-1.12524788033331,-0.873588742720461,3.00222229897137,0.358638104194603,0.194874328398646,0.173286795139986,0.693147180559945,0.25,0.575159864787949,9234,648.75,15192,9,22877.75,175.75,25871,10,22857,136,9419,10,1.84775906502257,0.76536686473018,-0.000000000000000111022302462691,-0.765366864730179,-1.84775906502257,"unclassified",NA
"1098972630390996993",5,6,5,1,1,3,3,2,1.5,2,0.4,1.66666666666667,0.577350269189626,2.06666666666667,-0.44234280506329,-0.049276144865152,0.393066660198138,-0.174939521167184,-0.049276144865152,2.46636477016715,0.106825357441033,0.0585139089863138,0,0,0.6,0.650997850731938,10702,1577.4,68233.6,9.8,17645,940.8,36885.6,10.6,3475,640,12863,11,1.93185165257814,1,0.517638090205042,-0.517638090205042,-1,"unclassified",NA
"1098974693984518146",5,6,5,1,1,3,3,2,1.5,2,0.4,1.66666666666667,0.577350269189626,2.13333333333333,-0.868326763745989,0.81595065743527,1.68427742118126,0.562207988589042,0.81595065743527,1.81352481395492,0.0143989364594935,0.109012527609248,0.138629436111989,0.693147180559945,1,0.517979262583005,610.8,755.2,13234.8,6,854.8,649,31157.4,5.8,1584,793,52705,7,1.90211303259031,1.17557050458495,0,0,-1.17557050458495,"unclassified",NA
"1098975436351115266",5,6,5,1,1,1,1,5,3,5,1,5,0,1.66666666666667,-1.19167078727803,-1.19167078727803,0,-1.19167078727803,-1.19167078727803,2.72476150649688,0.202388891452844,0.111823767175504,0,0,0,0.7993290467964,1043.4,844,52811.2,6.2,44840,291,40072,10,44840,291,40072,10,2.23606797749979,0,0,0,0,"unclassified",NA
"1098976031950729216",7,8,7,1,1,2,2,6,2.66666666666667,6,0.857142857142857,3.5,3.53553390593274,1.92857142857143,-0.159741835985495,0.930422874497447,1.09016471048294,-0.159741835985495,-0.159741835985495,2.85192828129208,0.0398909108149876,0.124078340229884,0,0,1,0.652768529767796,1671.28571428571,2071.71428571429,55008.8571428571,5.71428571428571,19098.7142857143,12661.8571428571,135425.857142857,7.57142857142857,21713,13939,127404,7,2.48848998462265,0.898564186039456,0,0,0,"unclassified",NA
"1098976413615439872",67,68,67,1,1,3,3,57,17,57,0.850746268656716,6.7,17.6764124062423,2.28270412642669,-0.929393494612999,1.11239387851512,2.04178737312812,-0.0370596402650966,-0.0370596402650966,1.25542042350418,0.00678466344182909,0.0441655220858795,0,0,0.119402985074627,0.647051758600586,706.313432835821,695.970149253731,43316.0746268657,6.55223880597015,99401.3134328358,2554.85074626866,37759.2686567164,9.65671641791045,116577,2885,27278,10,7.56050403851687,1.4142135623731,1.39681999304274,1.00000000000001,1,"broadcast",1
"1098980263999213569",5,6,5,1,1,1,1,5,3,5,1,5,0,1.66666666666667,-0.0191194409804915,-0.0191194409804915,0,-0.0191194409804915,-0.0191194409804915,2.19358447788053,0.143791492821306,0.035702235368515,0,0,0.4,0.814160398852044,1893.2,2245.2,25071.6,3.6,17829,11137,9683,8,17829,11137,9683,8,2.23606797749979,0,0,0,0,"unclassified",NA
"1098980817668370432",45,46,45,1,1,5,5,32,7.66666666666667,32,0.711111111111111,5,10.1365674663566,3.02125603864734,-0.838215653541184,1.37238743934578,2.21060309288696,-0.0417161990037427,0.0432366142463713,1.03098860246235,0.0259874154529988,0.0844561642238325,0.183405058790706,8.25322764558177,0.333333333333333,0.481720175870286,849.755555555556,1045.48888888889,21505.9777777778,7.62222222222222,4146.91111111111,1474.93333333333,34864.1777777778,9.13333333333333,4778,1223,18401,10,5.67170856575818,2.07033844948954,1.91862452907677,1.39877227043484,0.999999999999999,"broadcast",1
"1098981291624751105",14,16,14,2,2,6,12,3,2.28571428571429,3,0.214285714285714,1.4,0.516397779494322,2.73684210526316,-0.486681036862339,1.64215614853967,2.12883718540201,0.273597208240917,1.19947867170617,1.93577298777487,0.0494495800838165,0.262922977901987,1.10784840579883,15.5098776811837,0.928571428571429,0.896157371691005,18253.5,7913.64285714286,158385.857142857,7.35714285714286,21111.6428571429,7785.92857142857,169795.857142857,7.92857142857143,10398,4618,211985,10,2.0153160671926,2,1.54801115338826,1.41421356237309,1.14288124645367,"viral",2
"1098982126291206149",14,15,14,1,1,5,5,6,2.5,4,0.285714285714286,2.33333333333333,2.16024689946929,3.21904761904762,-0.381834066835967,1.62893422111426,2.01076828795023,0.187366774821045,0.537310540478468,0.995486243780032,0.00430773092733304,0.134855803290699,0.0495105128971389,0.693147180559945,0.714285714285714,0.601880473919135,2327.35714285714,1901.92857142857,54547.7142857143,6.07142857142857,7113.5,6410.78571428571,71493.0714285714,5.57142857142857,3034,1449,95622,7,2.71535491820479,2.11157824421044,1,0.881021956231546,0.626007427588645,"viral",2
"1098982382143660032",32,33,32,1,1,7,7,13,4.125,10,0.3125,2.90909090909091,4.0361998328761,3.43181818181818,-1.41091499973325,1.21954292083909,2.63045792057234,-0.0852955070295267,0.416524049153011,2.20273499875907,0.061698250324489,0.0636759739445497,0.218272385003696,6.98471632011826,0.46875,0.625098013363786,1667.59375,1188.78125,57112.03125,7.375,459386.71875,379.625,43910.5625,8.84375,1453119,100,65582,10,3.85686194099659,2.7651037373191,1.82477236632369,1.41421356237309,1.34704301806401,"viral",2
"1098983330039689217",16,17,16,1,1,3,3,11,4.25,11,0.6875,3.2,4.38178046004133,2.45588235294118,-2.35497026974404,-0.320556205603809,2.03441406414023,-1.0712754027853,-1.0712754027853,2.66227987979568,0.0728839588766969,0.133501391863201,0.0433216987849966,0.693147180559945,0.875,0.714248167256003,3785.5,3061.8125,98332.6875,6.625,33309.125,18556.0625,105273.4375,7.25,44372,24710,34193,7,3.37888558762605,1.55852804334869,1,0.887728129001217,0.60502999331329,"broadcast",1
"1098983850154184704",3,4,3,1,1,1,1,3,2,3,1,3,0,1.5,-0.0886954585312449,-0.0886954585312449,0,-0.0886954585312449,-0.0886954585312449,1.7309856169634,0.0103238873277445,0.0224319119519034,0,0,0,0.846731991981335,1119,833.666666666667,57025,4,2771,566,19098,4,2771,566,19098,4,1.73205080756888,0,0,-1.73205080756888,0,"unclassified",NA
"1098984043075514368",7,8,7,1,1,2,2,6,2.66666666666667,6,0.857142857142857,3.5,3.53553390593274,1.92857142857143,0.581756308538855,0.809518630827094,0.227762322288239,0.809518630827094,0.809518630827094,1.88894383188038,0.0582506628765584,0.0392372200168818,0,0,0.571428571428571,0.765227512541389,958.428571428571,675,52948,6.71428571428571,1666.71428571429,580,230676.428571429,7.42857142857143,1771,599,262359,8,2.48848998462265,0.898564186039456,0,0,0,"unclassified",NA
"1098985683039997952",2,3,2,1,1,1,2,2,1.5,2,1,2,0,1.33333333333333,-0.267132017327425,-0.267132017327425,0,-0.267132017327425,-0.267132017327425,1.09861228866811,0.102879923264211,0.180421631509518,0,0,1,0.791765765237721,4830.5,5323,3940.5,1,29997,29531,972968,4,29997,29531,972968,4,1.4142135623731,0,-1.4142135623731,0,0,"unclassified",NA
"1098987432068943875",5,6,5,1,1,4,4,2,1.2,2,0.4,1.25,0.5,2.33333333333333,-3.3555296998972,0.441390162309286,3.79691986220649,-0.877833384818591,0.257336490675588,4.20249683774332,0.428641726834061,0.392877013592951,0.358351893845611,1.79175946922805,1,0.725188910048552,953.6,350,2100.8,6.4,1224.8,589.2,2532.8,4.8,1058,707,2956,3,1.80193773580484,1.24697960371747,0.445041867912629,-0.445041867912629,-1.24697960371747,"unclassified",NA
"1098988652619796480",14,15,14,1,1,5,5,6,2.5,6,0.428571428571429,2.8,2.16794833886788,3.14285714285714,-1.07489447175488,0.685663541103249,1.76055801285813,0.585428024459411,0.685663541103249,1.89792863305981,0.0461863503068996,0.114682015354985,0.127982819230575,1.79175946922805,0.428571428571429,0.51903073694272,640.571428571429,766.285714285714,17719.9285714286,2.57142857142857,2318.57142857143,1213.78571428571,49708.6428571429,2,2862,889,72812,1,2.5883639906851,2.18194333605239,1.59357934536729,0.000000000000000316267882473588,0.00000000000000000143231504064249,"viral",2
"1098988912658300939",8,9,8,1,1,2,2,7,3,7,0.875,4,4.24264068711928,1.94444444444444,-1.32461220233655,-0.379334798299199,0.945277404037351,-0.379334798299199,-0.379334798299199,1.36308843689945,0.0314776026126448,0.0959190171249017,0,0,0.125,0.740843120828888,7081.125,7525.875,79736.5,7,17947.5,6377.125,63913,7.5,13350,761,6596,7,2.67624319899526,0.915271730051584,0.000000000000000111022302462516,0,0,"unclassified",NA
"1098992481994190848",7,8,7,1,1,1,1,7,4,7,1,7,0,1.75,-1.41375828122783,-1.41375828122783,0,-1.41375828122783,-1.41375828122783,3.5006108602527,0.100903008290375,0.0795656052652444,0,0,0,0.917842087420983,76,705.428571428571,3451.28571428571,2.71428571428571,548921,45635,856684,7,548921,45635,856684,7,2.64575131106459,0,0,0,0,"unclassified",NA
"1098993283110440960",13,15,13,2,2,5,5,4,2.5,4,0.307692307692308,2.16666666666667,0.752772652709081,3.0253164556962,-0.327448984065564,1.03226549221123,1.35971447627679,0.392124027019652,0.509273433077829,1.37441783417686,0.242341257763238,0.0976290462409307,0.275655302958162,3.58351893845611,0.461538461538462,0.718773794142699,2565,2088.15384615385,19004.6923076923,6.53846153846154,4502.92307692308,2300.23076923077,10390.3846153846,5.15384615384615,1063,503,4573,4,2.36456859264546,1.90663098694374,1.28903902501726,1,0.908151397193434,"viral",2
"1098993794815537154",42,50,42,8,8,5,6,15,8.33333333333333,11,0.261904761904762,1.75,1.18871505343411,2.94042553191489,-0.577962348813354,1.04609790476149,1.62406025357484,0.687040608902615,0.830019991949593,0.804403411829133,0.191892069153881,0.220145088507037,0.850864000385926,35.7362880162089,0.642857142857143,0.812222418075325,1808.7619047619,2234.66666666667,42693.1666666667,6.26190476190476,2891.83333333333,3269.54761904762,52622.5238095238,7.85714285714286,1602,2067,10243,9,2.71011298020061,2.44942485877587,2.302775637732,1.8744614777423,1.84775906502257,"viral",2
"1098993803204153344",69,70,69,1,1,32,33,6,2.12121212121212,1,0.0144927536231884,1.53333333333333,0.842075358320684,13.2248447204969,-1.92877328462502,0.91676921274299,2.84554249736801,0.175639034268925,0.513221038060289,0.714803822440371,0.118709704950733,0.358349560611139,2.49879320454359,172.416731113508,0.91304347826087,0.876520451328016,24099.2753623188,22200.5072463768,105689.144927536,5.59420289855072,30333.884057971,27943.9855072464,115933.086956522,5.33333333333333,22969,21326,77211,3,2.47884209218987,2.39946720933994,2.36936514407337,2.2939051845316,2.21570271056864,"viral",2
"1098994163922673664",3,4,3,1,1,2,2,2,1.33333333333333,2,0.666666666666667,1.5,0.707106781186548,1.66666666666667,0.262423521633423,0.32888226680653,0.066458745173107,0.262423521633423,0.302298768737287,2.51618532638996,0.0739285406401846,0.152699323538155,0.231049060186648,0.693147180559945,0.333333333333333,0.48692914951957,1272.66666666667,781.666666666667,35396.6666666667,3.33333333333333,1138,273,12515.3333333333,4,415,262,7274,4,1.61803398874989,0.618033988749895,-0.618033988749895,-1.61803398874989,0,"unclassified",NA
"1098995317381320704",7,8,7,1,1,2,2,4,2.66666666666667,4,0.571428571428571,1.75,1.5,2.28571428571429,-1.30320163423471,1.49368280600532,2.79688444024003,-1.30320163423471,1.10368126497331,2.1108440723005,0.0442859815881944,0.0807760499565744,0,0,0.857142857142857,0.602895238325075,1273.14285714286,718.571428571429,3125.85714285714,5.42857142857143,1802.42857142857,682.714285714286,3953,7.28571428571429,2107,717,3763,9,2.18890105931673,1,1,0.456850251747857,-0.456850251747856,"unclassified",NA
"1098995678079004674",12,13,12,1,1,3,3,9,3.25,2,0.166666666666667,4,4.35889894354067,2.1025641025641,-1.95585282818924,-1.31531361476923,0.64053921342001,-1.4170978719404,-1.4170978719404,2.79682662582962,0.243117387662924,0.0792049856453142,0,0,0.166666666666667,0.5795580897691,130951.083333333,1073.91666666667,222507.5,6.83333333333333,1169985.91666667,708.75,146782.833333333,7,7275,1023,16912,5,3.19640275403903,1,0.884878202902353,0,0,"viral",2
"1098997569689145345",4,5,4,1,1,3,3,2,1.25,2,0.5,1.33333333333333,0.577350269189626,2,0.112867259989954,0.971710523713759,0.858843263723805,0.380517483358022,0.777584833521158,0.447939867307014,0.00538784878835271,0.0849986780425446,0.274653072167028,1.09861228866811,0.75,0.73878580216582,559.25,734,18003.75,5.75,412.5,410.25,20176.75,5.75,276,258,26442,6,1.73205080756888,1,-0.000000000000000666133814775118,-1,-1.73205080756888,"unclassified",NA
"1098997762652286976",8,9,8,1,1,5,5,2,1.5,2,0.25,1.33333333333333,0.516397779494322,2.88888888888889,-1.02563395283764,0.000939039350378805,1.02657299218802,-0.29606615114735,-0.157341701328749,1.12214331060106,0.0149700685057217,0.0955647490539565,0.173286795139986,1.38629436111989,0.875,0.627646881014972,1076.125,906.125,29510.25,5.25,1152.875,1004,37838.125,5.5,1113,654,40373,6,2.04207896189791,1.5202328168626,1,0.720281678170412,-0.000000000000000444089210077039,"unclassified",NA
"1098998765069975553",20,21,20,1,1,2,2,17,7,17,0.85,6.66666666666667,8.9628864398325,2.15238095238095,0.296992371034646,0.899995119697381,0.603002748662735,0.787439423733789,0.787439423733789,1.00408029899746,0.0492502634501191,0.0475671662831052,0,0,0.15,0.393614597725212,2116.75,1386.1,25067.9,9.1,2709.3,1379.4,37991.4,9.45,2376,1333,37783,10,4.14649126208017,1.3700448742155,0.964151054621939,0.000000000000000888178419700125,0.0000000000000000000000000000000375707201822869,"broadcast",1
"1098999624898134022",15,16,15,1,1,3,3,9,4,9,0.6,3,3.39116499156263,2.625,-1.871187286601,-0.286627581846586,1.58455970475441,-0.704729230341478,-0.567175715855725,0.781264236558767,0.0397310873080223,0.0599442335056265,0.0732408192445407,1.09861228866811,0.4,0.663589609505734,5118.2,4756.13333333333,16490.8,5,6372.6,5830.6,17333.4,1.4,20,33,140,0,3.08952767341014,1.77926116732767,1,0.883053825604814,0.713627630320873,"broadcast",1
"1098999838803456001",5,6,5,1,1,3,3,2,1.5,2,0.4,1.66666666666667,0.577350269189626,2.06666666666667,-3.42624086925833,0.158893887271488,3.58513475652982,-0.551602056456721,-0.409502867711079,2.93078005741535,0.424443823596317,0.167049162200603,0.277258872223978,1.38629436111989,0.6,0.68943224429196,324.8,838.2,21871.8,3.4,149.2,206.8,2762.8,4.2,165,158,2790,1,1.93185165257814,0.999999999999999,0.517638090205043,-0.517638090205041,-1,"unclassified",NA
"1099000581199446016",12,13,12,1,1,6,7,5,1.85714285714286,1,0.0833333333333333,1.71428571428571,0.755928946018454,3.25641025641026,-0.511265536921584,1.4949530265757,2.00621856349728,0.395777403586326,0.742118151789691,2.18872596728193,0.951689392272117,0.356594078775382,0.598782251298368,7.18538701558041,0.833333333333333,0.857691952027471,179.083333333333,318.25,5282.33333333333,2.5,243.75,439.833333333333,6201.66666666667,1.75,209,416,10020,1,2.31171003692267,1.89841282550315,1.37999861022599,0.929216132885661,0.533091608746097,"viral",2
"1099000946133209088",11,12,11,1,1,2,2,10,4,10,0.909090909090909,5.5,6.36396103067893,1.96969696969697,0.485420698790163,0.635097600787803,0.14967690199764,0.485420698790163,0.485420698790163,2.10960048676984,0.00970360500932056,0.0354367796326527,0,0,0.0909090909090909,0.834864963993171,646.181818181818,633.818181818182,58482.2727272727,7.09090909090909,2644.63636363636,145.818181818182,24247,10.4545454545455,2878,114,17558,11,3.17958680155873,0.943518824058935,0,0,0,"broadcast",1
"1099001537496473600",7,8,7,1,1,1,1,7,4,7,1,7,0,1.75,0.687975827074342,0.687975827074342,0,0.687975827074342,0.687975827074342,1.74048827928077,0.23637647069245,0.0610430828512133,0,0,0,0.813961711951488,1379.28571428571,1404.14285714286,48767,3.14285714285714,6105,340,33156,2,6105,340,33156,2,2.64575131106459,0,0,0,0,"unclassified",NA
"1099005236889509888",3,4,3,1,1,3,4,1,1,1,0.333333333333333,1,0,1.66666666666667,-1.98794385505199,-0.0699825112921615,1.91796134375983,-0.0769429468914136,-0.0727666855318623,3.21108413122936,0.0702390523339947,0.165502323322541,0.597253156409352,1.79175946922805,1,0.566895692960831,952.666666666667,656,79093.3333333333,5.66666666666667,636.666666666667,659,20580,3,945,771,42306,1,1.6180339887499,0.618033988749895,-0.618033988749895,-1.61803398874989,0,"unclassified",NA
"1099005756978929665",8,9,8,1,1,2,2,5,3,5,0.625,2.66666666666667,2.08166599946613,2.22222222222222,-2.97632015854991,0.82230100238636,3.79862116093627,-0.447692474945845,0.314303611453479,2.17306560127719,0.00613804859519256,0.0758859785843527,0,0,0.375,0.505904612980705,5097.625,1371.25,158757.125,7.375,7762.125,820.25,125977.125,4.375,4304,642,25727,1,2.39683668147872,1.26651811665637,0.806911260610039,0.0000000000000000000000000000000000000000000000000427642353614755,0,"unclassified",NA
"1099005924767944704",8,9,8,1,1,1,1,8,4.5,8,1,8,0,1.77777777777778,-1.35411260499713,-1.35411260499713,0,-1.35411260499713,-1.35411260499713,1.99942318712067,0.0666982743957099,0.121345487176811,0,0,0.125,0.664431409769779,2133.625,1544.5,36854.75,5.875,23869,2712,14113,11,23869,2712,14113,11,2.82842712474619,0,0,0,0,"unclassified",NA
"1099007124347211776",94,95,94,1,1,7,7,35,11.875,35,0.372340425531915,4.27272727272727,7.67296936488468,4.57290033594625,-1.78669551151998,0.895287658924421,2.6819831704444,-0.204476179863094,0.307952252407945,2.81327898678962,0.121496126047953,0.0958604681815639,0.441413638949534,41.4928820612562,0.393617021276596,0.829383349892978,2090.3829787234,1295.3085106383,68007.9255319149,6.5531914893617,20335.6489361702,2046.57446808511,230804.457446809,7.88297872340426,24992,719,132172,9,5.94872114289303,4.14815620024838,2.87536276805851,2.69417695790489,2.52580930071599,"viral",2
"1099008634296651776",10,11,10,1,1,1,1,10,5.5,10,1,10,0,1.81818181818182,-0.0853217665602592,-0.0853217665602592,0,-0.0853217665602592,-0.0853217665602592,5.25296016912153,0.332266485674133,0.0906329455968726,0,0,0.1,0.974497444046418,355.9,1052,9360.6,3.9,548921,45635,856684,7,548921,45635,856684,7,3.16227766016838,0,0,0,0,"broadcast",1
"1099008760108875776",71,72,71,1,1,3,3,40,18,40,0.563380281690141,5.46153846153846,10.7905466699281,2.84037558685446,-0.36606912656394,1.17323753678475,1.53930666334869,0.414848242293608,0.521371940582323,1.23995229288194,0.340670499659821,0.050871715576009,0.0447613215541964,3.17805383034794,0.140845070422535,0.751016017867799,778.746478873239,890.507042253521,44803.338028169,3.88732394366197,1290.29577464789,589.619718309859,49783.1126760563,3.14084507042254,794,136,60334,4,6.38791606250293,3.27923871507939,2.41577894178342,2.10692454836874,1.41421356237309,"broadcast",1
"1099009653504176128",3,4,3,1,1,1,1,3,2,3,1,3,0,1.5,0.708743351855954,0.708743351855954,0,0.708743351855954,0.708743351855954,5.43396270847409,0.437073862311066,0.148024365985105,0,0,0.333333333333333,0.886453806570826,3756.66666666667,241.666666666667,19708,4.66666666666667,10854,2242,2427,7,10854,2242,2427,7,1.73205080756888,0,0,-1.73205080756888,0,"unclassified",NA
"1099010794354868224",11,14,11,3,3,5,6,3,2.33333333333333,3,0.272727272727273,1.22222222222222,0.440958551844098,2.625,-1.68347969368099,1.54508790218286,3.22856759586385,0.200382550980027,1.3365529542744,2.14665184415188,0.116930078453501,0.12324311641553,1.0237620399213,11.2613824391343,0.909090909090909,0.511950731766022,730.636363636364,841,22430,6.54545454545455,657.636363636364,769.727272727273,19722.7272727273,7.36363636363636,236,381,3188,4,2.07431329305194,1.61803398874989,1.4142135623731,1,0.834999618124466,"viral",2
"1099011851319418880",10,11,10,1,1,2,2,6,3.66666666666667,6,0.6,3.33333333333333,2.51661147842358,2.29090909090909,-0.722602818447441,1.16267619292416,1.8852790113716,0.851286533540094,1.16267619292416,2.29004705473916,0.0339517325013027,0.0488293814532871,0,0,0.5,0.432623274799601,959.5,547.6,81349.3,7.7,1347.3,488.7,84117.1,7.9,1336,584,31003,9,2.63279889468944,1.52420146026067,0.863238025495447,0.000000000000000454420128858785,0.0000000000000000000000000000000373662626180987,"broadcast",1
"1099012044244815872",11,12,11,1,1,6,6,3,1.71428571428571,3,0.272727272727273,1.57142857142857,0.975900072948533,3.71212121212121,-1.68347969368099,1.12021664245194,2.80369633613293,-0.120740480518578,1.12021664245194,2.77418890076239,0.174707715676227,0.092255670106661,0.664838217008209,7.3132203870903,1,0.869829091935399,8743.63636363636,5437.18181818182,131310.272727273,5.54545454545455,6255.18181818182,3653.54545454545,82583.0909090909,3.18181818181818,540,403,4144,1,2.12916627277217,1.94767132442982,1.38364667803192,0.780490378705178,0.386760952014459,"viral",2
"1099014728620199937",6,7,6,1,1,3,3,2,1.75,2,0.333333333333333,1.5,0.577350269189626,2.28571428571429,-0.157707894834962,0.897049368502815,1.05475726333778,0.719517781418353,0.874503541231162,1.99500563437171,0.293982280547918,0.0986522412308312,0.115524530093324,0.693147180559945,0.5,0.91243284399678,19780,16432.6666666667,108889.5,6,3416.66666666667,1572.83333333333,35323.3333333333,3.16666666666667,625,319,178,2,2,1,1,0.000000000000000221177243187043,-1,"unclassified",NA
"1099015227742568448",44,45,44,1,1,2,2,41,15,41,0.931818181818182,11,20,2.08282828282828,-2.34763067936369,0.397728294059125,2.74535897342281,-1.49464305466471,-1.49464305466471,3.38162806014532,0.0416669408639391,0.138165820634226,0,0,0.0454545454545455,0.774466286928864,4464,2792.31818181818,76893.4772727273,6.47727272727273,2998746.36363636,989.522727272727,511392.613636364,11.6590909090909,3217307,256,542311,12,6.40896714766776,1,1,0.96184203490764,0.00000000000000230623457951797,"broadcast",1
"1099015974290972673",7,8,7,1,1,3,3,4,2,2,0.285714285714286,1.75,0.5,2.53571428571429,-2.30590059537705,-0.101137393813948,2.2047632015631,-1.98628484922022,-1.27390047817913,2.55943473355299,0.0197810654551901,0.0852088937110574,0,0,0.571428571428571,0.49275022214356,3924.71428571429,1135,177287.714285714,7.71428571428571,3042.14285714286,1195,299213,8.28571428571429,3323,1016,361261,10,2.04207896189791,1.5202328168626,0.720281678170412,0,0,"unclassified",NA
"1099017295496732672",21,22,21,1,1,6,6,7,3.14285714285714,6,0.285714285714286,3.5,2.81069386451104,3.28138528138528,-2.20487292597925,0.986099593024265,3.19097251900352,-0.717990475440763,-0.559876644493531,2.28184421490897,0.129649713185857,0.120116559589235,0.13202803439237,2.77258872223978,0.285714285714286,0.537672003936953,16204.619047619,1362.7619047619,71991.0952380952,7.76190476190476,99211.7619047619,1518.66666666667,110180.19047619,9.47619047619048,15123,191,17996,7,3.07108655279602,2.46789276005278,1.93021726198432,1.32370466179292,0.000000000000000444089209850063,"viral",2
"1099017928836554752",9,10,9,1,1,5,5,2,1.66666666666667,2,0.222222222222222,1.8,0.447213595499958,2.88888888888889,0.521105982544412,1.48975600735183,0.968650024807418,1.30742783562505,1.46805047189165,2.6415223939271,0.621883025151723,0.11464355629035,0.353117092260883,3.17805383034794,0.666666666666667,0.890477953679763,1201.22222222222,675.222222222222,64523.2222222222,4.22222222222222,1503.66666666667,677.333333333333,55579.4444444444,3.77777777777778,2187,115,2662,4,2.14548879446461,1.69410319494454,1.10250805466188,0.558003751879133,0.0000000000000000281687716075767,"viral",2
"1099018306332307456",11,14,11,3,3,1,2,11,7,11,1,3.66666666666667,3.05505046330389,1.68571428571429,0.432440662342888,2.14334672399542,1.71090606165253,0.432440662342888,2.0832888698718,0.708695139666781,0.258212595369315,0.298833092549383,0.189040140152712,2.07944154167983,0.363636363636364,0.698482026285085,3469.63636363636,2927.63636363636,96518,3.90909090909091,10071.6363636364,8273.09090909091,291113.454545455,8.36363636363636,211,99,4060,1,2.64575131106459,1.73205080756888,1,0.000000000000000425668771952728,0.0000000000000000000000000000000140157968916607,"broadcast",1
"1099019841477009410",5,6,5,1,1,3,3,2,1.5,2,0.4,1.25,0.5,2.33333333333333,-0.587358270728939,0.0408415500034489,0.628199820732388,-0.127945570205253,-0.0450648924213052,1.71479030504697,0.222066813702963,0.139369094029054,0.219722457733622,1.09861228866811,0.4,0.44486983327992,66624.2,459.6,17386.8,8.6,67280.4,528.6,17726.4,9,1855,309,1196,10,1.80193773580484,1.24697960371747,0.445041867912629,-0.445041867912629,-1.24697960371747,"unclassified",NA
"1099020286043729920",14,15,14,1,1,8,8,4,1.66666666666667,2,0.142857142857143,1.55555555555556,1.0137937550497,3.65714285714286,-2.05205470028865,0.468698528866368,2.52075322915502,-0.0362802562592484,0.0568737945566571,2.55456781222608,0.473910603930892,0.157888235938343,1.03269895772503,14.4577854081505,0.785714285714286,0.785327631268847,7043.57142857143,1173.14285714286,18964.3571428571,2.28571428571429,9129.85714285714,1096.5,21802.0714285714,1.5,5992,396,14759,1,2.45848902374568,1.78875729789667,1.41421356237309,1.25859503983751,0.846511002268527,"viral",2
"1099021611464716298",89,90,89,1,1,4,4,75,18,75,0.842696629213483,6.84615384615385,20.4851415821572,2.38202247191011,-0.74175007656961,1.02486876347507,1.76661884004468,0.28090891879394,0.28090891879394,0.880957030564117,0.00806837225756182,0.0456491886176155,0.00778817056808927,0.693147180559945,0.0898876404494382,0.592593684876252,733.808988764045,522.898876404494,17023.1797752809,8.89887640449438,10766.1348314607,1870.58426966292,15320.4269662921,10.0112359550562,12068,2104,9910,10,8.66813618153525,1.96009973901967,1.40968033380677,1.28487182594937,1.00000000000001,"broadcast",1
"1099021787608825857",80,81,80,1,1,2,2,78,27,78,0.975,26.6666666666667,44.4559707276012,2.02345679012346,1.62280375216151,2.26799185184193,0.64518809968042,1.62280375216151,1.62280375216151,4.7623642523778,0.0359425652419576,0.140958308667197,0,0,0.0875,0.894002254010076,296.2875,597.625,16505.8875,3.7625,2875112.125,9709.7375,6675.1125,7.9625,2948821,9951,6777,8,8.8332307379685,1,0.986931978308799,0.00000000000000289215678032546,0.00000000000000226598463687902,"broadcast",1
"1099022144141447168",28,29,28,1,1,8,8,7,3.22222222222222,7,0.25,2.33333333333333,1.82574185835055,4.59113300492611,-1.81316716007444,1.30223373177207,3.11540089184651,-0.201016214448396,0.923177929202401,1.50952888225831,0.211436923535715,0.0998281691980804,0.531632977575381,14.8857233721107,0.285714285714286,0.772298835401383,19785.0357142857,4283.89285714286,53968.0714285714,3.07142857142857,46410.2857142857,1952.75,91019.9285714286,2.42857142857143,1253,114,398,0,2.71086754123563,2.5647008057882,2.2972182444063,1.68932803192195,1.58135501567378,"viral",2
"1099023947687817216",4,5,4,1,1,2,2,3,1.66666666666667,3,0.75,2,1.4142135623731,1.8,0.303833575019036,0.715565919859714,0.411732344840678,0.715565919859714,0.715565919859714,3.77279514343781,0.299649163988405,0.0217899002651929,0,0,0,0.795570675644861,765.25,2112,492.25,3.25,1693.75,1835.75,300.5,3,1700,1738,307,2,1.84775906502257,0.76536686473018,-0.000000000000000222044604925031,-0.76536686473018,-1.84775906502257,"unclassified",NA
"1099024295802687488",9,10,9,1,1,4,4,4,2,3,0.333333333333333,1.8,1.09544511501033,2.71111111111111,-2.87396095088046,0.232030589288335,3.10599154016879,-0.964075308079782,-0.487344819813297,1.63459666499621,0.0548478323529866,0.0739577215278747,0.154032706791099,1.38629436111989,0.222222222222222,0.335103477406449,31737.2222222222,1066.77777777778,68930.4444444444,8.44444444444444,39595,798.555555555556,34996.3333333333,8.88888888888889,18746,303,12994,10,2.25960557335048,1.50715866721797,1.13486735514664,0.578559842138832,0.0000000000000000204323554561549,"viral",2
"1099025621206880261",11,12,11,1,1,5,5,3,2,2,0.181818181818182,1.57142857142857,0.786795792469443,3.15151515151515,-3.24024809931664,2.06769996278589,5.30794806210253,-0.261545437435021,0.132473076148035,1.00962355231774,0.0874619991478301,0.125239255634429,0.425648293374929,4.68213122712422,0.454545454545455,0.33463556164055,238.363636363636,286.272727272727,3793.54545454545,5.81818181818182,3484.90909090909,475.727272727273,5697.27272727273,6.18181818181818,18020,1564,12480,6,2.2920336035032,1.58744113971599,1.4142135623731,1,0.476038431588624,"viral",2
"1099026002884419585",11,18,11,7,7,3,4,8,4.5,8,0.727272727272727,1.22222222222222,0.440958551844098,1.76190476190476,-0.705642095543212,0.935659126058797,1.64130122160201,0.665702591069132,0.88061577104893,0.561253282172904,0.399653234130261,0.0953899763379898,0.225900604526182,2.484906649788,0.818181818181818,0.8186878407774,4619.72727272727,3579.72727272727,75820,3.36363636363636,764.909090909091,725,16606.0909090909,3.45454545454545,314,947,5602,1,1.93185165257814,1,1,1,1,"broadcast",1
"1099026258732769280",10,11,10,1,1,1,1,10,5.5,10,1,10,0,1.81818181818182,-0.690758160070763,-0.690758160070763,0,-0.690758160070763,-0.690758160070763,3.53830692047954,0.00438261306917626,0.0345066242750955,0,0,0,0.765075570480453,1760.6,2031.9,24182.1,5.3,42234,89,5168,4,42234,89,5168,4,3.16227766016838,0,0,0,0,"broadcast",1
"1099028146177871872",6,7,6,1,1,2,2,5,2.33333333333333,5,0.833333333333333,3,2.82842712474619,1.9047619047619,-0.047459067149831,0.926013203904544,0.973472271054375,-0.047459067149831,-0.047459067149831,2.51300430298372,0.00445566988682291,0.021086434894283,0,0,0.166666666666667,0.686531735861086,179742,2079.33333333333,253919.166666667,7.83333333333333,185850.833333333,1161,87726,6.83333333333333,9182,146,12240,6,2.28824561127074,0.874032048897642,0,0,0,"unclassified",NA
"1099029295400390656",8,9,8,1,1,7,7,2,1.125,1,0.125,1.14285714285714,0.377964473009227,3,-3.24024809931664,0.221282507059291,3.46153060637593,-0.796177782490572,-0.0107361968023449,1.24587819666751,0.0838049538834084,0.172178821728827,0.809236337044034,6.47389069635227,0.625,0.682797233147786,18164,787.625,11553.875,4.5,18318.25,945.125,12718.75,4.625,872,842,10259,6,2.0153160671926,1.54801115338826,1.14288124645367,0.485782950303341,-0.0000000000000000340465373947597,"unclassified",NA
"1099029312177688578",9,10,9,1,1,2,2,7,3.33333333333333,7,0.777777777777778,3,3.46410161513775,2.11111111111111,-1.66338679060246,0.312255090012237,1.9756418806147,-1.66338679060246,-1.05876877150213,1.87490054980832,0.0315252324840645,0.0316238813277329,0,0,0.555555555555556,0.711270778039192,918.222222222222,1249.22222222222,35371.6666666667,4.77777777777778,16389.8888888889,11769.8888888889,23090,7,20917,14944,24549,8,2.7049260230837,1,0.82666511335885,0.000000000000000888178419700125,0.00000000000000000000000000000000594530285653887,"broadcast",1
"1099029802932068352",76,77,76,1,1,9,9,43,7.7,43,0.565789473684211,3.8,9.31665175908169,4.50444292549556,-0.732830042540215,1.85050681299895,2.58333685553916,0.499320963045834,0.636297340103433,1.9283383037162,0.0365952191393906,0.275916864005523,0.332337016743758,25.2576132725256,0.684210526315789,0.756766982157152,3788.73684210526,4314.51315789474,88658.75,5.69736842105263,80564.0526315789,76346.7763157895,139730.210526316,4.01315789473684,134363,127018,132034,3,6.56671252833084,2.974372709835,2.13064990476669,1.97534393602029,1.76526053578693,"viral",2
"1099030264305528832",10,11,10,1,1,4,4,5,2.2,5,0.5,2,1.73205080756888,2.90909090909091,-0.886787109798928,0.740810371042185,1.62759748084111,-0.492768574751687,0.73083258413828,1.26545972430988,0.136223383512393,0.0680363882068649,0.0693147180559945,0.693147180559945,0.5,0.619238239647749,1065.3,1443.3,30097.1,6,914.3,961.2,5237.2,6.9,798,961,196,8,2.35667370888398,1.79132174547783,0.91278312502634,0.635674760156812,0.000000000000000222044604925031,"viral",2
"1099031648413384711",9,10,9,1,1,2,2,6,3.33333333333333,6,0.666666666666667,2.25,2.5,2.26666666666667,-0.214736830921056,0.829190967885847,1.0439277988069,-0.165303964463932,0.203942292612339,1.83571984365135,0.606611339935397,0.0656558230704862,0,0,0.555555555555556,0.788945214558645,366.888888888889,640.222222222222,53263.2222222222,4.11111111111111,584.222222222222,637.333333333333,19694.4444444444,5,630,787,2160,6,2.55761241495835,1,0.999999999999999,0.677213950573148,0.0000000000000000556656694739966,"broadcast",1
"1099033980442009600",60,61,60,1,1,6,6,22,8.71428571428571,19,0.316666666666667,2.72727272727273,5.11935466712282,4.17704918032787,-0.182147306471563,1.3511356275207,1.53328293399226,0.387678821326313,0.790815540428272,1.41897638038283,0.0187358741124421,0.100316316686304,0.0991773758764621,5.95064255258773,0.65,0.833417584438897,548.166666666667,372.966666666667,12213.5333333333,3.53333333333333,3217.25,1579.88333333333,13646.3166666667,3.6,1281,921,10718,3,4.50545682050162,4.28089330712345,2.06721560083485,1.78473190240884,1.4142135623731,"viral",2
"1099036236990291968",14,15,14,1,1,2,2,11,5,11,0.785714285714286,4.66666666666667,5.5075705472861,2.19047619047619,-0.885282632843604,-0.110806466987556,0.774476165856048,-0.166587520948022,-0.166587520948022,2.54987689727666,0.0559507904973342,0.149634536487329,0,0,0.214285714285714,0.688142116528811,1363.78571428571,851.5,60813.3571428571,8.07142857142857,14959.9285714286,1764.78571428571,32319.0714285714,5.64285714285714,17533,1941,32832,5,3.36329583306287,1.34470365520672,0.938090197675927,0.00000000000000000491322059177586,0.00000000000000000000483478293603975,"broadcast",1
"1099037893748838400",4,5,4,1,1,2,2,3,1.66666666666667,3,0.75,2,1.4142135623731,1.8,-0.321346260628765,1.0065063923242,1.32785265295296,-0.321346260628765,0.209794800552421,1.58902691517397,0.0693295185974805,0.0712296994474582,0,0,0.5,0.82373199198261,8805.5,2438,68226.5,8.25,1103.25,903.75,3376,5.75,1365,406,256,5,1.84775906502257,0.765366864730179,0,-0.765366864730179,-1.84775906502257,"unclassified",NA
"1099043736418508800",81,82,81,1,1,4,4,61,16.4,61,0.753086419753086,7.36363636363636,17.9458782302384,2.53357422463114,-0.0105619246274483,0.78001490586188,0.790576830489328,0.35109470469664,0.35109470469664,2.71845273580471,0.0114588468381765,0.0996942183513827,0.0221204872744204,1.79175946922805,0.617283950617284,0.719413450423002,2311.27160493827,1130.7037037037,33523.7654320988,5.7037037037037,49938.8395061728,40802.4197530864,81140.987654321,5.27160493827161,55006,53524,76702,5,7.82877581402801,2.99514406506924,1.72728396654902,1.40262762916287,1.36352173331155,"broadcast",1
"1099044126497169409",10,11,10,1,1,4,4,5,2.2,3,0.3,2,1,2.83636363636364,0.732663747313703,1.86573984606582,1.13307609875212,0.759105278744458,1.17864216499794,1.89862217999072,0.0590223164926189,0.14187408796465,0.317805383034794,3.17805383034794,0.4,0.61750107248921,3253.7,881.6,29277.6,7.3,5790.9,717.2,13908.7,6.8,2140,508,5003,9,2.29812842104008,1.66489527335431,1.21963684260672,0.67765438191355,0.000000000000000000000000000000235325627786841,"viral",2
"1099044197762560000",30,31,30,1,1,2,2,29,10.3333333333333,29,0.966666666666667,15,19.7989898732233,1.99569892473118,-0.97856986664805,0.284898022459224,1.26346788910727,-0.97856986664805,-0.97856986664805,2.98320596300305,0.00793070254394379,0.0164742151963656,0,0,0.0333333333333333,0.530649672233735,1415.06666666667,1000.86666666667,33855.9666666667,6.23333333333333,421737.1,83.2,169382.366666667,4.03333333333333,436205,1,171744,4,5.38847555878451,0.982003641735503,0.00000000000000000000000000000012900710012142,0.000000000000000000000000000000000000000000000526547368248403,0.000000000000000000000000000000000000000000000312638249942326,"broadcast",1
"1099045045049602048",93,94,93,1,1,2,2,87,31.3333333333333,87,0.935483870967742,15.5,35.0299871538658,2.10318005033173,-1.37766355721973,0.931397071074864,2.30906062829459,-0.584386703011175,-0.584386703011175,1.36488831638307,0.0206152091954824,0.0774958739783557,0,0,0.0537634408602151,0.465598744647697,310.849462365591,507.10752688172,13463.8494623656,8.01075268817204,247198.612903226,1527.84946236559,20874.376344086,11.7741935483871,264193,1604,17382,12,9.33112982784581,1.40625634467649,1,1,0.99999999999998,"broadcast",1
"1099047150586081280",8,9,8,1,1,2,2,6,3,6,0.75,4,2.82842712474619,2.05555555555556,-1.39103810848435,0.739963957798365,2.13100206628271,-1.39103810848435,-0.11243686871472,2.77266110299528,0.0653922400722061,0.0880415855708795,0,0,0.375,0.400133814176146,289.125,667.125,3424.25,4.875,15064,1424,3617.25,4,19825,1890,4660,5,2.53958456106175,1.24519486716611,0.00000000000000000000000000000000635662600316201,0.000000000000000000000000000000000000000000000000157608712133737,0,"unclassified",NA
"1099047230265348096",12,13,12,1,1,2,2,11,4.33333333333333,11,0.916666666666667,6,7.07106781186548,1.97435897435897,-1.50554485311633,-0.207037025840859,1.29850782727547,-0.207037025840859,-0.207037025840859,3.26826479484444,0.112513298633188,0.117644921599694,0,0,0.416666666666667,0.708671298347233,1493.58333333333,1415.5,90490.9166666667,6.16666666666667,85912.75,14412.6666666667,82765.5,9.75,93181,15588,77932,10,3.33151909998919,0.949199919093557,0,0,0,"broadcast",1
"1099047351883350021",2,4,2,2,2,1,2,2,2,2,1,1,0,1,1.43793626654842,1.46769908085007,0.02976281430165,1.45281767369925,1.46174651798974,0.549306144334055,0.238464972687963,0.0756039280822915,0.346573590279972,0.693147180559945,1,0.602241761783068,18259.5,1021.5,4580.5,7,1584.5,669,1249.5,3,771,126,436,1,1,1,-1,-1,0,"unclassified",NA
"1099047444153843713",6,7,6,1,1,1,1,6,3.5,6,1,6,0,1.71428571428571,-2.47237064828315,-2.47237064828315,0,-2.47237064828315,-2.47237064828315,3.01398375675468,0.341680707025223,0.150924415159042,0,0,0,0.589026359792007,241,320.666666666667,21521.8333333333,6.33333333333333,37527,294,1027,4,37527,294,1027,4,2.44948974278318,0,0,0,0,"unclassified",NA
"1099048400492945409",4,5,4,1,1,2,2,3,1.66666666666667,1,0.25,2,1.4142135623731,1.6,0.475414319874206,0.674169758289672,0.198755438415466,0.475414319874206,0.554916495240392,4.27257656750371,0.285736168998564,0.262783451259693,0,0,0.75,0.843141563272922,6321.25,6215,92610,7.5,8714,6769.75,31729.25,8,377,394,599,2,2,0,0,0,-2,"unclassified",NA
"1099049130301636609",11,12,11,1,1,10,10,2,1.09090909090909,2,0.181818181818182,1.1,0.316227766016838,4.33333333333333,-3.14819751901078,0.00371571813975602,3.15191323715054,-1.33892335093383,-0.122559651027696,3.38101393564242,0.197919162076591,0.261421069311747,1.20253744321749,13.2279118753924,1,0.328215309805087,1282.27272727273,390.727272727273,18521.9090909091,4.54545454545455,2253.54545454545,367.181818181818,18867.1818181818,4.63636363636364,6274,84,11064,5,1.9418836348521,1.77091205130642,1.4970214963422,1.13612949346231,0.709209774085072,"viral",2
"1099051940468539393",7,8,7,1,1,1,1,7,4,7,1,7,0,1.75,0.48038359087567,0.48038359087567,0,0.48038359087567,0.48038359087567,3.5017039546961,0.0147610637585541,0.0695912490045982,0,0,0,0.615345788622515,299.142857142857,441.714285714286,15613.8571428571,3.71428571428571,12786,224,17786,8,12786,224,17786,8,2.64575131106459,0,0,0,0,"unclassified",NA
"1099052083054067718",10,11,10,1,1,5,5,5,1.83333333333333,2,0.2,2,1.73205080756888,2.69090909090909,-0.874887230744595,0.789620154177587,1.66450738492218,0.402993290519098,0.754929150471153,1.60987219876439,0.275863831454676,0.0798076354767343,0.2484906649788,2.484906649788,0.4,0.602526646591264,1436.4,550.2,19741.8,7,5740.9,439.8,19654.9,6.9,5050,329,5153,7,2.53388063366017,1.5660243550371,0.903059749884661,0.5581216193007,0.0000000000000000165213238153805,"viral",2
"1099053525928108032",2,3,2,1,1,2,2,1,1,1,0.5,1,0,1.33333333333333,-4.24814711985014,-0.529985643925998,3.71816147592414,-2.38906638188807,-1.27361793911083,2.9144728088051,0.660486981609121,0.0171755725190839,0,0,0.5,0.686070080388591,1372,113,20211,3.5,1336,69.5,11362.5,3,115,8,131,1,1.4142135623731,0,-1.4142135623731,0,0,"unclassified",NA
"1099057204320075787",2,3,2,1,1,1,1,2,1.5,2,1,2,0,1.33333333333333,0.396204964080288,0.396204964080288,0,0.396204964080288,0.396204964080288,0.693147180559945,0.0785154762605468,0.0674117450691295,0,0,0,0.219176520720145,226.5,226,4151,4.5,976,567,7067,2,976,567,7067,2,1.4142135623731,0,-1.4142135623731,0,0,"unclassified",NA
"1099057896359288837",21,22,21,1,1,5,5,10,3.66666666666667,2,0.0952380952380952,3,3.16227766016838,2.98701298701299,-1.06190900361335,1.46246987686194,2.52437888047529,-0.769834172338872,0.40873551086667,1.56666227960555,0.0843769922283617,0.127787506922187,0.13202803439237,2.77258872223978,0.333333333333333,0.837155034490703,836.380952380952,912.714285714286,42936.0952380952,4.71428571428571,4404.85714285714,757.761904761905,50205.380952381,4.47619047619048,3674,173,9811,3,3.41918361623994,1.93207658585994,1.66941680844005,1,1,"viral",2
"1099058240300740608",6,7,6,1,1,2,2,3,2.33333333333333,3,0.5,1.5,1,2.28571428571429,-2.68796818093877,0.459983180279638,3.14795136121841,-2.45456427187706,-0.844493904527189,1.54030650650592,0.0581831719829963,0.0534749258717005,0,0,0.666666666666667,0.579337050740216,1791.66666666667,918.333333333333,175774.5,8.33333333333333,1459.33333333333,877,97394.1666666667,7.66666666666667,748,456,51789,7,2,0.999999999999999,0.999999999999998,0.00000000000000111022302462494,-0.999999999999999,"unclassified",NA
"1099064561125199872",27,28,27,1,1,4,4,13,5.6,13,0.481481481481481,3.375,4.13823633931171,3.37830687830688,1.29897270761848,1.59199114345494,0.29301843583646,1.58024554628564,1.59122427420304,1.83201457433047,0.0850952475679688,0.0577145025389141,0.122068032074234,3.29583686600433,0.37037037037037,0.410625432295215,957.851851851852,1189.2962962963,73626.7037037037,5.74074074074074,20081.1481481481,2142.11111111111,82816.7407407407,6.18518518518519,38650,2322,58469,7,3.66810629490252,2.59558004424456,1.47874145759631,1.41421356237309,1.31673352580865,"viral",2
"1099065420940828673",7,8,7,1,1,2,2,5,2.66666666666667,2,0.285714285714286,3.5,2.12132034355964,1.92857142857143,-0.844219142846327,-0.559285897969536,0.284933244876791,-0.844219142846327,-0.616272546944894,1.69679551122259,0.00556054452915492,0.057534801514404,0,0,0,0.672876933037072,13345.5714285714,717.857142857143,9006.71428571429,4.14285714285714,65828.4285714286,984.142857142857,20716.5714285714,4,1447,1172,63603,9,2.48848998462265,0.898564186039456,0,0,0,"unclassified",NA
"1099066301748658176",5,6,5,1,1,5,5,1,1,1,0.2,1,0,2.33333333333333,-4.24814711985014,-0.817801406502678,3.43034571334746,-0.887692170163204,-0.858801151899784,4.60200009897473,0.298555234850151,0.193924239381526,0.554517744447956,2.77258872223978,0.8,0.570564717372383,1733,823.2,12653.8,7,23636.2,604.8,30492,7.6,111224,0,110689,10,1.80193773580484,1.24697960371747,0.445041867912628,-0.445041867912629,-1.24697960371747,"unclassified",NA
"1099072089909121024",5,6,5,1,1,1,1,5,3,5,1,5,0,1.66666666666667,0.140520197165723,0.140520197165723,0,0.140520197165723,0.140520197165723,1.27938593104323,0.00953126189860355,0.0127224604064783,0,0,0.6,0.52522450703327,763.2,1222,5332.4,6,2195,1018,15016,6,2195,1018,15016,6,2.23606797749979,0,0,0,0,"unclassified",NA
"1099072270276935680",4,5,4,1,1,2,2,3,1.66666666666667,3,0.75,2,1.4142135623731,1.8,-0.230751664445042,0.00951822911848074,0.240269893563523,-0.230751664445042,-0.134643707019633,2.65557561996116,0.238071188038028,0.176391061766968,0,0,0.25,0.564120123518499,827.25,1636.5,44116.25,7.5,12870.75,497.75,35918,8.25,16958,515,16729,9,1.84775906502257,0.765366864730179,0,-0.765366864730179,-1.84775906502257,"unclassified",NA
"1099072479962808320",11,12,11,1,1,1,1,11,6,11,1,11,0,1.83333333333333,-0.822754894613457,-0.822754894613457,0,-0.822754894613457,-0.822754894613457,3.8814082865705,0.0684038726817326,0.10208751360575,0,0,0.0909090909090909,0.595700554239975,258.636363636364,812.363636363636,10264.8181818182,6,428583,1330,219473,10,428583,1330,219473,10,3.3166247903554,0,0,0,0,"broadcast",1
"1099073486620786689",6,7,6,1,1,2,2,5,2.33333333333333,5,0.833333333333333,3,2.82842712474619,1.9047619047619,-1.23270396946783,0.448580323263789,1.68128429273162,-1.23270396946783,-1.23270396946783,2.1813367248303,0.022123108083055,0.0299525186846393,0,0,0.166666666666667,0.763475538721296,787.166666666667,803.666666666667,88468.1666666667,5.83333333333333,258123.166666667,140.666666666667,80592.8333333333,9.16666666666667,309735,133,96326,10,2.28824561127074,0.874032048897642,0,0,0,"unclassified",NA
"1099074317063725056",3,4,3,1,1,3,3,1,1,1,0.333333333333333,1,0,1.66666666666667,-2.26157645388837,-1.56234007199004,0.69923638189833,-1.82934517071431,-1.66914211147975,0.462098120373297,0.0959572330020538,0.254178547378884,0,0,1,0.886192477394662,8963,8844,92683,4.66666666666667,13900,13882,101881.666666667,7,20753,21213,77608,9,1.6180339887499,0.618033988749895,-0.618033988749895,-1.61803398874989,0,"unclassified",NA
"1099074484848472065",6,7,6,1,1,3,3,2,1.75,2,0.333333333333333,1.5,0.577350269189626,2.47619047619048,0.61805388685677,0.913477392877621,0.295423506020851,0.844614555555687,0.851589782148275,1.06615494253602,0.0110926500687096,0.0753964884634492,0.115524530093324,0.693147180559945,0.833333333333333,0.58229743771361,789.166666666667,572.5,64499.3333333333,7,747.5,537.333333333333,70513.3333333333,6.5,592,263,24466,8,1.93185165257814,1.41421356237309,0.517638090205041,0,-0.517638090205041,"unclassified",NA
"1099077538297593856",7,12,7,5,5,3,4,5,3,5,0.714285714285714,1,0,1.4,-1.82003084841599,0.696814309498861,2.51684515791485,-0.269166231802935,0.33209473647637,1.18472130568121,0.149329763720723,0.100090241784338,0.354986664255429,2.484906649788,0.714285714285714,0.779465583184523,4679.42857142857,3578.14285714286,22351,3.57142857142857,4729.28571428571,3669.28571428571,85102.7142857143,3,955,758,27750,1,1.6180339887499,1,1,1,1,"broadcast",1
"1099078062581280768",25,26,25,1,1,4,4,12,5.2,12,0.48,2.77777777777778,3.56292638773866,3.24,-1.113735616453,1.85114549479373,2.96488111124673,0.409003759804638,0.409003759804638,2.4811884758912,0.367290362185829,0.151714613375396,0.232684446398528,5.8171111599632,0.32,0.923065516933372,30772.08,2191.44,104764.68,4.68,95582.76,3381.24,154576.92,7.12,101882,1823,113602,9,3.55685104290223,2.18531595911046,1.60103778197102,1.41421356237309,1.30993433323771,"viral",2
"1099078960187461639",4,5,4,1,1,2,2,3,1.66666666666667,3,0.75,2,1.4142135623731,1.8,-1.83885254964276,-0.0509786028329951,1.78787394680976,-1.83885254964276,-1.12370297091885,1.87388548597106,0.0332543443410074,0.0496293263839598,0,0,0.5,0.666689413068084,1310.5,635.5,50321.5,5.75,5470.75,1241.75,91478.25,8,6603,1436,104479,9,1.84775906502257,0.765366864730179,0,-0.765366864730179,-1.84775906502257,"unclassified",NA
"1099081631925657602",4,5,4,1,1,1,1,4,2.5,4,1,4,0,1.6,-1.43169235677806,-1.43169235677806,0,-1.43169235677806,-1.43169235677806,1.74056086606655,0.13873742094103,0.377880562644926,0,0,0.75,0.872719751275428,1699.25,3009.25,83071.5,6,8670,9366,448475,10,8670,9366,448475,10,2,0,0,0,-2,"unclassified",NA
"1099083842323918852",4,5,4,1,1,3,3,2,1.25,2,0.5,1.33333333333333,0.577350269189626,2,0.949804782785839,1.03934129720027,0.089536514414431,0.991216548380019,1.03531350726463,2.5346399186789,0.510047305778007,0.0902060851870058,0,0,0.5,0.810156790013213,230.25,714.25,59493,5,668,446.25,58687,5.25,933,161,2002,2,1.73205080756888,1,0.000000000000000194289029309402,-1,-1.73205080756888,"unclassified",NA
"1099085402625982466",42,43,42,1,1,2,2,39,14.3333333333333,39,0.928571428571429,10.5,19,2.08637873754153,0.237233655011405,0.85751216864639,0.620278513634985,0.237233655011405,0.237233655011405,2.417266811859,0.0318077682184234,0.138873960373495,0,0,0.0238095238095238,0.738690602758974,672.214285714286,726.333333333333,27918.9523809524,4.21428571428571,36962.5952380952,758.261904761905,24295.2619047619,4.95238095238095,39695,695,22972,5,6.25130258652858,1,0.999999999999999,0.959799964399399,0.00000000000000225609578831013,"broadcast",1
"1099087675930349568",17,18,17,1,1,2,2,15,6,15,0.882352941176471,5.66666666666667,8.08290376865476,2.08496732026144,0.405432162525978,1.42079751592318,1.0153653533972,0.405432162525978,0.405432162525978,1.50810308563525,0.0443453213080538,0.0290240277259597,0,0,0.117647058823529,0.559765450882025,883.294117647059,1223.52941176471,9566.11764705882,6.23529411764706,6525.88235294118,328.470588235294,13447.3529411765,7.64705882352941,7120,97,13975,8,3.89119884207205,1,0.926591372427538,0.000000000000000680400926956839,0.000000000000000000630879712321579,"broadcast",1
"1099090037335945216",2,3,2,1,1,1,1,2,1.5,2,1,2,0,1.33333333333333,1.18322408288052,1.18322408288052,0,1.18322408288052,1.18322408288052,3.38996095373613,0.209343893740667,0.130051499717035,0,0,0,0.937668493751185,239.5,668.5,16898.5,3,31910,9007,190623,11,31910,9007,190623,11,1.4142135623731,0,-1.4142135623731,0,0,"unclassified",NA
"1099093946427420672",4,5,4,1,1,2,2,2,1.66666666666667,2,0.5,1.33333333333333,0.577350269189626,2,0.31322540155856,0.637309222982974,0.324083821424414,0.32459247243615,0.456499415181433,3.50246363868386,0.213329270006519,0.120794433792648,0,0,0.5,0.659245404476342,482.25,680.25,14993.75,5.5,4980.25,673.75,22923.5,5.75,9428,383,28357,5,1.73205080756888,1,0,-1,-1.73205080756888,"unclassified",NA
"1099096312023339008",7,8,7,1,1,3,3,3,2,3,0.428571428571429,1.4,0.894427190999916,2.57142857142857,-1.23430842934943,0.963372433242367,2.1976808625918,0.203359221904337,0.833577942011559,2.7687762239125,0.211166916397302,0.0858689657893275,0.0990210257942779,0.693147180559945,0.714285714285714,0.613136472766081,414.428571428571,577.285714285714,3128.85714285714,5.71428571428571,1682.14285714286,518,4130.71428571429,5.85714285714286,3424,288,4616,6,2.02852348802688,1.32132445358245,1,0.373087318048062,-0.373087318048063,"unclassified",NA
"1099096605599383552",17,20,17,3,3,6,7,5,2.85714285714286,4,0.235294117647059,1.7,0.823272602348565,2.88659793814433,-0.831220456444391,1.3882751034024,2.21949555984679,0.100671003381434,0.672597483074106,1.55416833728313,0.0673731854940067,0.184546805184249,0.431584524335742,7.33693691370761,0.764705882352941,0.636374451726717,765.882352941176,917.823529411765,18406.0588235294,4.52941176470588,1714.11764705882,1509.82352941176,25627.7647058824,5.58823529411765,1133,386,15210,10,2.46892508701046,1.68456619964723,1.61803398874989,1.4142135623731,1.4142135623731,"viral",2
"1099096836290285568",4,5,4,1,1,4,5,1,1,1,0.25,1,0,2,0.280991641406646,0.534748904553417,0.253757263146771,0.3668877732178,0.442208927848028,1.35291151296376,0.0774289521277821,0.271473228671014,1.14108704786696,4.56434819146783,1,0.833051956588104,709.25,871.75,14956.75,4.5,602.25,776.25,15824.75,4.25,212,207,8258,3,1.73205080756888,1,0.000000000000000197758476261356,-1,-1.73205080756888,"unclassified",NA
"1099096911779385346",6,7,6,1,1,3,3,3,1.75,2,0.333333333333333,1.5,0.577350269189626,2.47619047619048,-0.18156390619334,0.899136103318096,1.08070000951144,0.143208735942712,0.773503201371941,3.34003314663222,0.236159621141273,0.202544493616946,0.115524530093324,0.693147180559945,0.5,0.619026018850736,530.5,766.666666666667,5435.5,4.5,498.166666666667,314.5,4218.33333333333,4.66666666666667,543,54,2071,7,1.93185165257814,1.4142135623731,0.517638090205042,-0.000000000000000444089210041178,-0.517638090205041,"unclassified",NA
"1099097314428375041",11,13,11,2,2,2,3,9,4.33333333333333,9,0.818181818181818,2.75,3.5,1.91666666666667,-0.495329087191171,0.873692776036385,1.36902186322756,-0.465387441255119,-0.465387441255119,1.36941732532321,0.0168982371405863,0.0441645892866432,0.0630133800509041,0.693147180559945,0.454545454545455,0.767641854204214,534.636363636364,789.818181818182,21844.9090909091,4.81818181818182,833.727272727273,753.909090909091,12402,5.63636363636364,684,735,8436,6,2.8530781525644,1.41421356237309,0.92733222491173,0.000000000000000555111512312578,0.0000000000000000438637293365923,"broadcast",1
"1099098086201118721",3,5,3,2,2,2,3,2,1.66666666666667,2,0.666666666666667,1,0,1.25,-0.562247267922091,0.217444094858587,0.779691362780678,-0.539357483561782,-0.0852765365095605,0.5364793041447,0.350878521046842,0.062451183842131,0,0,0.666666666666667,0.61061896516264,541.333333333333,992,23381.3333333333,4.66666666666667,888.333333333333,619.666666666667,37616.3333333333,3.66666666666667,1783,304,89836,6,1.4142135623731,1,0,-1,-1.4142135623731,"unclassified",NA
"1099099860383391744",2,3,2,1,1,2,3,1,1,1,0.5,1,0,1.33333333333333,-0.796520932821147,-0.363846808138936,0.432674124682211,-0.580183870480041,-0.450381633075378,1.38629436111989,0.204893615143738,0.126859739636451,0,0,1,0.891275752643089,282,343.5,11518,5.5,314,304.5,10631.5,5,246,133,4444,4,1.4142135623731,0,-1.4142135623731,0,0,"unclassified",NA
"1099100195932000258",5,6,5,1,1,2,2,4,2,1,0.2,2.5,2.12132034355964,1.66666666666667,-4.24814711985014,0.202827086567487,4.45097420641763,0.202827086567487,0.202827086567487,4.35904498887296,0.118046370653664,0.19844089488448,0,0,0.4,0.825016816728721,92653.4,1806.8,30502.2,4.2,369603.2,5401.4,61660.2,6.8,264,835,8625,6,2.23606797749979,0.000000000000000022438715259614,0,0,0,"unclassified",NA
"1099100980279496704",21,22,21,1,1,2,2,17,7.33333333333333,17,0.80952380952381,4.2,7.15541752799933,2.23809523809524,0.477651768387584,1.90780762969682,1.43015586130924,0.485405563939791,0.485405563939791,1.78062587661907,0.0744224709357521,0.0346739539863031,0.0330070085980926,0.693147180559945,0.857142857142857,0.903511983568485,8477.61904761905,7025.14285714286,144866,5.66666666666667,5044.2380952381,3959.09523809524,47516.2857142857,9.04761904761905,2670,1512,2269,10,4.1528557946593,1,1,1,0.868210083312028,"broadcast",1
"1099101391317028867",3,4,3,1,1,2,2,2,1.33333333333333,2,0.666666666666667,1.5,0.707106781186548,1.66666666666667,-1.8949876187511,0.454608625494291,2.34959624424539,0.454608625494291,0.454608625494291,2.11404047290705,0.0137417107961328,0.0258895258895259,0,0,0.333333333333333,0.466443459705214,337.666666666667,390.666666666667,9667.66666666667,4,306,202.666666666667,1012.66666666667,1.66666666666667,86,193,623,1,1.61803398874989,0.618033988749895,-0.618033988749895,-1.61803398874989,0,"unclassified",NA
"1099102746089791489",4,5,4,1,1,3,3,2,1.25,2,0.5,1.33333333333333,0.577350269189626,2,-1.64100602935244,0.965157534963502,2.60616356431594,-0.768180364751021,0.448850193895639,1.58902691517397,0.0156935931569777,0.0347412020024509,0.173286795139986,0.693147180559945,0.75,0.409507098330789,39645.5,3567,64092.25,5.5,40015.75,2464.75,28484.75,7.5,1739,356,1858,10,1.73205080756888,1,-0.000000000000000666133814775118,-1,-1.73205080756888,"unclassified",NA
"1099103073237008386",7,8,7,1,1,4,5,3,1.6,1,0.142857142857143,1.75,0.957427107756338,2.21428571428571,-1.9032036224903,0.268486348320657,2.17168997081096,-0.3314732144879,0.148494435758946,3.09836093668868,0.762817659485319,0.13003939445405,0.354986664255429,2.484906649788,0.428571428571429,0.811053850745669,95.5714285714286,153.428571428571,14977.5714285714,4.42857142857143,110.857142857143,116.428571428571,17110,5.42857142857143,81,269,14851,1,2.22158329395277,1.23991998815457,0.726062043495419,0.000000000000000444089209850063,-0.000000000000000666133814776005,"unclassified",NA
"1099105199740911616",8,9,8,1,1,6,6,2,1.28571428571429,2,0.25,1.33333333333333,0.516397779494322,3.16666666666667,-1.60070274157828,0.672330716828825,2.27303345840711,-0.180140932481082,0.344522341520393,1.06564517013318,0.049579360420123,0.147215544813098,0.721040124474221,5.76832099579377,1,0.758352715608865,1082.125,775.625,16396.125,4.375,1083,764.875,4265.125,4.375,1119,823,4278,4,1.96157056080646,1.66293922460509,1.1111404660392,0.390180644032256,-0.000000000000000444089230999013,"unclassified",NA
"1099106764224692224",9,10,9,1,1,3,3,7,2.5,1,0.111111111111111,3,3.46410161513775,1.95555555555556,-4.24814711985014,0.812718113114607,5.06086523296475,0.443484449633353,0.443484449633353,2.90167004617745,0.00982203767267994,0.00452594368368675,0.0770163533955494,0.693147180559945,0.777777777777778,0.731174493133817,12343.7777777778,5832.77777777778,80269.6666666667,4.66666666666667,68448.3333333333,19826.1111111111,24537.1111111111,5.55555555555556,675,819,287,2,2.85307815256439,0.927332224911731,0,0,0,"viral",2
"1099107724728639488",8,9,8,1,1,6,6,2,1.28571428571429,2,0.25,1.33333333333333,0.516397779494322,3.05555555555556,-0.441771269215014,1.19946688520978,1.64123815442479,0.082187347728888,0.877164020962743,1.55339175383001,0.0432235118389501,0.23827294067511,0.562476208791283,4.49980967033027,1,0.60576682850822,1014.625,869,20797.375,4,1124.125,928.375,24793.75,5.375,142,177,52,5,2,1.61803398874989,1,0.618033988749895,-0.0000000000000000522251910337444,"unclassified",NA
"1099108093806477315",8,9,8,1,1,3,3,5,2.25,5,0.625,2,2,2.38888888888889,-0.0451917802974906,0.612913375364474,0.658105155661965,-0.0451917802974906,0.461162648934501,0.980970317184201,0.401935877495543,0.0302910217729932,0,0,0.375,0.786043959977131,1368.75,347.5,71023.875,4,2845.5,245.25,47952.75,4.375,4214,214,42922,5,2.34670378277553,1.33346309950325,0.845492470794515,0.000000000000000891335177553068,0.0000000000000000000000000000000000000000000164048013133875,"unclassified",NA
"1099109863802597377",60,61,60,1,1,6,6,37,8.71428571428571,37,0.616666666666667,5,10.4707384475195,2.98579234972678,-0.558622216234541,0.886811685849074,1.44543390208361,-0.112921132296891,0.0174784018381188,1.04672636016443,0.0187236817395368,0.0421021447763762,0.0231049060186648,1.38629436111989,0.15,0.516628835267906,1274.45,1105.03333333333,36482.6833333333,6,4688.86666666667,813.616666666667,36295.25,8.55,1199,276,14015,10,6.12826789264303,3.27367126010752,1.87661379894355,1.60178359553679,1.40346540627911,"broadcast",1
"1099112078411993088",31,32,31,1,1,5,5,14,5.33333333333333,7,0.225806451612903,4.42857142857143,4.96175852083187,3.08266129032258,-1.63173875229415,-0.0801255130229127,1.55161323927124,-1.007831151538,-0.0801255130229127,1.93245187162085,0.123665072827772,0.0583142947494858,0.259034970782824,8.03008409426755,0.129032258064516,0.58533423973133,1436.1935483871,1115.54838709677,42990.2903225806,7.09677419354839,11820.6129032258,1070.90322580645,86822.8709677419,9.19354838709677,6697,717,1078,8,3.98209539887341,2.66296052262652,2.31766319077057,1,0.926287635099675,"viral",2
"1099113277961887750",12,13,12,1,1,3,3,8,3.25,8,0.666666666666667,2.4,3.13049516849971,2.46153846153846,-0.806531468933461,-0.161971015055191,0.64456045387827,-0.438583761873857,-0.438583761873857,1.49480215976098,0.581859587726414,0.106065968659174,0,0,0.333333333333333,0.901794745041531,679,434.583333333333,194563.166666667,6.5,1665.66666666667,800.083333333333,283973.333333333,5.16666666666667,2135,982,303449,5,2.90258542715061,1.37142558297853,1,0.833180477714704,0.000000000000000444518525236132,"broadcast",1
"1099113772906512390",22,23,22,1,1,4,4,17,4.6,17,0.772727272727273,4.4,7.05691150575094,2.55335968379447,0.550604844043131,0.770602652447845,0.219997808404714,0.550604844043131,0.583265719492134,1.23058349914039,0.626689357723767,0.0501207098665237,0,0,0.227272727272727,0.696040013136446,583.636363636364,580.409090909091,69617.7727272727,4.59090909090909,303.954545454545,216.363636363636,11271.3181818182,0.636363636363636,299,172,2629,0,4.13920914697904,1.83133301670399,0.968511976916384,0.758387480160623,0.00000000000000000443720283734978,"broadcast",1
"1099114028754845696",5,6,5,1,1,2,2,4,2,4,0.8,2.5,2.12132034355964,1.86666666666667,1.19832625255171,1.3923021639195,0.19397591136779,1.19832625255171,1.23712143482527,2.45375314297372,0.290335722179817,0.0161286317530886,0,0,0.2,0.917118801085041,2726.8,1981.8,5722.4,3.2,11082.4,2331.6,972.4,6.2,11064,2602,989,6,2.07431329305194,0.834999618124467,0,0,-0.834999618124466,"unclassified",NA
"1099116641806417921",13,14,13,1,1,6,6,6,2,6,0.461538461538462,2.16666666666667,1.94079021706795,3.59340659340659,0.0485159817505919,0.876004533954143,0.827488552203551,0.254580358073268,0.876004533954143,1.92378780368145,0.0518232483720084,0.0928752937852485,0.0533190138892265,0.693147180559945,0.769230769230769,0.576837476296968,4443.23076923077,1263,77634.5384615385,8.23076923076923,5283.07692307692,1676.61538461538,77555.5384615385,10,8886,888,35212,11,2.50131179659309,2.06051567553003,1.35818539574617,0.808113159094124,0.0000000000000000498979727602867,"viral",2
"1099120001427128320",46,47,46,1,1,1,1,46,23.5,46,1,46,0,1.95744680851064,-0.895304601956791,-0.895304601956791,0,-0.895304601956791,-0.895304601956791,2.84474128850481,0.091874299247317,0.141033013318223,0,0,0.0434782608695652,0.70306496776705,599.869565217391,541.739130434783,52590.5,5.71739130434783,11564683,117690,231849,12,11564683,117690,231849,12,6.78232998312527,0,0,0,0,"broadcast",1
"1099124711621939200",1,2,1,1,1,1,1,1,1,1,1,1,0,1,-2.47237064828315,-2.47237064828315,0,-2.47237064828315,-2.47237064828315,0.693147180559945,0.0192309961590298,0.000500751126690035,0,0,0,0.59915611814346,36,2000,239,2,26,86,412,1,26,86,412,1,1,-1,0,0,0,"unclassified",NA
"1099125483394887680",17,18,17,1,1,10,11,3,1.63636363636364,2,0.117647058823529,1.30769230769231,0.630425171956115,4.97385620915033,-1.57567573826031,0.65502603538224,2.23070177364255,-0.109420537440664,0.274295302761171,3.58858043990855,0.561194823996134,0.201005766174056,0.896837809912631,15.2462427685147,0.705882352941177,0.934592354033713,992.823529411765,1024.94117647059,129076.647058824,2.41176470588235,1139.41176470588,1277.05882352941,195080.117647059,2.58823529411765,2193,2178,761025,5,2.24953445304781,1.96577088293004,1.69632783035756,1.52838011587547,1.17063552796162,"viral",2
"1099127580546994176",7,8,7,1,1,2,2,5,2.66666666666667,5,0.714285714285714,2.33333333333333,2.3094010767585,2.10714285714286,-1.43666222784612,-0.349892074904985,1.08677015294114,-1.43666222784612,-1.19407668375439,2.24419078860295,0.0801135754315825,0.0889827817899627,0,0,0.285714285714286,0.637131595847198,19213.4285714286,3362.71428571429,189921.714285714,8.42857142857143,210827,1797.85714285714,171317,10.8571428571429,271264,1102,114197,11,2.33441421833898,1,0.741963784302725,-0.000000000000000188885073933205,-0.00000000000000158747176546705,"unclassified",NA
"1099127702198648832",4,5,4,1,1,2,2,3,1.66666666666667,3,0.75,2,1.4142135623731,1.8,0.542043619069419,0.543606077374491,0.00156245830507196,0.542043619069419,0.542668602391448,1.65166254654955,0.248359755977784,0.0703734526623999,0,0,0.5,0.836371710559568,2606.5,3181.75,30576.5,4.5,18002.75,1096.25,23055,8,23855,910,9339,10,1.84775906502257,0.765366864730179,0,-0.765366864730179,-1.84775906502257,"unclassified",NA
"1099127861544476674",77,78,77,1,1,10,10,41,7.09090909090909,41,0.532467532467532,3.5,8.45013383945851,5.3023643023643,-1.02952572774984,0.529272935760122,1.55879866350996,0.268850494257447,0.495154187246256,2.42835981586441,0.0268252405417141,0.119669822224153,0.200263188603818,15.420265522494,0.493506493506494,0.756457306503281,2711.11688311688,1996.53246753247,46164.3636363636,5.57142857142857,31619.5974025974,9711.51948051948,115402.480519481,6.44155844155844,50563,14536,109846,7,6.41697405803042,2.87602812840518,2.20438257073336,1.92273872244935,1.90476313632028,"viral",2
"1099128415209312256",6,7,6,1,1,4,4,3,1.4,1,0.166666666666667,1.5,1,2.0952380952381,-4.24814711985014,0.643119505762129,4.89126662561227,-0.0721718409752168,-0.0721718409752168,2.14017946834023,0.0719499684089293,0.218031974732399,0.529675638391324,3.17805383034794,0.666666666666667,0.650704510577987,274.5,183.833333333333,1572.5,5.83333333333333,1404.83333333333,262.166666666667,8177.16666666667,5.5,6842,532,40189,10,2.13577920506986,1,0.662153446861956,0.000000000000000444089209034425,-0.662153446861957,"unclassified",NA
"1099130252314345472",24,25,24,1,1,7,7,8,3.125,8,0.333333333333333,2.18181818181818,2.44205576587357,4.18,-1.7596432748351,0.49898313286447,2.25862640769957,-0.930718303078937,-0.562739286610571,1.21815778112784,0.0553314029866247,0.2911525782292,0.386970892213013,9.2873014131123,0.875,0.783664269815087,6446,6906.70833333333,94824.1666666667,5.29166666666667,27122.5833333333,20955.375,128594.875,5.375,47944,30509,172527,5,2.97662059903868,2.57975855154916,1.88192824083634,1.58091646542465,1.11860489682461,"viral",2
"1099131040831098880",89,90,89,1,1,4,4,66,18,66,0.741573033707865,8.09090909090909,19.3569343928968,2.88639200998752,-1.19460939189847,0.229618273598105,1.42422766549657,-0.167969003371332,-0.167969003371332,2.41758263184737,0.0156014591783614,0.0944153519439657,0.0311526822723571,2.77258872223978,0.0898876404494382,0.712024727052978,1010.20224719101,1274.26966292135,52372.2808988764,7.10112359550562,144426.460674157,1378.7191011236,121504.325842697,7.61797752808989,192860,922,124677,7,8.13084933250772,3.01688074194649,2.67566256926561,1.40902333413669,1,"broadcast",1
"1099131615446532097",49,50,49,1,1,5,5,40,8.33333333333333,40,0.816326530612245,7,14.5716619962629,2.76244897959184,-1.75762694362161,-0.0855581700076633,1.67206877361395,-0.744614986176235,-0.744614986176235,1.29840582439469,0.0471340345483244,0.280108204697179,0,0,0.571428571428571,0.765213948611459,2527.26530612245,2880.12244897959,53712.1632653061,5.69387755102041,89705.0612244898,57218.7551020408,33918.7755102041,7.3265306122449,107898,67973,13597,8,6.33067772366109,2.20488007197915,1.33197164307019,0.999999999999999,0.973768313885417,"broadcast",1
"1099131649021734912",7,8,7,1,1,3,3,4,2,2,0.285714285714286,2.33333333333333,1.52752523165195,2.21428571428571,-2.04824791817143,-0.18001178985284,1.86823612831859,-0.18001178985284,-0.18001178985284,1.7030836377107,0.509848027412338,0.189744742326532,0.297063077382834,2.07944154167983,0.142857142857143,0.766430765790964,1867.57142857143,431,152481.714285714,3.28571428571429,4681.71428571429,440.428571428571,269325,3.28571428571429,216,246,1572,1,2.302775637732,1.30277563773199,0.0000000000000000141341426993168,0.00000000000000000000000000000000630202182279409,-0.00000000000000000000000000000000630202182279409,"unclassified",NA
"1099132898920169472",3,4,3,1,1,1,1,3,2,3,1,3,0,1.5,-0.0547955375691337,-0.0547955375691337,0,-0.0547955375691337,-0.0547955375691337,3.04692530286343,0.136672365134169,0.393751929778131,0,0,0.333333333333333,0.912238094322534,203,109.333333333333,26166,2,2525,1092,25052,6,2525,1092,25052,6,1.73205080756888,0,0,-1.73205080756888,0,"unclassified",NA
"1099137869153689600",9,10,9,1,1,2,2,8,3.33333333333333,8,0.888888888888889,4.5,4.94974746830583,1.95555555555556,-1.72651572762441,-0.689678253582205,1.03683747404221,-0.689678253582205,-0.689678253582205,1.32236501168616,0.0334858501853448,0.0557896621276831,0,0,0.111111111111111,0.615943298994766,1650.44444444444,1700.33333333333,11276.3333333333,6.33333333333333,71491,425.333333333333,19450.7777777778,7.22222222222222,80412,421,20222,7,2.85307815256439,0.92733222491173,0.00000000000000000000000000000000000000000000000342113882891801,0,0,"broadcast",1
"1099138724800147456",34,35,34,1,1,3,3,28,8.75,28,0.823529411764706,5.66666666666667,10.9483636524673,2.35966386554622,-0.938748523247375,0.2120377529168,1.15078627616417,-0.938748523247375,-0.938748523247375,2.66901383996532,0.020204612868089,0.116858064323485,0.0203866817811749,0.693147180559945,0.323529411764706,0.524165256317174,833.764705882353,740.970588235294,48239.2058823529,7.17647058823529,67979.2352941177,22388.4411764706,311314.352941176,9.70588235294118,82251,26916,353056,10,5.3056815976374,1.72115033855714,1,1,0.942010773068208,"broadcast",1
"1099139785963139077",5,6,5,1,1,2,2,4,2,4,0.8,2.5,2.12132034355964,1.86666666666667,-1.10638033413345,-0.958051159382291,0.148329174751159,-1.10638033413345,-1.07671449918322,4.03643743400188,0.0850346137573207,0.0764990081951347,0,0,0,0.844608176852232,200.2,193.8,21865.4,3.6,3975.4,60.2,47039.8,4.6,4833,39,55151,5,2.07431329305194,0.834999618124467,0,0,-0.834999618124466,"unclassified",NA
"1099140192823324672",6,7,6,1,1,1,1,6,3.5,6,1,6,0,1.71428571428571,-1.88959091400498,-1.88959091400498,0,-1.88959091400498,-1.88959091400498,4.6212629670262,0.330909167963357,0.184784870839848,0,0,0,0.921942206641641,917,1768.66666666667,113923.166666667,7.16666666666667,682338,2150,66269,11,682338,2150,66269,11,2.44948974278318,0,0,0,0,"unclassified",NA
"1099141333674061824",33,34,33,1,1,4,4,17,6.8,17,0.515151515151515,3.3,4.96767327606977,3.29233511586453,-1.62566297323825,0.0566040644226821,1.68226703766093,-1.18239179352105,-1.04113115702048,1.86145033241454,0.0530265067760403,0.400794738684831,0.225900604526182,7.454719949364,0.96969696969697,0.810215780258689,5723.24242424242,6059.90909090909,45750.0606060606,4.66666666666667,50148.5757575758,49448.7575757576,292816.03030303,5.75757575757576,82387,80478,513157,5,4.17306641449964,2.58653150953428,1.58681736613512,1.36285452442368,1.30873463962875,"broadcast",1
"1099142092843040768",4,5,4,1,1,1,1,4,2.5,4,1,4,0,1.6,1.68385996274406,1.68385996274406,0,1.68385996274406,1.68385996274406,1.81809959814251,0.298923929967791,0.0258778540322682,0,0,0,0.803389767860096,774.75,2169.25,13592,3.25,6807,151,6046,1,6807,151,6046,1,2,0,0,0,-2,"unclassified",NA
"1099145217612152837",5,7,5,2,2,2,3,4,2.33333333333333,4,0.8,1.66666666666667,1.15470053837925,1.44444444444444,-0.0572097009215176,0.528122972457214,0.585332673378732,-0.0572097009215176,0.402223315744104,0.834877453979128,0.119944812489571,0.190318650206658,0,0,1,0.449596328930375,560.4,735.2,10090,7.4,2233.8,3198.6,94692.2,8.2,478,558,9075,3,1.73205080756888,1.4142135623731,0,0,0,"unclassified",NA
"1099149076354846720",6,7,6,1,1,1,1,6,3.5,6,1,6,0,1.71428571428571,-1.73029117784637,-1.73029117784637,0,-1.73029117784637,-1.73029117784637,2.92780772783524,0.349656313569455,0.343943495850724,0,0,0.166666666666667,0.896223567531484,1171,257.833333333333,47880,3.16666666666667,1204,1374,34867,2,1204,1374,34867,2,2.44948974278318,0,0,0,0,"unclassified",NA
"1099149525162360832",57,58,57,1,1,3,3,33,14.5,21,0.368421052631579,9.5,13.1719398723195,2.58318209316394,-0.46024471281369,0.83368258806093,1.29392730087462,-0.46024471281369,0.606536425403227,1.96928838864751,0.00807933013622167,0.0457925309701036,0.0243209537038577,1.38629436111989,0.105263157894737,0.6411688649509,1388.70175438596,654.140350877193,49294.1228070175,6.43859649122807,18205.5263157895,413.263157894737,107647.192982456,8.05263157894737,9359,300,63093,8,5.79454782023877,4.31669362107706,1.37448638328304,1,0.999999999999998,"broadcast",1
"1099150598903980032",10,11,10,1,1,2,2,9,3.66666666666667,1,0.1,5,5.65685424949238,1.81818181818182,-0.493343445189992,0.127959020703706,0.621302465893698,0.127959020703706,0.127959020703706,2.66044842971551,0.0701402728970593,0.127370071391717,0,0,0.3,0.587916275359014,3578.3,458.3,35073,5.2,31497.2,1370.6,17927.4,3.4,30176,836,16842,7,3.16227766016838,0.0000000000000000481961633008223,0,0,0,"viral",2
"1099152272410300416",4,5,4,1,1,2,2,3,1.66666666666667,3,0.75,2,1.4142135623731,1.8,-2.30923671635438,0.3774233976349,2.68666011398928,-2.30923671635438,-1.23457267075867,0.95166562244258,0.706757016254871,0.281260693286881,0.274653072167028,1.09861228866811,0.5,0.940084755652515,1806.75,1383.25,847219.25,3.5,1172.5,2013.5,1242935.5,3.5,1506,2637,1416163,4,1.84775906502257,0.765366864730179,0,-0.765366864730179,-1.84775906502257,"unclassified",NA
"1099152914143006720",6,7,6,1,1,1,1,6,3.5,6,1,6,0,1.71428571428571,-1.53429878332305,-1.53429878332305,0,-1.53429878332305,-1.53429878332305,3.34407601350929,0.344348423385575,0.29520824424989,0,0,0.333333333333333,0.962278754149138,348,494.833333333333,143406,3.16666666666667,7207,611,122971,3,7207,611,122971,3,2.44948974278318,0,0,0,0,"unclassified",NA
"1099153807513186309",4,5,4,1,1,2,2,3,1.66666666666667,3,0.75,2,1.4142135623731,1.8,0.251843554051406,0.572111330662143,0.320267776610737,0.572111330662143,0.572111330662143,1.54344652597548,0.0408474566771252,0.0895938075191045,0,0,0.5,0.656441993943155,744.75,571.25,13068.75,5,394.75,199.25,1333.5,4,494,109,1661,5,1.84775906502257,0.76536686473018,-0.000000000000000222044604925031,-0.76536686473018,-1.84775906502257,"unclassified",NA
"1099155959207903232",11,12,11,1,1,1,1,11,6,11,1,11,0,1.83333333333333,0.00453681946005747,0.00453681946005747,0,0.00453681946005747,0.00453681946005747,3.45082738454159,0.0232192809287956,0.046062039694509,0,0,0.0909090909090909,0.785633132238943,346.545454545455,358.545454545455,31802.0909090909,5.72727272727273,19813,310,23219,3,19813,310,23219,3,3.3166247903554,0,0,0,0,"broadcast",1
"1099159763424866304",5,6,5,1,1,2,2,4,2,1,0.2,2.5,2.12132034355964,1.66666666666667,-1.9700166687119,-0.965146654489276,1.00487001422262,-0.965146654489276,-0.965146654489276,3.21542347884595,0.309622323400803,0.0537984746535407,0,0,0,0.610710312679339,540,825.4,20384.2,3.8,1419.6,448.8,7567.6,1,142,724,2062,1,2.23606797749979,0,0,0,0,"unclassified",NA
"1099163718674305025",9,10,9,1,1,3,3,6,2.5,6,0.666666666666667,2.25,2.5,2.37777777777778,-0.000237431922574827,0.800271924733691,0.800509356656266,0.329956154435223,0.496686425504987,1.90292649936306,0.0258729523177354,0.165631631077437,0.122068032074234,1.09861228866811,0.222222222222222,0.737200499098261,203.222222222222,214.888888888889,927.111111111111,2.77777777777778,5903,249.444444444444,32351.5555555556,5.66666666666667,8702,272,47879,7,2.53208888623796,1.34729635533386,0.879385241571817,0.0000000000000000728941702252734,0.00000000000000000000000000000000154074395550979,"broadcast",1
"1099164343600480256",2,3,2,1,1,2,2,1,1,1,0.5,1,0,1.33333333333333,-0.867892717399946,0.0327118099529918,0.900604527352938,-0.417590453723477,-0.147409095517596,2.11705325229863,0.404020415207213,0.136130537891032,0,0,1,0.962495609769277,655,1088,10918.5,3,1153.5,1564.5,9821,1.5,1206,1191,9239,1,1.4142135623731,-0.0000000000000000806646416329215,-1.4142135623731,0,0,"unclassified",NA
"1099164574299930624",15,16,15,1,1,5,5,5,2.66666666666667,2,0.133333333333333,1.875,1.1259916264596,3.175,-1.92009072990529,0.593097532739238,2.51318826264453,-0.583530092841636,0.54857428949302,1.20038894447722,0.0189332495107561,0.0396914156976477,0,0,0.8,0.644091451237018,1536.4,708.733333333333,52352.4666666667,6,2852.06666666667,808.2,59457.2,5.73333333333333,139,127,84,4,2.58240793739593,1.78657319622004,1.52790268233639,1.12390783422736,1,"viral",2
"1099171499116773376",14,15,14,1,1,7,8,4,1.875,1,0.0714285714285714,1.27272727272727,0.646669790682863,3.98095238095238,-1.93762335873278,0.926713509602945,2.86433686833572,0.476710198874599,0.867130928521738,0.858504867202274,0.184762803072026,0.168380252430858,0.817992911652318,11.4519007631324,1,0.599357075649664,2428.92857142857,2099.14285714286,35169.1428571429,5.5,2662.57142857143,2173.78571428571,29618.8571428571,5.28571428571429,1289,1057,10886,5,2.2676838342926,1.8562624033203,1.54041991771524,1.36107730515838,0.840461079641299,"viral",2
"1099177723442823170",16,17,16,1,1,5,5,5,2.83333333333333,3,0.1875,1.77777777777778,0.97182531580755,3.55882352941176,-2.87396095088046,0.708035918465968,3.58199686934643,-0.739549136589917,-0.268539358302595,2.84876667713774,0.111976404776056,0.146911854610548,0.545201954676719,8.72323127482751,0.8125,0.597937107455178,1171.25,830.75,13756.75,5.75,1506.5625,797.9375,15260.125,7.625,1305,527,14871,9,2.45344832488729,1.84775906502257,1.75964211109051,1.37768959767682,0.840183725470265,"viral",2
"1099178444863094785",13,14,13,1,1,4,4,8,2.8,8,0.615384615384615,3.25,3.20156211871642,2.75824175824176,0.460534765032396,1.11508280541191,0.654548040379514,0.51370970375196,0.755662401803923,2.19270951674392,0.290047879265469,0.06957210485003,0.106638027778453,1.38629436111989,0.307692307692308,0.68148974789232,3185.53846153846,2884.46153846154,44584,6.15384615384615,8329.30769230769,4241.76923076923,21911.4615384615,4.92307692307692,9639,4058,10920,4,2.89042295091247,1.84953603254625,1.10664882828815,0.0000000000000000611127087197518,0.0000000000000000000000000000000847828840996315,"broadcast",1
"1099183381575880704",5,6,5,1,1,1,1,5,3,5,1,5,0,1.66666666666667,0.13062358293873,0.13062358293873,0,0.13062358293873,0.13062358293873,2.73453116757577,0.430004728870148,0.134249822048798,0,0,0,0.74817867036875,385.6,403.8,25836.8,7.8,1394,1498,52399,10,1394,1498,52399,10,2.23606797749979,0,0,0,0,"unclassified",NA
"1099183729711423488",3,5,3,2,2,1,2,3,2.5,3,1,1.5,0.707106781186548,1.25,0.937255720167878,1.99411404985037,1.05685832968249,1.99411404985037,1.99411404985037,0.231049060186648,0.0637401011860236,0.119091127082323,0,0,0.666666666666667,0.96592832670932,3392.66666666667,438.333333333333,14832,2.33333333333333,913.666666666667,2511.33333333333,6304.33333333333,5.66666666666667,766,2691,1264,5,1.4142135623731,1,0.000000000000000111889664200504,-1,-1.4142135623731,"unclassified",NA
"1099185248020168705",26,27,26,1,1,5,5,15,4.5,15,0.576923076923077,3.71428571428571,5.18698003705064,2.94017094017094,0.107931111312551,1.86938702689407,1.76145591558152,0.551660574342243,0.827865709433976,1.63190237196067,0.342543911082259,0.0933092134001136,0.106638027778453,2.77258872223978,0.346153846153846,0.690502705449734,338.346153846154,299.923076923077,19859.6538461538,2.46153846153846,243.615384615385,266.923076923077,9152.42307692308,0.807692307692308,14,76,173,1,3.93923007294223,2.34637129149472,1.61202902435837,1,0.999999999999999,"broadcast",1
"1099186497943527425",66,67,66,1,1,6,6,29,9.57142857142857,29,0.439393939393939,5.5,8.19645156038991,3.63364993215739,-0.236922643331557,1.66171280175729,1.89863544508885,0.630570423112028,0.806788925309266,1.35466062295177,0.150779744529957,0.194981967389093,0.494314226128061,32.6247389244521,0.0757575757575758,0.906005820117644,2969.65151515152,397.590909090909,42118.0303030303,2.92424242424242,44498.5606060606,285.075757575758,34133.0909090909,5.93939393939394,45121,134,7779,8,5.4214930711765,3.72918745246789,3.01188306220001,2.203511324137,1.47678986249003,"viral",2
"1099186741209108480",2,4,2,2,2,1,2,2,2,2,1,1,0,1,-0.726623871940775,0.620743573739346,1.34736744568012,-0.0529401491007145,0.351270084603322,1.03972077083992,0.0626515970058455,0.0501626131221719,0,0,0.5,0.519503659676352,130,350.5,2366.5,1.5,228.5,361,12740.5,3,259,293,22178,5,1,1,-1,-1,0,"unclassified",NA
"1099187856889786369",81,82,81,1,1,6,6,25,11.7142857142857,25,0.308641975308642,2.61290322580645,4.43980044112224,4.4062029509184,-0.919253935269738,0.880932195401448,1.80018613067119,0.390637768824261,0.568526769297244,1.76429191383662,0.0283164076295441,0.105829610747124,0.129814700543896,10.5149907440556,0.728395061728395,0.633865840403462,894.185185185185,707.765432098765,53122.8271604938,6.98765432098765,3542.04938271605,1454,92252.9135802469,7.77777777777778,6076,2219,103626,8,5.10587483941689,3.11244570219774,2.35023071439978,2.16055866385694,2.15178952696013,"viral",2
"1099189538797375488",28,29,28,1,1,6,6,8,4.14285714285714,6,0.214285714285714,2.15384615384615,1.46322439872551,4.24630541871921,-0.396708195493939,0.761805880692953,1.15851407618689,0.539158485399491,0.696518281406045,1.24534375544921,0.0121301954551737,0.178268862180885,0.379741920703998,10.6327737797119,0.857142857142857,0.695648476970705,660.428571428571,493.678571428571,34436.8214285714,6.35714285714286,968.785714285714,652.178571428571,43481.1785714286,7.10714285714286,630,448,18746,6,2.83173891422177,2.2816003307295,2.02534311684476,1.75507846584922,1.6619376761152,"viral",2
"1099189803030073344",29,30,29,1,1,12,12,4,2.30769230769231,1,0.0344827586206897,1.61111111111111,0.777544316035229,6.24827586206897,-2.5560042105554,1.1719314375125,3.7279356480679,-0.256483496012723,0.546165263328184,1.44793087577695,0.0507721115975372,0.24276600757962,1.36735774063811,39.6533744785052,0.896551724137931,0.668090309843302,717.172413793103,645.034482758621,7169.20689655172,3.37931034482759,931.172413793103,769.551724137931,7830.89655172414,3.72413793103448,1439,1556,9163,4,2.43161345696356,2.37079872779843,1.96553806237285,1.95899181109857,1.6048389240811,"viral",2
"1099192265103282178",10,11,10,1,1,2,2,7,3.66666666666667,7,0.7,2.5,3,2.25454545454545,0.143782807005937,1.0225235174465,0.878740710440563,0.227020443428301,0.259911231046116,1.95409273930335,0.0579556211332617,0.12033534104819,0,0,0.8,0.586390988813662,601.2,465.6,3131.7,6.3,2664.5,1977.8,4926.2,7.7,3271,2463,5689,8,2.73205080756888,1,1,0.732050807568878,0.000000000000000444239949665266,"broadcast",1
"1099192642594779136",7,8,7,1,1,2,2,6,2.66666666666667,6,0.857142857142857,3.5,3.53553390593274,1.92857142857143,-1.19935067041322,-0.581976706282718,0.617373964130502,-1.19935067041322,-1.19935067041322,0.931727542595736,0.159967670902427,0.159872712592204,0,0,0.142857142857143,0.938104637206626,148.571428571429,208.571428571429,46147.8571428571,2.71428571428571,279.857142857143,533.714285714286,34006.7142857143,2.71428571428571,258,569,13755,3,2.48848998462265,0.898564186039456,0,0,0,"unclassified",NA
"1099192843904659456",6,7,6,1,1,4,4,2,1.4,2,0.333333333333333,1.5,0.577350269189626,2.38095238095238,-1.12524788033331,1.12265654912306,2.24790442945637,0.846792116786627,0.965837773634871,3.3747551722208,0.073790277589508,0.177157812471341,0,0,1,0.482821824549129,638,451.333333333333,81496.3333333333,7,746.333333333333,477.333333333333,94797.3333333333,5.83333333333333,171,99,204,1,1.96961550602442,1.28557521937308,0.684040286651338,-0.0000000000000000170773539693086,-0.684040286651337,"unclassified",NA
"1099194043471343616",40,42,40,2,2,5,5,22,7,22,0.55,2.5,4.95311349893512,3.48143405889885,-1.66502798953559,0.99793167098928,2.66295966052487,-0.822230948682725,-0.122398753305656,1.75083555380016,0.00756953698207454,0.132706188105042,0.134381960192104,5.37527840768417,0.875,0.18041666933783,2463.7,1354.625,42532.9,4.025,2272.75,1517.9,18846.9,4.025,558,104,17734,4,4.62693300932693,2.21688737687523,1.59245173579,1.4142135623731,1.38273518240643,"broadcast",1
"1099200691447320576",4,5,4,1,1,2,2,3,1.66666666666667,3,0.75,2,1.4142135623731,1.8,-1.73986803116914,0.386882156835092,2.12675018800423,-1.73986803116914,-0.889167955967446,1.63777008376085,0.125206743007912,0.12406826782182,0,0,0.75,0.823387691950947,2803.5,2838.25,36956.75,9.5,5444.5,4450.75,39342.5,9.5,5472,4192,22048,10,1.84775906502257,0.765366864730179,0,-0.765366864730179,-1.84775906502257,"unclassified",NA
"1099203317106962432",21,22,21,1,1,2,2,18,7.33333333333333,18,0.857142857142857,5.25,8.5,2.15584415584416,-0.282451707404163,0.951884303564221,1.23433601096838,0.584288723520659,0.584288723520659,1.30412703262506,0.0494091296970469,0.0776121830168524,0,0,0.238095238095238,0.531221636031267,111.047619047619,307.714285714286,2558.90476190476,2.95238095238095,1471.04761904762,197.952380952381,4884.33333333333,3.85714285714286,1692,178,5354,4,4.26317672474984,1,1,0.908473562384324,0.00000000000000018438905537005,"broadcast",1
"1099203501643714560",23,24,23,1,1,12,12,5,1.84615384615385,5,0.217391304347826,1.76923076923077,1.23516841994969,5.6231884057971,-1.88161306748648,0.225008972200228,2.10662203968671,-0.382034597817296,0.19764158632048,1.53398771054844,0.0853557278495423,0.184240988624831,1.11065848231763,25.5451450933055,0.782608695652174,0.607698661552875,4216.30434782609,3562.17391304348,100589.434782609,5.78260869565217,7233.47826086957,3870,117519.826086957,5.34782608695652,14112,4087,171424,4,2.37802880982756,2.30814103096438,2.12869565830744,1.70977195705793,1.30441380151833,"viral",2
"1099205271644073984",6,7,6,1,1,1,1,6,3.5,6,1,6,0,1.71428571428571,0.26202960609828,0.26202960609828,0,0.26202960609828,0.26202960609828,1.91400534021921,0.383932959888377,0.217838720922784,0,0,1,0.729241563932157,710.5,775.166666666667,76102,5,37769,37322,84923,9,37769,37322,84923,9,2.44948974278318,0,0,0,0,"unclassified",NA
"1099208673228816385",8,9,8,1,1,2,2,6,3,6,0.75,4,2.82842712474619,2.05555555555556,0.123999489739877,0.547204794863217,0.42320530512334,0.123999489739877,0.377922672813881,2.32430404375791,0.155877310415044,0.0732705629292673,0,0,0.375,0.720255842790117,46851,335.5,73059,4.125,7128.5,134.25,4932.75,1.25,5975,141,3758,1,2.53958456106175,1.24519486716611,0.00000000000000000000000000000000635662600316201,0.000000000000000000000000000000000000000000000000157608712133737,0,"unclassified",NA
"1099209465960845312",5,6,5,1,1,3,3,3,1.5,1,0.2,1.66666666666667,1.15470053837925,1.86666666666667,-0.427764916140622,-0.185140773212541,0.242624142928081,-0.427764916140622,-0.312702759155989,1.83859814672821,0.0124775708940402,0.0983758102098959,0,0,0.6,0.487748681867303,3964.2,888.4,30013.2,4,9103.8,802.8,60680.2,4.6,964,411,8476,4,2.07431329305194,0.834999618124467,0.00000000000000000100175542842367,0,-0.834999618124467,"unclassified",NA
"1099212125111758849",27,28,27,1,1,4,4,15,5.6,15,0.555555555555556,3.85714285714286,5.24177360024167,2.87830687830688,-0.925441872652317,0.220770774179563,1.14621264683188,0.214311809408446,0.214311809408446,1.81742472967395,0.0831040314022151,0.0875318692439549,0.0770163533955494,2.07944154167983,0.185185185185185,0.689902138704531,1865.25925925926,981.518518518518,47844.6296296296,5.96296296296296,5246.88888888889,595.925925925926,101916.037037037,8.62962962962963,1804,453,90692,9,3.971406365485,2.37567352675367,1.70541490222184,1.32531083981575,0.958758553345666,"broadcast",1
"1099214322960662528",8,9,8,1,1,2,2,7,3,7,0.875,4,4.24264068711928,1.94444444444444,0.262964603754744,0.476688688855809,0.213724085101065,0.476688688855809,0.476688688855809,2.04578966269112,0.0134755340081863,0.0375843288150269,0,0,0.25,0.395283739592124,655.625,1058.75,21548.875,7,2990.25,514.625,4209.625,4.875,3391,493,640,4,2.67624319899526,0.915271730051584,0.000000000000000111022302462516,0,0,"unclassified",NA
"1099215384123604992",5,6,5,1,1,2,2,4,2,4,0.8,2.5,2.12132034355964,1.86666666666667,-1.20353987407196,-0.0687650881846006,1.13477478588736,-1.20353987407196,-0.976584916894488,1.07505568153683,0.0819986922505403,0.178559470683433,0,0,0,0.916402719355469,533.4,161.8,443583.2,3.2,466.2,623.8,193578.6,4,246,719,26013,3,2.07431329305194,0.834999618124466,0,0,-0.834999618124466,"unclassified",NA
"1099218789885829121",31,42,31,11,11,3,4,15,10.5,15,0.483870967741935,1.55,0.887041208323017,2.07368421052632,-1.23078599616845,1.30049219839684,2.53127819456529,0.395174309726824,0.918809520206458,0.840312583174615,0.135182700688193,0.0750844756396259,0.675571804538365,20.9427259406893,0.67741935483871,0.553003741360298,852.193548387097,1221.87096774194,3603.74193548387,1.35483870967742,963.096774193548,1263.83870967742,3298.12903225806,0.967741935483871,758,1499,7451,1,2.28824561127074,2.17532774716108,2.13577920506986,1.73205080756888,1.4142135623731,"broadcast",1
"1099225668544589824",15,16,15,1,1,3,3,13,4,13,0.866666666666667,5,6.92820323027551,2.18333333333333,-0.500753140738923,0.229367086110391,0.730120226849314,-0.500753140738923,-0.500753140738923,1.89550248065764,0.0442210597807069,0.12172500672018,0,0,0.266666666666667,0.677142772151805,1189.26666666667,1189.33333333333,54386.6,6.93333333333333,142172.466666667,2041.2,92156.0666666667,7.73333333333333,163869,2178,101651,8,3.61803398874989,1.38196601125011,0.000000000000000444089209847211,0.000000000000000000000000000000000000000000000000276302078741162,0.000000000000000000000000000000000000000000000000150806860920851,"broadcast",1
"1099228248045543424",75,76,75,1,1,5,5,51,12.6666666666667,51,0.68,5.76923076923077,13.6696369505183,2.8859649122807,-1.04842282320041,1.48056550585511,2.52898832905552,0.618439094763829,0.618439094763829,1.56410683284788,0.21960042340169,0.0649845799821353,0.0516160134787719,3.87120101090789,0.213333333333333,0.733819660923551,435.866666666667,464.04,24723.92,4.26666666666667,2595.73333333333,387.44,9819.09333333333,1.96,3064,300,2173,1,7.16050161004081,2.5341768478289,2.21266180140453,1.99429864295387,1.4142135623731,"broadcast",1
"1099228298385580033",20,21,20,1,1,2,2,14,7,14,0.7,5,6.16441400296898,2.36190476190476,0.485488799437942,1.33116432296365,0.845675523525708,0.485488799437942,1.19580911071039,3.74289375056947,0.153524228732704,0.149927528846364,0.0895879734614028,1.79175946922805,0.4,0.655885683312933,437.95,497.55,12797.75,3.25,12959.35,147.05,17760.6,6.95,17165,196,24320,9,3.81153388684334,1.90793106866873,1,0.912144981158965,0.000000000000000803350334414209,"broadcast",1
"1099228382271655936",4,5,4,1,1,4,4,1,1,1,0.25,1,0,2,-3.42624086925833,0.724765196144608,4.15100606540294,-1.29053032001639,0.656420309161493,2.23892653839265,0.255508937315775,0.782619047619048,0.447939867307014,1.79175946922805,1,0.030298423748096,36.75,36.5,1223.5,1.5,31,30.5,1470.25,1.75,29,29,1627,2,1.73205080756888,1,0,-1,-1.73205080756888,"unclassified",NA
"1099229971904487424",21,22,21,1,1,6,6,9,3.14285714285714,9,0.428571428571429,2.33333333333333,2.59807621135332,3.9004329004329,-1.85847969800777,0.129375468515963,1.98785516652373,-0.841617082536579,-0.530955882174825,1.94310579212968,0.312479150059813,0.211915690302167,0.21734991387942,4.56434819146783,0.571428571428571,0.891832252925649,402.809523809524,489.428571428571,49934.0952380952,3.66666666666667,1792.85714285714,607.619047619048,120764.476190476,5.23809523809524,3135,651,208219,6,3.05899081590687,2.14116352607849,1.89939358308431,1.39665216547224,1.11234338052292,"viral",2
"1099232400415080448",50,51,50,1,1,5,5,25,8.5,25,0.5,5,7.64489662745314,3.14509803921569,-0.188877375926414,1.0037474182702,1.19262479419661,-0.101107121869541,0.501459667311977,1.8675918040041,0.0309582696944924,0.102811457582108,0.152177412583825,7.60887062919126,0.36,0.627008614764327,1240,982.52,35345.36,5.22,15517.6,836.2,57921,5.14,23604,617,681,4,5.09693067727342,3.09830927027498,2.48638616917546,2.03485731531985,1,"broadcast",1
"1099233734182752256",8,9,8,1,1,3,3,4,2.25,2,0.25,2,1.4142135623731,2.27777777777778,-0.664773621953121,1.09678766013055,1.76156128208367,-0.638850527558251,-0.26491252036871,1.3291690395039,0.0208132773875543,0.102517061070453,0.0866433975699931,0.693147180559945,0.875,0.607281544578059,953,609.375,13237.5,3.5,701.125,813.5,7986.5,2.375,560,505,3116,5,2.37607897828851,1,0.999999999999999,0.595187944212086,-0.000000000000000111022340008196,"unclassified",NA
"1099234942133915652",52,53,52,1,1,3,3,44,13.25,44,0.846153846153846,7.42857142857143,16.1333726878701,2.34978229317852,-0.653489801858918,0.942923269675308,1.59641307153423,-0.104273962828398,-0.104273962828398,2.27284381335733,0.0183831617706597,0.0490621557493343,0.0344569128697703,1.79175946922805,0.192307692307692,0.562674303795007,951.211538461538,1119.55769230769,23334.9615384615,7.03846153846154,45032.9423076923,1377.17307692308,25773.5192307692,7.28846153846154,52451,1143,19334,7,6.64219789435926,1.8368064507092,1.40598532377355,1,0.976014328383085,"broadcast",1
"1099236762482888705",6,7,6,1,1,2,2,4,2.33333333333333,2,0.333333333333333,2,1,2.19047619047619,-1.31187467195504,-0.199801254493766,1.11207341746127,-0.893160356124233,-0.893160356124233,3.69813268236685,0.375402801766161,0.213297295622618,0.115524530093324,0.693147180559945,0.666666666666667,0.833362723794648,2454.16666666667,545.833333333333,25736.5,7,56041.6666666667,36314.6666666667,26187.5,8.5,149998,106662,11173,9,2.10100298961546,1.25928012674977,0,0,0,"unclassified",NA
"1099237559375446016",9,10,9,1,1,4,4,3,2,2,0.222222222222222,1.8,0.836660026534076,2.64444444444444,-1.30357533251402,0.751106084856584,2.0546814173706,0.0418775632934297,0.37093097718098,2.35468742225788,0.0615453628590906,0.118026311358911,0.308065413582198,2.77258872223978,0.444444444444444,0.568603853497765,9497.22222222222,1513.33333333333,20181,8.11111111111111,23161.6666666667,2058.44444444444,30810.8888888889,9.22222222222222,11575,369,11313,9,2.27638822173468,1.4142135623731,1.1859260746913,0.641588660525492,-0.000000000000000425702826416957,"viral",2
"1099238662473175040",7,8,7,1,1,6,6,2,1.14285714285714,1,0.142857142857143,1.16666666666667,0.408248290463863,2.71428571428571,-0.645762007602697,0.015121697727802,0.660883705330499,-0.0305582677744249,0.00757673832395339,1.23695610766999,0.125194155247539,0.0687667322106555,0.0990210257942779,0.693147180559945,0.857142857142857,0.657257122685667,1166.85714285714,540.428571428571,39641.2857142857,5.28571428571429,1006,500.285714285714,18428.1428571429,4.42857142857143,100,99,1201,3,1.98904379073655,1.48628965095479,0.813473286151601,0.415823381635519,-0.415823381635519,"unclassified",NA
"1099241942452301824",6,7,6,1,1,1,1,6,3.5,6,1,6,0,1.71428571428571,-2.05397000416719,-2.05397000416719,0,-2.05397000416719,-2.05397000416719,1.43936998297298,0.169060111641559,0.104570498475046,0,0,0,0.591533216246606,293,630.833333333333,7160.83333333333,3.16666666666667,18357,506,65453,5,18357,506,65453,5,2.44948974278318,0,0,0,0,"unclassified",NA
"1099242789684953088",73,74,73,1,1,3,3,62,18.5,62,0.849315068493151,6.63636363636364,18.3644914292377,2.31247686042207,-0.952800648653801,1.918588785643,2.8713894342968,-0.0712541055324203,-0.0712541055324203,0.876080819879089,0.0228884118408484,0.0471383345836333,0,0,0.164383561643836,0.541454868110775,620.205479452055,420.493150684931,12477.7945205479,5.16438356164384,928.465753424658,392.178082191781,14211.7123287671,7.47945205479452,576,182,13958,8,7.88341745618843,1.4142135623731,1.4142135623731,1.39241722851624,1,"broadcast",1
"1099246778484805632",4,5,4,1,1,1,1,4,2.5,4,1,4,0,1.6,0.874924573488792,0.874924573488792,0,0.874924573488792,0.874924573488792,5.563808121926,0.164556526896754,0.0815686431825618,0,0,0,0.651817029507894,280.75,399.25,49745.25,5,11015,3,114826,3,11015,3,114826,3,2,0,0,0,-2,"unclassified",NA
"1099247508260298752",73,74,73,1,1,4,4,44,14.8,44,0.602739726027397,5.21428571428571,11.5304184421273,3.10292484265087,-0.336167835241439,1.58940445374748,1.92557228898892,0.885813807018351,0.885813807018351,0.873864026453881,0.03257594694185,0.0258735081490772,0.00949516685698555,0.693147180559945,0.246575342465753,0.7374988552128,1298.19178082192,756.383561643836,36620.5342465753,5.87671232876712,7217.47945205479,1258.98630136986,253093.232876712,8.49315068493151,7003,522,354635,10,6.65371944707125,3.61195830168806,1.91628329931076,1.83461537688259,1.61232855060767,"broadcast",1
"1099250880518381569",72,74,72,2,2,6,6,44,10.5714285714286,44,0.611111111111111,4.23529411764706,10.0344993133982,3.48963629253031,-0.462629509515903,1.98190946753191,2.44453897704781,0.219042830099878,0.518057473631736,1.5676593531274,0.37431495812863,0.0653102269609944,0.205220951473659,14.7759085061035,0.111111111111111,0.875735269266459,579.75,597.402777777778,94874.3888888889,4.30555555555556,1862.98611111111,725.541666666667,62191.1388888889,6.98611111111111,1956,902,20037,8,6.57840080917114,2.33710541742908,2.24953518083467,1.83194059863599,1.78004124154166,"broadcast",1
"1099253153797734400",6,7,6,1,1,2,2,4,2.33333333333333,4,0.666666666666667,2,1.73205080756888,2.0952380952381,-0.116673534521425,1.44280942851073,1.55948296303215,-0.116673534521425,0.858754597734042,5.10949032147197,0.340988014016104,0.31750317006299,0.183102048111352,1.09861228866811,0.5,0.577388584522539,3198.5,302,36871.6666666667,5.5,461305,465.333333333333,38422.3333333333,8.66666666666667,687408,507,22195,8,2.13577920506986,1,0.662153446861956,-0.00000000000000122124532708767,-0.662153446861956,"unclassified",NA
"1099254542141661184",5,6,5,1,1,1,1,5,3,5,1,5,0,1.66666666666667,-0.0201207035543011,-0.0201207035543011,0,-0.0201207035543011,-0.0201207035543011,4.12214351020971,0.0192680785230225,0.00560441317022353,0,0,0.2,0.837501715468498,696.4,1303.6,27002.8,4.2,29433,25958,26851,3,29433,25958,26851,3,2.23606797749979,0,0,0,0,"unclassified",NA
"1099255049648246784",5,6,5,1,1,2,2,3,2,2,0.4,1.66666666666667,0.577350269189626,2.13333333333333,-0.759785131090796,0.376695035653591,1.13648016674439,0.327122469462008,0.337036982700325,3.28195071185794,0.14592600994154,0.151429045908955,0.138629436111989,0.693147180559945,0.8,0.500414909691136,969.6,796.4,8845.8,7.6,1205.4,1023.6,8350.4,6.4,674,473,649,4,1.90211303259031,1.17557050458495,0,0,-1.17557050458495,"unclassified",NA
"1099255536162353157",5,6,5,1,1,4,4,2,1.2,1,0.2,1.25,0.5,2.13333333333333,-1.20054368698292,0.537580777967496,1.73812446495042,-1.18613877631705,-0.607501424965025,1.45224501839438,0.116175620452309,0.0840779922233027,0.138629436111989,0.693147180559945,0.8,0.795198528104026,3017.4,1713.8,72201.4,4.8,3137.8,1526.8,44337.8,3.6,118,561,456,3,1.90211303259031,1.17557050458495,0,0,-1.17557050458495,"unclassified",NA
"1099255578113855490",88,89,88,1,1,2,2,85,29.6666666666667,85,0.965909090909091,29.3333333333333,48.2113402980391,2.04290091930541,0.289050158666412,1.08888235757807,0.799832198911658,0.289050158666412,0.289050158666412,2.10896001731852,0.029532076767411,0.0831733241523266,0,0,0.0227272727272727,0.599426004009808,456.806818181818,741.568181818182,16547.1931818182,6.78409090909091,257922.784090909,223.738636363636,71963.3068181818,9.94318181818182,266961,150,72398,10,9.22149584432437,1.40577527453837,0.993886447540621,0.00000000000000177635687277649,0.00000000000000000500580678195392,"broadcast",1
"1099255817180712961",20,21,20,1,1,2,2,15,7,15,0.75,6.66666666666667,7.37111479583199,2.27619047619048,-0.581047193072093,-0.309850139327827,0.271197053744266,-0.309850139327827,-0.309850139327827,1.2947437799036,0.078924295585582,0.0462777107416105,0,0,0.1,0.866487153193533,476.35,842.85,13545.2,2.4,1075,1184.2,58936.8,1.6,477,226,57985,1,3.92678292752645,1.9127546487861,0.960075774943802,0.000000000000000447374270698734,0.0000000000000000000000000000000326655031404443,"broadcast",1
"1099257868216201216",11,12,11,1,1,2,2,10,4,10,0.909090909090909,5.5,6.36396103067893,1.96969696969697,-1.32854294286241,0.329605556703844,1.65814849956625,-1.32854294286241,-1.32854294286241,3.24037293561771,0.0908065895896489,0.120018643966993,0,0,0.0909090909090909,0.874326772541226,3198.36363636364,494.272727272727,56814,5,10268502.2727273,75.3636363636364,532737.727272727,9.45454545454546,11295338,14,583053,10,3.17958680155873,0.943518824058935,0,0,0,"broadcast",1
"1099261341108457472",16,17,16,1,1,5,5,8,2.83333333333333,8,0.5,2.28571428571429,2.56347977784662,3.35294117647059,-1.20114136082966,0.914185198738713,2.11532655956837,-0.32994879740471,0.0356664384864194,3.14498836904457,0.257663848956666,0.240716125812796,0.397256728793493,6.35610766069589,0.25,0.877819802095923,245.8125,221.5,59011.1875,2.6875,43450.6875,372.5,31947.6875,5.1875,86707,520,22785,8,2.88718446330945,2.01204100191501,1.50609763325143,0.929125112548181,0.695883126526396,"viral",2
"1099267305404416002",84,85,84,1,1,4,4,59,17,59,0.702380952380952,4.94117647058824,13.9708204315069,2.7109243697479,0.474423274179361,1.38394565098209,0.909522376802729,0.653208200363322,0.661325850312669,1.92909777001948,0.242028511084418,0.0538953163062914,0.0948279234896427,7.96554557312998,0.154761904761905,0.905207922304296,255.833333333333,511.857142857143,114399.773809524,6.80952380952381,5338.77380952381,131.047619047619,69882.5952380952,5.65476190476191,7227,2,30294,5,7.70297053253468,2.34055516021333,1.92850780664665,1.71746376852557,1.40259475057634,"broadcast",1
"1099268274263474177",72,73,72,1,1,7,7,36,9.125,36,0.5,3.27272727272727,7.42698950855413,4.29223744292237,-0.297299198409244,0.919379888974443,1.21667908738369,0.113310281454671,0.21384622523236,1.99719627865963,0.0187103832225877,0.0426645131186475,0.0577622650466621,4.15888308335967,0.430555555555556,0.628770649763886,1582.36111111111,876.861111111111,69217.8888888889,6.91666666666667,6704.93055555556,1311.69444444444,94003.1388888889,7.38888888888889,9158,142,67888,7,6.03305818421471,2.5847497500328,2.31674566350517,2.15404911444632,2.08716004388522,"viral",2
"1099269469644431362",44,45,44,1,1,15,15,6,2.8125,6,0.136363636363636,1.91304347826087,1.37883493237987,7.35353535353535,-0.111862581072636,2.11750704147867,2.22936962255131,0.738143494513459,1.00864743732029,1.56881258577443,0.160862673725378,0.171641226654025,1.15347126635557,50.752735719645,0.795454545454545,0.690159332414372,3812.36363636364,4324.13636363636,42619.6818181818,5.88636363636364,8223.45454545455,8138.25,43663.8181818182,4.97727272727273,1935,800,2477,2,2.76731237809665,2.53420071419531,2.37494124870027,2.09140469358089,2.00162381905708,"viral",2
"1099270656649252864",3,6,3,3,3,1,2,3,3,3,1,1,0,1,-0.842300405488032,0.325162765437069,1.1674631709251,-0.470102167141761,0.00705679240553708,1.18511602049647,0.0618782159822508,0.0558815448167009,0,0,1,0.752678685601213,11570.6666666667,8178,78478.6666666667,6.66666666666667,3790.66666666667,3936.33333333333,96642,7.33333333333333,5247,5307,5097,9,1,1,1,-1,-1,"unclassified",NA
"1099272237880872960",8,9,8,1,1,1,1,8,4.5,8,1,8,0,1.77777777777778,0.213614352458498,0.213614352458498,0,0.213614352458498,0.213614352458498,3.52989713020967,0.143575399956283,0.0218286155025802,0,0,0,0.705251681835944,778,1399.125,12627.375,7,3289,385,27458,4,3289,385,27458,4,2.82842712474619,0,0,0,0,"unclassified",NA
"1099275345860182017",7,8,7,1,1,1,1,7,4,7,1,7,0,1.75,-0.812644358229085,-0.812644358229085,0,-0.812644358229085,-0.812644358229085,4.29179951053014,0.0395235464953793,0.0635159868979894,0,0,0,0.738717664154792,142.857142857143,785.428571428571,4459.57142857143,5.28571428571429,3112743,644,266258,10,3112743,644,266258,10,2.64575131106459,0,0,0,0,"unclassified",NA
"1099275463317430278",10,11,10,1,1,3,3,6,2.75,6,0.6,2.5,2.38047614284762,2.47272727272727,-1.48068231153404,0.834715617965252,2.31539792949929,-0.280920642717562,-0.103912839026386,1.48857233721107,0.00672981383663578,0.0816999025885302,0,0,0.8,0.606294711523575,1618.7,1316.8,52006.8,6.4,5515.3,3366.8,65331.9,5.2,6404,3621,38317,5,2.57793547457352,1.4142135623731,1.16372191220042,0.000000000000000330000934095596,0.000000000000000232844271327018,"broadcast",1
"1099278139300110338",6,7,6,1,1,3,3,4,1.75,4,0.666666666666667,2,1.73205080756888,2.19047619047619,-0.884682220961439,-0.445499044910948,0.439183176050491,-0.884682220961439,-0.637286669740338,1.242453324894,0.428357114601525,0.145126352124434,0,0,1,0.707130283844055,799.166666666667,1365.83333333333,5123.33333333333,1.16666666666667,4200.66666666667,4268.66666666667,10734,1.83333333333333,5682,5113,14821,2,2.10100298961546,1.25928012674976,0.00000000000000100362096211873,0.000000000000000366847466754112,0.000000000000000107232550885743,"unclassified",NA
"1099278470629212160",3,4,3,1,1,1,1,3,2,3,1,3,0,1.5,-1.90876386768967,-1.90876386768967,0,-1.90876386768967,-1.90876386768967,4.51577898396685,0.254756331607221,0.154822478516509,0,0,0,0.76102739774855,541.333333333333,601.666666666667,7172,1,861633,84,8877,4,861633,84,8877,4,1.73205080756888,0,0,-1.73205080756888,0,"unclassified",NA
"1099279263373684736",2,3,2,1,1,1,2,2,1.5,2,1,2,0,1.33333333333333,0.061358818349289,0.061358818349289,0,0.061358818349289,0.061358818349289,3.2353997518913,0.820490820624201,0.215754215754216,0,0,0.5,0.835290964861221,298,406.5,7265,0.5,6608,2075,132891,5,6608,2075,132891,5,1.4142135623731,0,-1.4142135623731,0,0,"unclassified",NA
"1099279703746248705",1,2,1,1,1,1,2,1,1,1,1,1,0,1,-0.123586113791256,-0.123586113791256,0,-0.123586113791256,-0.123586113791256,0.693147180559945,0.420612274804809,0.189189189189189,0,0,1,0.570349386213409,443,336,3463,2,2987,696,130917,6,2987,696,130917,6,1,-1,0,0,0,"unclassified",NA
"1099280416777928704",56,57,56,1,1,6,6,40,8.14285714285714,40,0.714285714285714,4.30769230769231,10.7500745376068,2.94736842105263,0.0706856004705725,1.27476885183727,1.2040832513667,0.346897126979929,0.346897126979929,0.622525506881674,0.0476712942389597,0.111083018149115,0.122623808651105,6.86693328446188,0.285714285714286,0.839031987413991,3109.125,2684.80357142857,32792.6964285714,5.32142857142857,81645.5178571429,6764.76785714286,317630.428571429,8.57142857142857,111383,7101,419736,10,6.34310309042541,2.15494852554079,1.82738729924467,1.31206586455562,1,"broadcast",1
"1099283298264719360",7,8,7,1,1,1,1,7,4,7,1,7,0,1.75,-0.966041358522644,-0.966041358522644,0,-0.966041358522644,-0.966041358522644,4.04131648948752,0.00498676928217831,0.0117427196387125,0,0,0,0.85919616512485,1431.71428571429,2814,72598,7.42857142857143,436205,1,171744,4,436205,1,171744,4,2.64575131106459,0,0,0,0,"unclassified",NA
"1099288633444573184",13,14,13,1,1,3,3,7,3.5,7,0.538461538461538,4.33333333333333,3.05505046330389,2.37362637362637,-0.369959859070473,0.367276229815838,0.737236088886311,-0.369959859070473,0.0252615248641016,1.69764324827327,0.0149001317748343,0.19404106625907,0,0,0.153846153846154,0.532999961596001,2667.76923076923,267.076923076923,6453,6.92307692307692,35772,1078.53846153846,56738.5384615385,8.69230769230769,53247,1913,91878,12,2.91837444763553,1.93054623220746,0.86952965946974,0.000000000000000151147171606543,0.00000000000000000198456807097563,"broadcast",1
"1099288797018288128",5,6,5,1,1,4,4,2,1.2,1,0.2,1.25,0.5,2.13333333333333,-4.24814711985014,0.86300037845327,5.11114749830341,-0.780825412835162,0.862399182227897,2.7485621649092,0.0521061898264545,0.107209931008297,0.277258872223978,1.38629436111989,1,0.58687497742954,8049.6,2249.6,99566.4,7.8,8824.2,2840,102275.8,6.8,630,959,583,6,1.90211303259031,1.17557050458495,0,0,-1.17557050458495,"unclassified",NA
"1099290080479531009",2,3,2,1,1,2,2,1,1,1,0.5,1,0,1.33333333333333,-0.364811710918959,-0.011857792593844,0.352953918325115,-0.188334751756401,-0.082448576258867,2.36809922419725,0.0229255091805693,0.206999226604795,0,0,1,0.411040564870475,348,456.5,4955,7.5,1072.5,1104,12798,5.5,1804,1726,20816,6,1.4142135623731,-0.0000000000000000806646416329215,-1.4142135623731,0,0,"unclassified",NA
"1099293205202255872",3,4,3,1,1,1,1,3,2,3,1,3,0,1.5,-2.51228403836067,-2.51228403836067,0,-2.51228403836067,-2.51228403836067,0.963457252632055,0.296449928495333,0.224822112753147,0,0,0,0.992033542976939,55.6666666666667,33.3333333333333,65357,1,62,101,14140,3,62,101,14140,3,1.73205080756888,0,0,-1.73205080756888,0,"unclassified",NA
"1099294702568787970",10,11,10,1,1,1,1,10,5.5,10,1,10,0,1.81818181818182,0.302042532817713,0.302042532817713,0,0.302042532817713,0.302042532817713,4.24622657054332,0.573444684601955,0.00359239320336178,0,0,0.1,0.568484140543622,1144.1,1560,87883.1,8.4,48285,14231,43727,8,48285,14231,43727,8,3.16227766016838,0,0,0,0,"broadcast",1
"1099294958421458947",67,68,67,1,1,4,4,52,13.6,52,0.776119402985075,4.78571428571429,13.5996525488907,2.58604038630378,-1.57297740922974,1.38519259036583,2.95816999959557,0.0547502013791306,0.0547502013791306,3.6607427924469,0.706366583724293,0.160091682882489,0.114217099890954,7.65254569269393,0.373134328358209,0.824505025993653,1073.76119402985,983.343283582089,23445.0895522388,2.86567164179104,19722.1641791045,4255.74626865672,24543.8656716418,3.71641791044776,24891,4966,25408,4,7.22342443695165,1.99510600025018,1.61390280872776,1.40773168890126,1.00000000000001,"broadcast",1
"1099299295361028097",26,27,26,1,1,15,15,3,1.6875,2,0.0769230769230769,1.44444444444444,0.615698763455199,6.31339031339031,-0.861858802110817,1.28643415201895,2.14829295412977,0.231636725328858,0.837435625941399,3.64760330204104,0.519856815110213,0.219645001381759,1.67947085843216,43.6662423192361,0.807692307692308,0.676318643373062,1167.92307692308,1070.53846153846,9778.07692307692,5.76923076923077,2144.57692307692,1652.65384615385,15529.8846153846,5.53846153846154,885,329,23204,2,2.29571912400024,2.16761878244181,1.94639364691848,1.84775906502257,1.68849042064793,"viral",2
"1099303460300836865",13,14,13,1,1,4,4,5,2.8,4,0.307692307692308,2.6,1.14017542509914,2.93406593406593,-0.914427009504999,0.431828702791337,1.34625571229634,-0.448735140254559,0.096361505665149,3.08976213393551,0.220795756108297,0.269455089226675,0.46680196832647,6.06842558824411,0.461538461538462,0.855108051625719,867.153846153846,737.230769230769,77054.9230769231,5.38461538461539,1616.92307692308,1563.07692307692,200419.153846154,5.92307692307692,290,272,7865,3,2.50437158405435,1.93043305479327,1.30309987242992,0.893753017880524,0.710413580560768,"viral",2
"1099306060769382400",3,4,3,1,1,1,1,3,2,3,1,3,0,1.5,-2.27380956851429,-2.27380956851429,0,-2.27380956851429,-2.27380956851429,3.64245876500277,0.0024998282051857,0.072309154563118,0,0,0.333333333333333,0.64668267871171,682.666666666667,483.666666666667,33723.3333333333,3,855,317,3272,1,855,317,3272,1,1.73205080756888,0,0,-1.73205080756888,0,"unclassified",NA
"1099307897861885952",5,6,5,1,1,1,1,5,3,5,1,5,0,1.66666666666667,-0.397692951268691,-0.397692951268691,0,-0.397692951268691,-0.397692951268691,3.68376774569661,0.0137086594219976,0.0459596768409845,0,0,0,0.818120419878493,1501.8,1437.2,57512.6,5.2,186326,720,43745,8,186326,720,43745,8,2.23606797749979,0,0,0,0,"unclassified",NA
"1099307897870315520",72,73,72,1,1,3,3,59,18.25,59,0.819444444444444,5.14285714285714,15.5011520309206,2.39649923896499,-0.252534272969187,1.04632297952358,1.29885725249277,0.321877871627422,0.321877871627422,1.22293257721925,0.0107885056225158,0.0184837217073279,0,0,0.166666666666667,0.770539882338376,821.069444444444,686.138888888889,41236.5833333333,5.16666666666667,84115.4861111111,15505.5,59293.3611111111,5.73611111111111,102482,18857,62775,6,7.69238608266977,1.4142135623731,1.4142135623731,1.39764371548765,1.00000000000001,"broadcast",1
"1099309986633605120",5,6,5,1,1,1,1,5,3,5,1,5,0,1.66666666666667,-1.14811041812009,-1.14811041812009,0,-1.14811041812009,-1.14811041812009,3.00273208838948,0.128629371741431,0.10047670165271,0,0,0.2,0.735253653039363,250.6,282.6,11106,1.6,4650,191,53938,7,4650,191,53938,7,2.23606797749979,0,0,0,0,"unclassified",NA
"1099310947125075968",75,76,75,1,1,6,6,36,10.8571428571429,36,0.48,6.25,10.1902359683625,3.41929824561404,-0.905707443803131,0.994497302984039,1.90020474678717,-0.820010830922038,-0.719557660472095,1.55232685711754,0.0584266994581715,0.0715900487205867,0.0638332232370939,4.78749174278204,0.133333333333333,0.608717145955603,4541.61333333333,1623.10666666667,47380.3333333333,7.78666666666667,45757.4,3198.70666666667,35434.7866666667,9.81333333333333,45551,2432,6684,10,6.06478668756085,3.8144796773692,2.76978719797297,2.63889706649507,1.73100530146966,"broadcast",1
"1099313732151328769",65,66,65,1,1,7,7,45,8.25,45,0.692307692307692,4.64285714285714,11.6395026516609,3.44009324009324,-1.97483683158395,0.794413988907299,2.76925082049125,-0.117799629630924,-0.0962706364900324,2.27373418120244,0.57423284925151,0.13958820857891,0.0977862717030136,6.35610766069589,0.230769230769231,0.899359727461334,419.092307692308,671.769230769231,60157.1538461538,3.98461538461538,12087.3230769231,884.784615384615,180214.815384615,7.16923076923077,16997,565,223539,9,6.7202869358321,2.21923653304317,2.16434566868267,1.52388261981994,1.41421356237309,"broadcast",1
"1099314122209067009",5,6,5,1,1,2,2,3,2,3,0.6,2.5,0.707106781186548,1.93333333333333,-2.65836341822485,0.494271736884216,3.15263515510907,-2.65836341822485,0.494271736884216,1.0961277846684,0.0446865493443901,0.0378116228010724,0,0,0.2,0.757466037907352,927.4,651.8,84524.8,6.8,26623,657.8,42689.2,6.2,43297,73,12572,7,2,1,0,-0.000000000000000111022302462532,-1,"unclassified",NA
"1099315082692120576",25,26,25,1,1,5,5,13,4.33333333333333,13,0.52,2.77777777777778,3.86580450158107,3.59076923076923,-0.927248808108692,0.677726361618089,1.60497516972678,-0.927248808108692,0.353894401988848,1.49051827857945,0.3530343961985,0.0630059127467438,0.334840427249526,8.37101068123815,0.56,0.422748990380354,1113.76,1395.6,20245.76,7.24,2252.52,1813.8,22905.76,7.92,1566,485,3113,8,3.64635240637618,2.07218452281746,1.88083184303776,1.32732093239885,1.16301034461438,"viral",2
"1099315703474257920",6,7,6,1,1,1,1,6,3.5,6,1,6,0,1.71428571428571,-0.901020264610638,-0.901020264610638,0,-0.901020264610638,-0.901020264610638,2.29389580059062,0.321473437837512,0.104535980967377,0,0,0.5,0.781952337960975,683,522.166666666667,64444.5,3.83333333333333,269,272,5140,6,269,272,5140,6,2.44948974278318,0,0,0,0,"unclassified",NA
"1099318568162713605",50,51,50,1,1,7,7,21,6.375,21,0.42,3.33333333333333,5.03795120867128,4.44078431372549,0.390656376804001,1.26636256528032,0.875706188476319,1.11433041761804,1.20193442509491,1.1211282189622,0.0169885659610452,0.0658802675175672,0.135231455376081,6.76157276880405,0.5,0.300268333880318,595.24,518.48,19748.94,6.6,1603.62,711.26,28787.8,8.8,2205,731,25853,10,4.6185426553197,2.68689542250053,2.31278430139241,2.14182526238731,1.72962727224292,"viral",2
"1099318899517067265",9,10,9,1,1,2,2,8,3.33333333333333,8,0.888888888888889,4.5,4.94974746830583,1.95555555555556,0.126074636740514,1.01614840762804,0.890073770887526,0.126074636740514,0.126074636740514,2.03454065310502,0.324062904000493,0.107242965155602,0,0,0.222222222222222,0.59579278208537,1131.55555555556,1350.44444444444,25465,6.88888888888889,5242.66666666667,1410.44444444444,27718.5555555556,10,5189,1434,17409,10,2.85307815256439,0.92733222491173,0.00000000000000000000000000000000000000000000000342113882891801,0,0,"broadcast",1
"1099319256041308162",25,26,25,1,1,2,2,23,8.66666666666667,23,0.92,8.33333333333333,12.7017059221718,2.06461538461538,-0.505847844935203,0.490837051544459,0.996684896479662,-0.38839661957317,-0.38839661957317,1.35631015744472,0.0200107799234802,0.0889857333678637,0,0,0.12,0.793481879442439,1063,1459.84,95852.48,7.92,126494.52,32318.72,40068.96,9.92,137346,34879,28238,10,4.80526133591186,1,0.953657954190381,0.00000000000000133600965537379,0.0000000000000000834097853328454,"broadcast",1
"1099319985850277888",59,62,59,3,3,6,7,18,8.85714285714286,18,0.305084745762712,2.26923076923077,2.86436998039977,3.75165562913907,-1.08499670333885,1.75002197700111,2.83501868033996,0.35768995788205,0.92456085396004,1.81489280780685,0.10500862560428,0.0809246161470943,0.560578360449069,33.0741232664951,0.491525423728814,0.716016209778384,1876.76271186441,1880.50847457627,53837.0847457627,6.45762711864407,5671.93220338983,2125.13559322034,48583.6101694915,7.16949152542373,204,90,1370,1,3.98995314526703,2.64705808439553,2.4589017022154,2.03992241292691,2,"viral",2
"1099320896014241794",9,10,9,1,1,3,3,6,2.5,6,0.666666666666667,3,2.64575131106459,2.28888888888889,0.352562916728949,1.26701851375557,0.914455597026621,0.352562916728949,0.921557806607816,1.57999457126958,0.0213584751054071,0.13506585200485,0.0770163533955494,0.693147180559945,0.222222222222222,0.589612453155421,245.777777777778,171.444444444444,3035.22222222222,2.55555555555556,4705.55555555556,88.6666666666667,417.222222222222,4.33333333333333,6658,112,452,6,2.55042434774844,1.46128680049626,0.599980443937431,0.000000000000000000000000000000000000000000000000967644186123412,0,"broadcast",1
"1099323496482639873",6,7,6,1,1,1,1,6,3.5,6,1,6,0,1.71428571428571,-1.0048975584284,-1.0048975584284,0,-1.0048975584284,-1.0048975584284,3.71708550698815,0.00961594445373709,0.161875689673329,0,0,0,0.616561132261892,543.666666666667,1646.5,27754.8333333333,6.66666666666667,388778,1506,45774,10,388778,1506,45774,10,2.44948974278318,0,0,0,0,"unclassified",NA
"1099323727182000130",81,82,81,1,1,6,6,54,11.7142857142857,54,0.666666666666667,5.0625,13.0969143948743,3.28696175850647,-0.947781649795767,2.05901070191162,3.00679235170739,-0.418876733844661,0.0822385041151405,2.89647166993932,0.240430445479248,0.174129180410841,0.25743865261175,20.8525308615518,0.234567901234568,0.737061812390906,616.567901234568,780.358024691358,26585.7530864198,4.40740740740741,18972.975308642,531.024691358025,48704.049382716,3.87654320987654,27898,168,52623,3,7.36028110610646,2.60448591806779,2.20520295162422,1.72717520127323,1.70348640603255,"broadcast",1
"1099324247275655168",39,40,39,1,1,27,27,3,1.42857142857143,3,0.0769230769230769,1.3,0.534983080621924,10.4320512820513,0.245784899349842,1.64961590078363,1.40383100143379,0.904080963972743,1.14637743872934,1.21698873313311,0.250718743755258,0.207086023501515,1.96736752198603,76.7273333574553,0.82051282051282,0.75602671172117,6269.28205128205,5593.48717948718,134097.666666667,5.23076923076923,7609.30769230769,6677.61538461538,144813.58974359,4.74358974358974,4692,6377,22155,2,2.16987511711924,2.14057085401273,2.09353760810202,2.01020255436032,1.85656093042714,"viral",2
"1099324578596294656",42,43,42,1,1,7,7,15,5.375,15,0.357142857142857,3.23076923076923,4.67535820648796,4.21262458471761,-0.0500536274453182,1.00365940420978,1.0537130316551,0.399356143232973,0.443802246204129,3.35684940739332,0.25015745155498,0.0885311064497503,0.386358857655392,16.2270720215265,0.785714285714286,0.835496710028195,4058.47619047619,4303.5,148539.952380952,5.35714285714286,7274.2619047619,7869.02380952381,222654.714285714,4.02380952380952,3536,4763,179095,4,3.89928952919494,3.6503238204088,2.31140437142508,1.60478044266483,1.54584006498393,"viral",2
"1099328705825001472",32,34,32,2,2,14,14,4,2.26666666666667,3,0.09375,1.28,0.458257569495584,5.21708185053381,-3.10828412893327,1.68417288235667,4.79245701128994,1.59470118056386,1.6206824733125,3.14201594034943,0.568589582175571,0.241921848623733,1.97325504522655,63.1441614472495,0.78125,0.900497976885815,5056.90625,1930.28125,74260.96875,4,5545.28125,1978.65625,71571.28125,4.40625,718,310,12223,5,2.12755158518014,2.11016727981898,2.0355610790692,1.96838666222314,1.83060880412215,"viral",2
"1099329305614667779",7,8,7,1,1,2,2,6,2.66666666666667,6,0.857142857142857,3.5,3.53553390593274,1.92857142857143,-1.34707124921053,-0.699991338142355,0.647079911068175,-1.34707124921053,-1.34707124921053,3.31808688288601,0.170063865534297,0.0771842215285388,0,0,0.142857142857143,0.54418361693942,4541.14285714286,1611.71428571429,20989.1428571429,5.42857142857143,10488.1428571429,395,20848.5714285714,9.14285714285714,12053,151,14609,10,2.48848998462265,0.898564186039456,0,0,0,"unclassified",NA
"1099330689713856512",4,5,4,1,1,2,2,3,1.66666666666667,3,0.75,2,1.4142135623731,1.8,-2.20487292597925,-1.06500993506238,1.13986299091687,-1.06500993506238,-1.06500993506238,1.31437384300695,0.0672120055212775,0.19147824050123,0,0,0.5,0.780014730788849,8006.75,7968,78936.5,7,9770.75,9662.5,89801,9,4730,4635,71415,10,1.84775906502257,0.76536686473018,-0.000000000000000222044604925031,-0.76536686473018,-1.84775906502257,"unclassified",NA
"1099331654424846336",12,13,12,1,1,3,3,9,3.25,9,0.75,4,4.35889894354067,2.28205128205128,0.125378434036702,0.620236227084656,0.494857793047954,0.354892266882957,0.354892266882957,1.92637318015337,0.0541328549576801,0.0536009780065873,0.0577622650466621,0.693147180559945,0.166666666666667,0.737903975288344,557.083333333333,856,44687,5.5,1155.91666666667,638.333333333333,49798.9166666667,5.33333333333333,1019,389,40564,5,3.04885987989763,1.52841116204966,0.606970141335317,0,0,"broadcast",1
"1099331780245667840",18,19,18,1,1,5,5,7,3.16666666666667,7,0.388888888888889,2.57142857142857,2.29906813420444,3.30994152046784,-1.11720886429301,1.15187302501876,2.26908188931177,-0.120768849646421,0.776548701601286,1.89817963766718,0.0722225580701464,0.0835472732938607,0.414151108298,7.45471994936399,0.722222222222222,0.583869679073196,816.222222222222,1453.33333333333,22467.7777777778,6.66666666666667,1121.44444444444,1518.38888888889,30550.7777777778,5.05555555555556,1261,2276,21916,5,2.77320724395133,2.40194402531705,1.57012846394736,0.919537042890985,0.845584953796723,"viral",2
"1099333436966346752",9,10,9,1,1,2,2,7,3.33333333333333,7,0.777777777777778,4.5,3.53553390593274,2.06666666666667,-1.85847969800777,-1.56762790705749,0.29085179095028,-1.85847969800777,-1.74213898162766,2.32072436073862,0.00500454688810232,0.203525457891905,0,0,0.888888888888889,0.622925442589216,3600.44444444444,3399.77777777778,58449.5555555556,6,419477.666666667,261501.777777778,220158.333333333,9,536207,332968,254689,9,2.71519452770313,1.27582078550672,0.000000000000000444089209850063,0.00000000000000000000000000000000000000000000000403308363341929,0.000000000000000000000000000000000000000000000000000000000000000816496379915106,"broadcast",1
"1099334275827064840",2,4,2,2,2,1,2,2,2,2,1,1,0,1,0.0205741619987485,0.530749195208016,0.510175033209267,0.275661678603382,0.428714188566163,0.346573590279972,0.400985783797921,0.13273174733388,0,0,0.5,0.849793662019517,379.5,327.5,9495,3.5,694.5,369.5,9289,5.5,355,619,15699,6,1,1,-1,-1,0,"unclassified",NA
"1099334334576771075",15,16,15,1,1,5,5,6,2.66666666666667,4,0.266666666666667,2.14285714285714,1.67616341969505,3.275,-0.827232764459808,-0.170807788139502,0.656424976320306,-0.356768919317692,-0.211752069185486,2.01037855220761,0.013861698107062,0.0221381060694672,0.0924196240746593,1.38629436111989,0.6,0.633846823037519,1114.73333333333,857.666666666667,59595.1333333333,4.93333333333333,982.866666666667,570.2,29560.7333333333,3.26666666666667,508,447,8938,3,2.62892992029527,2.0329063514206,1.36056462931335,1.24857163101428,0.738885655712623,"viral",2
"1099335840319209474",14,15,14,1,1,2,2,9,5,5,0.357142857142857,7,2.82842712474619,2.20952380952381,-1.9946405376712,-1.3454300502774,0.6492104873938,-1.3454300502774,-1.3454300502774,2.08929036698969,0.148886325975847,0.0485892642362525,0.148531538691417,2.07944154167983,0.0714285714285714,0.614618865224983,21905.3571428571,1149.85714285714,157210.785714286,6.5,274504.714285714,29424.0714285714,980468.714285714,7.42857142857143,393828,78530,715195,10,3.25661653798294,1.84240297560984,0.000000000000000888178419700125,0.00000000000000000000000000000000964138819276169,0.000000000000000000000000000000000733225609301334,"broadcast",1
"1099338600158777344",4,5,4,1,1,2,2,3,1.66666666666667,1,0.25,2,1.4142135623731,1.6,-3.07156736930062,-1.90597532042447,1.16559204887615,-1.90597532042447,-1.90597532042447,1.72188814291615,0.115038646737466,0.0500203743624797,0,0,0,0.511428216200606,400.75,305.25,1493,2.5,1893.75,27.75,1740.75,1,3402,90,5340,1,2,0,0,0,-2,"unclassified",NA
"1099338872792596480",36,43,36,7,7,7,8,14,5.375,14,0.388888888888889,1.71428571428571,1.23056316956332,3.61594202898551,-0.851416985112453,2.14700154218603,2.99841852729848,0.517712010859612,0.802714821987125,2.78746771715517,0.72445671120359,0.154645895740884,0.726858567737255,26.1669084385412,0.833333333333333,0.978497648803343,55.1944444444444,112.555555555556,5479.5,0.444444444444444,91.5277777777778,116.194444444444,7607.86111111111,0.527777777777778,13,40,2459,1,2.70745866705598,2.34670378277553,2.03717338627452,1.77903517494548,1.51880538355167,"viral",2
"1099340709927182336",31,32,31,1,1,9,9,11,3.2,11,0.354838709677419,2.58333333333333,2.74551976643381,4.78225806451613,0.655809618402639,1.65096963495961,0.995160016556971,0.826608552813382,0.948411341037158,2.38779507010054,0.354502743128202,0.162940691053102,0.608317114462162,18.857830548327,0.516129032258065,0.514135088939751,3284.87096774194,2585.58064516129,61175.7741935484,5.09677419354839,3986.25806451613,2199.29032258065,67884,7.16129032258065,2579,147,4979,9,3.37665437789825,2.38902263226721,2.11557624148767,1.77337816556701,1.57879522995771,"viral",2
"1099341460674093057",15,16,15,1,1,10,10,4,1.45454545454545,4,0.266666666666667,1.5,0.97182531580755,4.625,-1.62265499778781,0.522455174983024,2.14511017277083,-0.428985345143825,-0.310822738591165,1.42989921749992,0.675685489354723,0.32099901631707,0.899664977376094,13.4949746606414,0.733333333333333,0.91987343871585,785.4,496.266666666667,38425.2666666667,3.26666666666667,1339.8,740.6,61021.6,3.8,3156,1558,85919,4,2.16659039109697,2.02107408162327,1.7588863408669,1.42769156693511,0.822552428234343,"viral",2
"1099342400214974464",8,9,8,1,1,5,5,2,1.5,2,0.25,1.33333333333333,0.516397779494322,2.88888888888889,0.439386674010734,1.12458038878824,0.685193714777506,0.708882533422256,1.0532409241447,2.45139283578129,0.325085767776437,0.197458191837626,0.433216987849966,3.46573590279972,0.875,0.367682514460862,1844.75,312.625,24212.25,2.125,1764.875,445.375,10620.375,1.125,1653,579,8909,1,2.04207896189791,1.52023281686259,1,0.720281678170411,0.0000000000000000359985841557603,"unclassified",NA
"1099345222989946881",7,8,7,1,1,2,2,6,2.66666666666667,6,0.857142857142857,3.5,3.53553390593274,1.92857142857143,-1.7761011696579,-1.51552368349074,0.26057748616716,-1.51552368349074,-1.51552368349074,1.21788019443792,0.0799394141586474,0.160790009007194,0,0,0.571428571428571,0.829268074132206,1381.14285714286,1994.57142857143,34901.5714285714,5.71428571428571,2788.28571428571,3615.42857142857,25169.7142857143,9.42857142857143,3124,4055,25859,10,2.48848998462265,0.898564186039456,0,0,0,"unclassified",NA
"1099345256515096576",3,4,3,1,1,1,1,3,2,3,1,3,0,1.5,-1.96524662975873,-1.96524662975873,0,-1.96524662975873,-1.96524662975873,5.36283758680888,0.0710549170651439,0.0691724214751841,0,0,0,0.863413243328491,652,622.333333333333,102633.666666667,8.66666666666667,735130,320,156672,9,735130,320,156672,9,1.73205080756888,0,0,-1.73205080756888,0,"unclassified",NA
"1099346179261980674",23,24,23,1,1,8,8,9,2.66666666666667,3,0.130434782608696,2.875,2.74837614393871,3.88405797101449,-3.50987443153058,0.394897847931395,3.90477227946198,-0.879313588143912,0.0971738421890318,1.97153352355007,0.0686093211136752,0.188980704245319,0.437278679774278,10.0574096348084,0.434782608695652,0.484777158050183,2120.60869565217,1203.60869565217,54713,6.78260869565217,8402.13043478261,1835.69565217391,66154.5652173913,9.08695652173913,3907,951,6695,7,3.22477221647088,2.40212702911498,1.85281137594398,1.32256476796471,1.28395573427736,"viral",2
"1099347123001163776",4,5,4,1,1,2,2,3,1.66666666666667,3,0.75,2,1.4142135623731,1.8,-0.455041397690021,1.09529635905058,1.5503377567406,-0.455041397690021,0.16509370500622,3.62045109830784,0.0754245916336616,0.138787165239598,0,0,0.5,0.337006924872666,2623.25,934,68722.5,9.25,79844.25,680.5,33151.25,10,105627,835,42098,10,1.84775906502257,0.765366864730179,0,-0.765366864730179,-1.84775906502257,"unclassified",NA
"1099348209334272001",84,85,84,1,1,3,3,71,21.25,71,0.845238095238095,6.46153846153846,19.3933639192009,2.34117647058824,-0.413582359676962,1.87219039374398,2.28577275342094,0.27640766351784,0.27640766351784,2.07918254497556,0.0126111687946975,0.113936369670765,0,0,0.119047619047619,0.778143645686773,1351.17857142857,1704.83333333333,43864.8333333333,6.09523809523809,641390.642857143,850.059523809524,28775.4642857143,8.55952380952381,758077,189,18348,9,8.43466665718835,1.61027124679952,1.41421356237309,1.40440350817407,1.00000000000001,"broadcast",1
"1099351191484547074",4,5,4,1,1,1,1,4,2.5,4,1,4,0,1.6,-0.251325936116419,-0.251325936116419,0,-0.251325936116419,-0.251325936116419,2.07351241002551,0.149502718046579,0.0188018137289743,0,0,0.75,0.805214794692341,1256.5,355.5,59531.75,2.25,881,250,57916,1,881,250,57916,1,2,0,0,0,-2,"unclassified",NA
"1099352458143453184",1,2,1,1,1,1,2,1,1,1,1,1,0,1,1.34754965365289,1.34754965365289,0,1.34754965365289,1.34754965365289,1.09861228866811,0.00176382761903954,0.14620253164557,0,0,1,0.822456813819578,1284,790,41974,2,3388,4899,157942,3,3388,4899,157942,3,1,-1,0,0,0,"unclassified",NA
"1099353187943890945",27,28,27,1,1,2,2,26,9.33333333333333,26,0.962962962962963,13.5,17.6776695296637,1.99470899470899,-0.418008161537844,1.31396067651606,1.7319688380539,-0.418008161537844,-0.418008161537844,3.57228121089824,0.0132992825163034,0.180264950872614,0,0,0.037037037037037,0.670497880219781,765.185185185185,849.333333333333,21531.2592592593,6.25925925925926,651869.62962963,492,95768.8518518519,11.9259259259259,676938,504,99404,12,5.10293407795794,0.979828452340279,0,0,0,"broadcast",1
"1099354970523090944",2,4,2,2,2,1,2,2,2,2,1,1,0,1,0.100390808144817,0.814855991390813,0.714465183245996,0.457623399767815,0.671962954741614,0,0.160317216761261,0.096891441136178,0,0,1,0.810472460584702,2597,2961.5,195349,7.5,5366,5210,85118.5,9.5,5812,5834,108687,9,1,1,-1,-1,0,"unclassified",NA
"1099356866382045184",20,21,20,1,1,6,6,9,3,9,0.45,2.22222222222222,2.58736244937667,3.6952380952381,-2.15441390795809,0.201212905790856,2.35562681374895,-1.04085577893925,0.0426717467887552,1.74027214125657,0.0881007961561981,0.0815982120008607,0.0346573590279972,0.693147180559945,0.55,0.635256073937383,1035.2,723.65,71295.1,7.95,1797,1047.35,80105.05,5.25,2151,1092,37365,1,3.04892147289639,2.17167956910692,1.68365972091707,1.20919994839297,0.938531040220718,"viral",2
"1099358963513073665",7,8,7,1,1,1,1,7,4,7,1,7,0,1.75,-1.81658616680313,-1.81658616680313,0,-1.81658616680313,-1.81658616680313,3.19929843986632,0.0121296059713302,0.010941380732743,0,0,0,0.788389923920076,1873.57142857143,3274,128930.428571429,4.42857142857143,436205,1,171744,4,436205,1,171744,4,2.64575131106459,0,0,0,0,"unclassified",NA
"1099360855165149184",36,37,36,1,1,5,5,16,6.16666666666667,15,0.416666666666667,4.5,5.90399380564909,3.03603603603604,-0.598877383042622,0.892180498103068,1.49105788114569,-0.133512141208488,-0.133512141208488,2.06760562846821,0.0823727784433096,0.162919334520621,0.152239970092833,5.48063892334198,0.138888888888889,0.781464825598772,7282.13888888889,2254.41666666667,85280.75,6.41666666666667,145776.194444444,1597.83333333333,65978.4444444444,10.4722222222222,180074,244,25447,11,4.23319783247255,3.23978213113866,1.83413868379068,1.35951227991448,0.962834350496105,"viral",2
"1099360972605599745",10,11,10,1,1,2,2,9,3.66666666666667,9,0.9,5,5.65685424949238,1.96363636363636,-2.1356882625609,-1.22539488785757,0.91029337470333,-1.22539488785757,-1.22539488785757,2.81013106818905,0.281776563256926,0.122481072267125,0,0,0.2,0.774015525184136,192.1,288.5,5288.8,4.9,671.9,159.5,3672.9,1.6,692,132,3733,1,3.02044791804422,0.936426384924271,0,0,0,"broadcast",1
"1099364902655938561",5,6,5,1,1,2,2,3,2,2,0.4,2.5,0.707106781186548,1.86666666666667,-0.0470965137580744,0.373567216112898,0.420663729870972,-0.0470965137580744,0.373567216112898,1.79175946922805,0.0882332831269981,0.187188649626862,0,0,0.4,0.265569799059592,6032.4,356,995.6,5.6,18077.8,714.6,2555.4,2,1393,1206,4080,2,2.07431329305194,0.834999618124467,0,0,-0.834999618124466,"unclassified",NA
"1099365057836867584",6,7,6,1,1,2,2,5,2.33333333333333,5,0.833333333333333,3,2.82842712474619,1.9047619047619,-0.665982601864766,-0.593121390456698,0.072861211408068,-0.665982601864766,-0.665982601864766,2.29801843062927,0.0701923950608016,0.119268792120663,0,0,0.166666666666667,0.871438942335399,1463.33333333333,2447.83333333333,124617.833333333,6,17889.6666666667,3211.83333333333,46372.5,9.83333333333333,21224,3188,44135,11,2.28824561127074,0.874032048897642,0,0,0,"unclassified",NA
"1099365804422955008",4,5,4,1,1,1,1,4,2.5,4,1,4,0,1.6,-0.911873268114644,-0.911873268114644,0,-0.911873268114644,-0.911873268114644,1.50767131506531,0.0441048647089696,0.246349252358605,0,0,1,0.58998603086817,4617,4477,58731.75,8.25,241555,180283,486201,10,241555,180283,486201,10,2,0,0,0,-2,"unclassified",NA
"1099370577532502016",6,7,6,1,1,4,4,2,1.4,2,0.333333333333333,1.5,0.577350269189626,2.38095238095238,-2.38556257775323,0.889898906481845,3.27546148423508,-0.0286744268824563,0.889898906481845,4.92684745773301,0.482963893703721,0.233214001518358,0.231049060186648,1.38629436111989,0.666666666666667,0.796443946730225,166.5,278.833333333333,2591.5,4.83333333333333,765,256,9324,4.16666666666667,1704,115,18809,6,1.96961550602442,1.28557521937308,0.684040286651337,0.000000000000000888178419583808,-0.684040286651338,"unclassified",NA
"1099370887915192322",25,27,25,2,2,5,6,14,4.5,6,0.24,3.125,4.22365785952008,2.49246231155779,-0.752193534075497,0.904138679781116,1.65633221385661,-0.230679556512412,0.227765275470934,1.62258052287958,0.303836747711353,0.0797810964222332,0.154848040436316,3.87120101090789,0.16,0.792800662980031,711.8,373.28,75713.36,5.64,4319.52,216.24,38067.32,5.88,162,159,36669,5,3.75377013585973,2.30277563773199,1.82608361058177,1.302775637732,0.75804248844792,"viral",2
"1099373693900414977",22,23,22,1,1,5,5,7,3.83333333333333,7,0.318181818181818,2,1.84390889145858,3.92885375494071,-1.90876386768967,0.579869337600473,2.48863320529014,-0.999663910048815,-0.36286257423264,2.15006538465223,0.221353568667338,0.0910783385111282,0.189040140152712,4.15888308335967,0.636363636363636,0.595161166809703,2211.95454545455,888.363636363636,58864.0454545455,7.68181818181818,7527.95454545455,1103.54545454545,113705.681818182,8,14307,1469,182856,8,2.80437652490373,2.19930466918289,1.93415346978203,1.41421356237309,1.33142722310583,"viral",2
"1099374717306322947",22,23,22,1,1,3,3,10,5.75,10,0.454545454545455,2.75,3.01188123461543,3.08300395256917,-0.1939738896701,0.805506469430645,0.999480359100745,0.207829902035768,0.493734697432732,1.31154679327684,0.0744139784668884,0.102444965924831,0.031506690025452,0.693147180559945,0.363636363636364,0.709114705250998,10163.0454545455,2753.86363636364,92268.0909090909,5.81818181818182,10027.2727272727,3221.45454545455,50881.5,7.22727272727273,4793,2469,12873,10,3.29593056082269,2.0516943560818,1.56879159890099,1.32761976243692,1.23058756987224,"broadcast",1
"1099376126613430273",7,8,7,1,1,2,2,5,2.66666666666667,5,0.714285714285714,3.5,2.12132034355964,2.03571428571429,0.237337636562906,0.397242479183384,0.159904842620478,0.237337636562906,0.365261510659289,1.42471623074068,0.0480778033131164,0.0481711595219818,0,0,0.285714285714286,0.752221480473869,958.714285714286,992.285714285714,22251.8571428571,5.85714285714286,1332.28571428571,398.857142857143,22883.5714285714,3.57142857142857,502,230,18997,3,2.35829447118226,1.19935282014559,0,0,0,"unclassified",NA
"1099376948680241152",4,5,4,1,1,1,1,4,2.5,4,1,4,0,1.6,1.29498665290048,1.29498665290048,0,1.29498665290048,1.29498665290048,1.00633792268379,0,0.0051090647713554,0,0,0.25,0.614156354474725,275.5,237.25,10248,5.75,1119,488,27590,5,1119,488,27590,5,2,0,0,0,-2,"unclassified",NA
"1099387107305492482",38,39,38,1,1,4,4,26,7.8,26,0.684210526315789,4.75,8.64787339672097,2.77462887989204,-0.416492106197796,0.665901762427526,1.08239386862532,0.248811554387057,0.248811554387057,2.20602436076541,0.172476212210104,0.125375008422039,0.0653922802575789,2.484906649788,0.184210526315789,0.7139605969726,448.710526315789,705.921052631579,31463.5789473684,4.65789473684211,1582.47368421053,931.315789473684,38519,3.23684210526316,1735,1055,39861,3,5.12875096521831,2.22383356453308,1.54778945323945,1.39897596920979,0.999999999999998,"broadcast",1
"1099388092962742279",4,5,4,1,1,2,2,3,1.66666666666667,3,0.75,2,1.4142135623731,1.8,0.702327396283818,0.758675874092693,0.056348477808875,0.758675874092693,0.758675874092693,2.07784956960916,0.136164985811706,0.199422572792896,0,0,0.5,0.426351767527234,718.75,293.75,75205.5,7.75,975.75,1077,35389.25,10,1158,1281,21570,10,1.84775906502257,0.765366864730179,0,-0.765366864730179,-1.84775906502257,"unclassified",NA
"1099391213508141057",7,8,7,1,1,2,2,4,2.66666666666667,3,0.428571428571429,3.5,0.707106781186548,2.03571428571429,0.172910224138386,0.632858802569122,0.459948578430736,0.172910224138386,0.632858802569122,2.70677752957382,0.119788145269599,0.0780449340006474,0,0,0.714285714285714,0.699668790650469,522.714285714286,795.428571428571,50264.8571428571,7.42857142857143,437.142857142857,372.571428571429,2608,3.14285714285714,312,292,5396,6,2.35829447118226,1.19935282014559,0.000000000000000000000000000000000000000000000000725733139592559,-0.0000000000000000000000000000000000000000000000000000000000000000094955677457598,-0.000000000000000000000000000000000000000000000000725733139592559,"unclassified",NA
"1099393759454941184",6,7,6,1,1,3,3,4,1.75,4,0.666666666666667,2,1.73205080756888,2.19047619047619,0.139668747030297,0.942649648563293,0.802980901532996,0.139668747030297,0.88609191548099,2.59963843596626,0.216350522176337,0.315321886445504,0.183102048111352,1.09861228866811,0.833333333333333,0.704150981392931,3539.66666666667,3214,24600.5,6.16666666666667,1404.33333333333,3200,17473.5,6.83333333333333,1201,4534,3344,7,2.10100298961546,1.25928012674976,0.000000000000000562024805490435,0,-0.000000000000000222044604925031,"unclassified",NA
"1099395093247741952",3,4,3,1,1,1,1,3,2,3,1,3,0,1.5,-2.07962524852707,-2.07962524852707,0,-2.07962524852707,-2.07962524852707,5.08620664687947,0.134530791237735,0.107171030992323,0,0,0.333333333333333,0.647866431646555,481.333333333333,945.333333333333,5216,7.66666666666667,4577,94,7490,7,4577,94,7490,7,1.73205080756888,0,0,-1.73205080756888,0,"unclassified",NA
"1099397911836790784",9,10,9,1,1,3,3,4,2.5,3,0.333333333333333,1.8,1.09544511501033,2.73333333333333,-0.892854851875521,1.71809106335685,2.61094591523237,1.16212264931677,1.224857273562,2.01284989257394,0.033875793676148,0.0629616465221662,0.199084385469784,1.79175946922805,0.777777777777778,0.657951179613266,1318.22222222222,1605.88888888889,12784.5555555556,5.44444444444444,1218.44444444444,1918.88888888889,9715.66666666667,6.55555555555556,585,249,1472,5,2.25524504159781,1.55820625453879,0.999999999999997,0.69703878705902,0.000000000000000951394973306542,"viral",2
"1099402198398763014",2,3,2,1,1,2,3,1,1,1,0.5,1,0,1.33333333333333,1.54231556696822,1.54303738397395,0.00072181700572993,1.54267647547108,1.5428930205728,0.895879734614025,0.0078285678180888,0.045473076513345,0.549306144334055,1.09861228866811,1,0.494947186388663,2321,1748,12832,6,1797.5,1383,8598,4.5,50,88,491,3,1.4142135623731,0,-1.4142135623731,0,0,"unclassified",NA
"1099406006843555840",6,7,6,1,1,2,2,3,2.33333333333333,3,0.5,2,1,2.19047619047619,-1.05882889392337,1.41515834567674,2.47398723960011,-0.383085216546129,1.41515834567674,3.37526682075561,0.220361409378617,0.180015600187418,0.298626578204676,1.79175946922805,0.333333333333333,0.680587746706163,1958.5,1324.16666666667,25374.3333333333,6.66666666666667,1305.33333333333,391.166666666667,11218,5.33333333333333,827,172,1787,4,2.05288084003372,1.20864019757292,0.569972919912301,0,-0.569972919912301,"unclassified",NA
"1099406615009087488",4,5,4,1,1,3,3,2,1.25,2,0.5,1.33333333333333,0.577350269189626,2,0.144547119228002,0.182720380723843,0.038173261495841,0.180306845573044,0.182720380723843,3.46955090682567,0.554364297990684,0.152082377477704,0,0,0.5,0.872230405561136,4156.25,1580.5,119994,6,5720.75,1541.25,128694.75,7.5,5161,390,136144,8,1.73205080756888,1,-0.000000000000000666133814775118,-1,-1.73205080756888,"unclassified",NA
"1099407948776919042",15,16,15,1,1,1,1,15,8,15,1,15,0,1.875,0.215335558801142,0.215335558801142,0,0.215335558801142,0.215335558801142,2.75737375463406,0.00630987902907096,0.0740791186531469,0,0,0.333333333333333,0.978844369827434,541.8,1675.53333333333,14153.5333333333,4.26666666666667,10412,3772,3267,2,10412,3772,3267,2,3.87298334620742,0,0,0,0,"broadcast",1
"1099412872927633414",17,18,17,1,1,5,5,11,3,11,0.647058823529412,2.42857142857143,3.77964473009227,3.01960784313725,0.733607432476532,0.92414435541113,0.190536922934598,0.802839845895826,0.899455166972517,1.32413370067143,0.16680431356795,0.0663912070337365,0.0407733635623497,0.693147180559945,0.529411764705882,0.745090705699617,2739.29411764706,2136.58823529412,76309.8823529412,6.23529411764706,4598,1758.82352941176,32530.0588235294,6.64705882352941,3683,480,6292,7,3.34936600826665,1.71657187317378,1.37532526018915,0.9713952725756,0.0000000000000000494109372814637,"broadcast",1
"1099412977776840705",13,14,13,1,1,5,5,5,2.33333333333333,2,0.153846153846154,1.85714285714286,1.21498579258791,3.21978021978022,0.209973141399733,0.985092457124006,0.775119315724273,0.503137270722131,0.522694849068921,1.8467867526768,0.022402113398463,0.106873096043786,0.554108117006392,7.20340552108309,0.538461538461538,0.73606471405138,2517.46153846154,951.846153846154,18799,5.23076923076923,6375.92307692308,1312.76923076923,40934.8461538462,6.69230769230769,184,175,902,5,2.42883007568179,2.01038428429721,1.30861452934694,0.886136399301579,0.749286185865806,"viral",2
"1099413640464211968",9,10,9,1,1,1,1,9,5,9,1,9,0,1.8,-0.253328977359861,-0.253328977359861,0,-0.253328977359861,-0.253328977359861,2.75235411848917,0.0870645808381861,0.00673550511333983,0,0,0,0.860882050889968,1672,1501.66666666667,48867.5555555556,3.55555555555556,60040,6,2726,1,60040,6,2726,1,3,0,0,0,0,"broadcast",1
"1099418417776549888",10,11,10,1,1,6,6,3,1.57142857142857,1,0.1,1.42857142857143,0.786795792469443,2.83636363636364,-0.687135808377261,0.962271269614638,1.6494070779919,0.715620899637544,0.768688180781936,2.00832991688572,0.0315512259398813,0.267847582299965,0.617378610390193,6.17378610390193,0.9,0.803888634767532,13748.3,6021.1,157195.3,7,22690.1,9624.8,237262.1,6.4,17154,4126,94549,3,2.29655933494808,1.51553436696662,1.25788991404369,0.757645329935347,0.522165990639222,"viral",2
"1099418992400363520",7,8,7,1,1,3,3,5,2,1,0.142857142857143,2.33333333333333,2.3094010767585,1.92857142857143,-1.43367384846603,0.2584442379378,1.69211808640383,0.2584442379378,0.2584442379378,3.34713077967053,0.550030121345069,0.100309503084735,0.198042051588556,1.38629436111989,0.142857142857143,0.681793245231331,1470.28571428571,418.428571428571,31256.8571428571,3.28571428571429,870.857142857143,354.285714285714,58626.2857142857,1.42857142857143,161,164,20211,1,2.48848998462265,0.898564186039455,0,0,0,"unclassified",NA
"1099420393302097922",11,12,11,1,1,3,3,6,3,6,0.545454545454545,2.2,2.16794833886788,2.66666666666667,-0.463586910567828,0.520075690385193,0.983662600953021,0.0831488330753147,0.519422675756577,1.88961184624817,0.0492849188205668,0.0459160106327755,0,0,0.818181818181818,0.667157392015082,1319.54545454545,564.272727272727,29973.6363636364,5.09090909090909,1900.18181818182,674.909090909091,34571,7.27272727272727,1309,681,13977,7,2.57500170921473,1.66450848672156,1,0.773807272628748,0.000000000000000000000000000000106745872495904,"broadcast",1
"1099422071006871552",6,7,6,1,1,2,2,4,2.33333333333333,4,0.666666666666667,3,1.4142135623731,2,-1.03096790378052,0.776714470294321,1.80768237407484,-1.03096790378052,0.776714470294321,1.52825306290932,0.058054525675834,0.0412612082743506,0,0,0,0.816123776638538,10993.8333333333,1276.83333333333,67889,6.83333333333333,77792.6666666667,1004.66666666667,167860,10,85495,569,146839,10,2.17532774716107,1.12603250061049,0.000000000000000444089209850063,-0.000000000000000000000000000000000000000000000000342113882891801,-0.000000000000000000000000000165124646967467,"unclassified",NA
"1099427112564518913",9,10,9,1,1,2,2,8,3.33333333333333,8,0.888888888888889,4.5,4.94974746830583,1.95555555555556,0.29067278014075,2.14113797099418,1.85046519085343,0.29067278014075,0.29067278014075,1.60842265707257,0.0157187378882773,0.0386356898334367,0,0,0.555555555555556,0.839516362060306,1268,1094.88888888889,34823.1111111111,4.33333333333333,27513,18794.3333333333,77920,7.44444444444444,30867,21094,86978,8,2.8530781525644,0.92733222491173,0,0,0,"broadcast",1
"1099427724932927489",8,9,8,1,1,1,1,8,4.5,8,1,8,0,1.77777777777778,-1.65607320518895,-1.65607320518895,0,-1.65607320518895,-1.65607320518895,2.79833250142504,0.0412348477530979,0.0690021853956751,0,0,0,0.4560878922188,2188.5,1837.25,35211.375,6.375,31726,190,13938,7,31726,190,13938,7,2.82842712474619,0,0,0,0,"unclassified",NA
"1099428245039132674",5,6,5,1,1,2,2,3,2,2,0.4,2.5,0.707106781186548,1.86666666666667,-2.6729270100691,-1.95585282818924,0.71707418187986,-1.95585282818924,-1.95585282818924,1.0961277846684,0.0633701303671694,0.161269828043519,0,0,0.6,0.334775922627145,538.8,472.4,27492.8,5,399.8,503.8,10491.8,1.2,182,322,1619,0,2.07431329305194,0.834999618124466,0,0,-0.834999618124466,"unclassified",NA
"1099432217044873216",8,9,8,1,1,3,3,5,2.25,5,0.625,2.66666666666667,2.08166599946613,2.27777777777778,-1.56895944532913,0.595889561629999,2.16484900695913,-1.56895944532913,0.12144666562974,1.51679522474702,0.0906971224024787,0.0853212447731527,0.0866433975699931,0.693147180559945,0.5,0.515752853009561,1303.5,1124,9495.5,6.25,1560,893.625,3163.75,3.875,1926,826,3121,2,2.37607897828851,1.41421356237309,0.595187944212087,0.000000000000000444089208718445,0,"unclassified",NA
"1099432825214980099",6,7,6,1,1,1,1,6,3.5,6,1,6,0,1.71428571428571,-1.81773152223584,-1.81773152223584,0,-1.81773152223584,-1.81773152223584,2.21797997084913,0.0571448430417692,0.141777285773734,0,0,0,0.899640916645636,1500.5,2589.83333333333,87258.5,5.5,21224,3188,44135,11,21224,3188,44135,11,2.44948974278318,0,0,0,0,"unclassified",NA
"1099433731172061185",30,31,30,1,1,2,2,21,10.3333333333333,21,0.7,6,8.45576726264388,2.44301075268817,-1.03740975505415,0.104836174273431,1.14224592932758,-1.03740975505415,-0.866160627440815,2.54533136418505,0.347056708663486,0.0915563952363108,0,0,0.366666666666667,0.704939559263469,4311.93333333333,2118.03333333333,49032.3666666667,6.96666666666667,10615.4,4246.53333333333,45731.1666666667,9.06666666666667,5294,3437,30275,10,4.63496751128635,1.94880005908894,1.41421356237309,1.3363635859637,0.966119488016464,"broadcast",1
"1099438755956457472",31,32,31,1,1,15,15,6,2,6,0.193548387096774,1.72222222222222,1.27443438690893,7.0241935483871,-0.670662448744602,2.14076628115908,2.81142872990368,0.847078348686455,1.3480161720961,1.62493531665715,0.245101864810939,0.171072863598447,0.927279734822759,28.7456717795055,0.935483870967742,0.88534061813185,9969.93548387097,7652.83870967742,116728.032258065,3.83870967741935,9058.54838709677,6453.41935483871,100989.548387097,3.64516129032258,10475,8796,40380,4,2.66232311522185,2.27889794720739,2.11052775614755,1.92895380208338,1.78722892896827,"viral",2
"1099442723751366656",6,7,6,1,1,3,3,3,1.75,2,0.333333333333333,2,1,2.0952380952381,-1.73409795996359,-1.19935067041322,0.53474728955037,-1.59248464928505,-1.19935067041322,3.0210601147934,0.0995820363002207,0.10782393009496,0.115524530093324,0.693147180559945,0.666666666666667,0.522945397628811,20650.6666666667,415.333333333333,67219.8333333333,5.16666666666667,62589.6666666667,440.333333333333,8891.5,5,6657,94,396,5,2.13577920506986,1,0.662153446861956,-0.00000000000000122124532708767,-0.662153446861956,"unclassified",NA
"1099444279838154753",12,13,12,1,1,3,3,7,3.25,7,0.583333333333333,4,2.64575131106459,2.53846153846154,0.358558877686077,0.730247194747106,0.371688317061029,0.730247194747106,0.730247194747106,1.64542857787185,0.0322863997527721,0.0871355378306231,0.173286795139986,2.07944154167983,0.5,0.646604827644901,2640.16666666667,2897.33333333333,33234.5,4.58333333333333,2640.83333333333,2537.33333333333,7287.16666666667,3.58333333333333,446,802,591,3,2.74674476704993,1.95779080256468,0.788953964485242,0.00000000000000000787360273526597,0.00000000000000000000000000000000152576221796935,"broadcast",1
"1099451405960704000",7,8,7,1,1,1,1,7,4,7,1,7,0,1.75,-1.40761996012909,-1.40761996012909,0,-1.40761996012909,-1.40761996012909,2.92852243963424,0.0156814445570475,0.0602096678819747,0,0,0,0.667289842075407,1413.14285714286,1140.71428571429,106351.714285714,6.14285714285714,986508,463,39700,9,986508,463,39700,9,2.64575131106459,0,0,0,0,"unclassified",NA
"1099452035139858432",5,6,5,1,1,3,3,3,1.5,1,0.2,1.66666666666667,1.15470053837925,1.86666666666667,-2.65836341822485,-0.913148361673643,1.74521505655121,-0.913148361673643,-0.913148361673643,1.63773782488884,0.0319915225996971,0.312077228769154,0,0,1,0.752551535619108,19792.4,21070.4,55536,4,51242.6,53680.4,40957.8,2.6,968,981,14419,2,2.07431329305194,0.834999618124467,0.000000000000000222044604925031,0,-0.834999618124467,"unclassified",NA
"1099453746390679555",9,10,9,1,1,1,2,9,5,9,1,9,0,1.8,-0.494815840018763,-0.494815840018763,0,-0.494815840018763,-0.494815840018763,2.12976844775278,0.00190317427310407,0.0367542336331503,0,0,0,0.736357844056236,417.333333333333,536.222222222222,14781,7,10588,261,1282,1,10588,261,1282,1,3,0,0,0,0,"broadcast",1
"1099458251069014016",26,27,26,1,1,6,6,8,3.85714285714286,8,0.307692307692308,2.16666666666667,2.08166599946613,4.11965811965812,-0.550514796851983,1.19239061204196,1.74290540889394,0.221879660318191,1.06276530811153,1.49641094449199,0.0340566801636891,0.0685129890098227,0.15995704166768,4.15888308335967,0.807692307692308,0.59560479984224,1191.46153846154,868.423076923077,26434.3461538462,4.76923076923077,1549.76923076923,1143.92307692308,27039.3076923077,5.65384615384615,965,369,8246,4,2.99841495544324,2.4101193744099,1.92827612746449,1.50573305781638,1.36127950206213,"viral",2
"1099459622619021312",27,28,27,1,1,5,5,14,4.66666666666667,14,0.518518518518518,2.7,4.02906109823782,3.56613756613757,-0.853094188489109,0.962750012574077,1.81584420106319,-0.643362448796239,0.740636875091826,1.70989806760954,0.181206886895301,0.0595630817162384,0.143377815218811,3.87120101090789,0.37037037037037,0.60669836379296,1673.33333333333,914.555555555556,25888.4444444444,7.7037037037037,2698.85185185185,870.333333333333,10099.3703703704,6.40740740740741,3305,707,956,5,3.7868563804207,2.18311200252879,1.71515261402481,1.55975783850772,1,"viral",2
"1099460570548338688",5,6,5,1,1,2,2,4,2,4,0.8,2.5,2.12132034355964,1.86666666666667,0.30533759550252,0.362611995745688,0.057274400243168,0.362611995745688,0.362611995745688,1.61103154636394,0.000332284965571674,0.0410376729039971,0,0,1,0.4741029077759,758.2,432.2,12615.6,5.4,305.4,175.6,6014.4,2.6,189,160,2464,2,2.07431329305194,0.834999618124466,0,0,-0.834999618124466,"unclassified",NA
"1099461250025689088",16,17,16,1,1,1,1,16,8.5,16,1,16,0,1.88235294117647,-3.42624086925833,-3.42624086925833,0,-3.42624086925833,-3.42624086925833,3.38484767458978,0.152447346514695,0.0606995285737233,0,0,0.0625,0.466505989686122,181.1875,389.75,1409.375,1.875,2566,20,2029,1,2566,20,2029,1,4,0,0,0,0,"broadcast",1
"1099463930185961472",7,8,7,1,1,4,5,2,1.6,1,0.142857142857143,1.16666666666667,0.408248290463863,2.67857142857143,0.785468649719745,1.74469742734676,0.959228777627015,0.861256087756671,1.68259133640483,2.2003762191278,0.338587138083349,0.111663179568648,0.553028715843984,3.87120101090789,0.857142857142857,0.879909554279705,14708.2857142857,14553.5714285714,112370.428571429,5.28571428571429,27773.5714285714,27946.5714285714,76585.4285714286,5.42857142857143,3090,1753,29452,3,2,1.41421356237309,1,0,0,"unclassified",NA
"1099464446051827712",12,13,12,1,1,3,3,5,3.25,5,0.416666666666667,2.4,1.67332005306815,2.71794871794872,-1.48733046576257,1.37445237465403,2.8617828404166,0.991441077759366,0.996399074559455,2.24120858325455,0.140313476529907,0.136436730698854,0.207075554149,2.484906649788,0.333333333333333,0.579345313876119,5007.83333333333,724.083333333333,28749.5,6.58333333333333,9604.33333333333,481.5,49394.25,8.5,10440,640,73796,9,2.54253014970455,1.75773083771042,1.19883586505306,0.846947904535705,0.539809740251383,"viral",2
"1099465922480431104",4,5,4,1,1,1,1,4,2.5,4,1,4,0,1.6,-1.2693673436349,-1.2693673436349,0,-1.2693673436349,-1.2693673436349,2.31734092810641,0.0207236792876772,0.0377825838669399,0,0,0.25,0.6104813551981,743.75,2054.5,62198.5,6.5,1106,371,930,5,1106,371,930,5,2,0,0,0,-2,"unclassified",NA
"1099466232854732801",12,13,12,1,1,6,6,4,1.85714285714286,4,0.333333333333333,1.71428571428571,1.11269728052837,3.51282051282051,-0.908384927254555,0.4156683126567,1.32405323991126,-0.130865395778764,0.243312402998882,1.42656847037371,0.0664937249657282,0.250292110701485,0.47531520622135,5.7037824746562,0.916666666666667,0.410160243636351,706,527,12356.25,2.08333333333333,697.833333333333,471.666666666667,12655,1.66666666666667,1064,642,16659,1,2.2748735990068,1.85654039762658,1.41421356237309,1.06309973451857,0.498022906088584,"viral",2
"1099472448796401664",6,7,6,1,1,3,3,2,1.75,2,0.333333333333333,1.5,0.577350269189626,2.28571428571429,-1.30770623291319,0.832796292346414,2.1405025252596,-0.148478849599826,0.430730229382669,1.1783123547431,0.0141527113083607,0.086157278427697,0,0,1,0.703535576642957,869,957.5,18055,4.66666666666667,833.333333333333,971.833333333333,8069.16666666667,3.66666666666667,774,466,6945,3,2,1,1,0.000000000000000221177243187043,-1,"unclassified",NA
"1099473350596931584",48,50,48,2,2,2,4,45,16.6666666666667,45,0.9375,9.6,19.2301846064982,2.03690036900369,-2.12660450805457,-0.53262393714921,1.59398057090536,-1.31073406313076,-1.31073406313076,4.28621134493758,0.246566448560603,0.0985998917813042,0.0457755120278379,2.19722457733622,0.0625,0.76966916359073,798.895833333333,1553.45833333333,72229.3333333333,5.70833333333333,1430556.41666667,466.5,41522.25,9.72916666666667,1560359,287,39359,10,6.63675081846646,1.41421356237309,1,0.976492997202109,0.00000000000000244240605365797,"broadcast",1
"1099475821021007872",6,7,6,1,1,6,7,1,1,1,0.166666666666667,1,0,2.66666666666667,-3.74419760958339,-0.834704720910178,2.90949288867321,-2.33188757652939,-0.836862112835042,1.1945063128187,0.0385080165916135,0.133629573634539,1.09654186866835,6.57925121201009,0.833333333333333,0.440514681374166,470.5,414.166666666667,2794.66666666667,6.5,465.166666666667,421,2766.83333333333,6.33333333333333,479,659,501,6,1.84775906502257,1.41421356237309,0.765366864730179,0,-0.76536686473018,"unclassified",NA
"1099476362107207680",15,17,15,2,2,3,3,9,4.25,9,0.6,3,2.91547594742265,2.42553191489362,0.731505744786396,0.892336357021398,0.160830612235002,0.731505744786396,0.747288914686411,0.688844612484107,0.3593517643231,0.0569869075838481,0.0924196240746593,1.38629436111989,0.133333333333333,0.773858574050327,430.4,713.666666666667,22380,4.8,667.933333333333,234.866666666667,20301,2.8,474,0,11254,1,2.93612600154232,1.85286132311602,1.4142135623731,0.972660794094163,0.000000000000000444089209850063,"broadcast",1
"1099478060792012800",75,76,75,1,1,5,5,44,12.6666666666667,44,0.586666666666667,2.88461538461538,8.42532811504418,3.41017543859649,-0.761272793605204,1.39092519622654,2.15219798983174,0.0163857233622597,0.334317703760837,0.995034990312127,0.0167176680497337,0.0344481743029723,0.0369678496298637,2.77258872223978,0.466666666666667,0.764086501336429,782.906666666667,707.253333333333,28054.8133333333,5.50666666666667,1166.69333333333,965.853333333333,15593.5733333333,3.62666666666667,891,625,1621,2,6.6562285752749,2.60436486974492,1.73075754359451,1.6180339887499,1.60917333722527,"broadcast",1
"1099480229238788096",5,6,5,1,1,2,2,3,2,3,0.6,2.5,0.707106781186548,1.93333333333333,-2.80985010564381,-0.150417115097584,2.65943299054623,-2.80985010564381,-0.150417115097584,2.90728570709391,0.138548811636758,0.120216853926109,0,0,0.2,0.661043636368557,2491.8,518.8,47352,6.6,8232.6,890.2,22029,5.6,6431,1245,6319,4,2,1,0,-0.000000000000000111022302462532,-1,"unclassified",NA
"1099481588197396481",18,19,18,1,1,2,2,12,6.33333333333333,12,0.666666666666667,4.5,5.06622805119022,2.4093567251462,-1.26659982626598,0.923282820879791,2.18988264714577,-1.03782848133834,-1.03782848133834,3.21658223850416,0.140406416850846,0.25362350387722,0,0,0.833333333333333,0.873661164502041,22785.3333333333,13766.7777777778,105542.666666667,2.44444444444444,100102.888888889,75929,89222.7222222222,2.55555555555556,115012,109909,5500,1,3.54796786466693,1.66100467493333,1.33377449563826,0.934897371867794,0.000000000000000101655395790426,"broadcast",1
"1099484612282146816",5,6,5,1,1,3,3,3,1.5,1,0.2,1.66666666666667,1.15470053837925,1.86666666666667,-4.24814711985014,-0.359434211968491,3.88871290788165,-0.359434211968491,-0.359434211968491,3.64450607396211,0.0203707270256538,0.279062667510808,0.415888308335967,2.07944154167983,1,0.667306258268906,340,220.6,8218.8,3.8,467.2,267.6,10689.2,5.2,130,180,2466,3,2.07431329305194,0.834999618124467,0,0,-0.834999618124466,"unclassified",NA
"1099485795059187714",8,9,8,1,1,5,5,3,1.5,1,0.125,1.6,0.894427190999916,2.44444444444444,0.0521888440961277,0.713361307670229,0.661172463574101,0.600678759570166,0.713361307670229,2.0787115221878,0.0846654437761395,0.0944097850348588,0.346573590279972,2.77258872223978,1,0.427770469938479,889.375,544.25,65536.625,6.75,1083,749.75,84162.875,6.125,1029,506,132911,8,2.24697960371747,1.41421356237309,0.801937735804837,0.554958132087371,0.000000000000000222044604085565,"unclassified",NA
"1099487091115741184",3,4,3,1,1,2,3,2,1.33333333333333,2,0.666666666666667,1.5,0.707106781186548,1.66666666666667,1.35567551865441,2.06793787595967,0.71226235730526,1.35567551865441,1.78303293303757,0.366204096222703,0.173488726467197,0.0603157946406987,0,0,1,0.87361254320228,5223,5235,25069.6666666667,3.33333333333333,4724,3483,45235.3333333333,3.66666666666667,3978,2214,40291,5,1.61803398874989,0.618033988749895,-0.618033988749895,-1.61803398874989,0,"unclassified",NA
"1099489087621189632",1,2,1,1,1,1,2,1,1,1,1,1,0,1,0.294291349045375,0.294291349045375,0,0.294291349045375,0.294291349045375,0,0.108886498460476,0.0194552529182879,0,0,0,0.9994617868676,35,259,2143,0,98,194,3184,1,98,194,3184,1,1,-1,0,0,0,"unclassified",NA
"1099493432920285184",7,8,7,1,1,1,1,7,4,7,1,7,0,1.75,0.667675165571104,0.667675165571104,0,0.667675165571104,0.667675165571104,2.7888294787981,0.0234581821183917,0.0255963519181951,0,0,0.428571428571429,0.667976829163005,1178.28571428571,798.857142857143,49085,4.85714285714286,4452,868,49033,5,4452,868,49033,5,2.64575131106459,0,0,0,0,"unclassified",NA
"1099493902673940480",20,21,20,1,1,4,4,15,4.2,15,0.75,4,6.16441400296898,2.66666666666667,-2.1356882625609,-0.212409823921573,1.92327843863933,-1.57163417367992,-1.46053662849128,3.61348716548455,0.0986888392936794,0.103394751244869,0.103972077083992,2.07944154167983,0.35,0.487682096866007,837.65,996.6,16118.15,6.15,26505.4,892.75,28491.7,7.65,35107,913,34196,8,3.8919959958963,1.83666049929667,0.966761543481878,0.737846526247143,0.000000000000000491132609868544,"broadcast",1
"1099494183675387904",7,8,7,1,1,1,1,7,4,7,1,7,0,1.75,0.0878896440184744,0.0878896440184744,0,0.0878896440184744,0.0878896440184744,2.23938015966363,0.0100131446008648,0.0496176184882326,0,0,0,0.479517223302364,290.142857142857,348,6137,7.71428571428571,10056,136,10714,10,10056,136,10714,10,2.64575131106459,0,0,0,0,"unclassified",NA
"1099498013104443393",4,5,4,1,1,1,1,4,2.5,4,1,4,0,1.6,0.612546440348421,0.612546440348421,0,0.612546440348421,0.612546440348421,2.10790882576365,0.0301795320535356,0.182668445265522,0,0,0.5,0.518560572947068,1721.25,1698,30064,3.75,2688,1641,66871,4,2688,1641,66871,4,2,0,0,0,-2,"unclassified",NA
"1099498151507984385",15,16,15,1,1,5,5,4,2.66666666666667,4,0.266666666666667,2.14285714285714,1.21498579258791,3.45,0.498703867975932,1.36997442559225,0.871270557616318,0.732460645348037,1.36997442559225,1.24461595856796,0.0819555816499888,0.113075859420739,0.385382901052822,5.78074351579233,0.8,0.581444437226983,10863.4666666667,8792.8,44464.2666666667,5.66666666666667,21514.6,14274.6666666667,57320.2,4.66666666666667,3873,2609,1800,1,2.42261298172581,2.13805203849775,1.45491722197942,1.28827795175538,0.795107669885765,"viral",2
"1099504455538655233",33,34,33,1,1,5,5,29,5.66666666666667,29,0.878787878787879,6.6,12.5219806739988,2.45811051693405,-1.88691618565419,-0.446652174257474,1.44026401139672,-1.0205629901582,-1.0205629901582,2.31087092744723,0.0548712460690539,0.101954723259757,0.021004460016968,0.693147180559945,0.0909090909090909,0.668515553235868,1225.93939393939,2135.90909090909,52708.5151515152,7.33333333333333,195472.454545455,890.666666666667,49015.3636363636,6.90909090909091,222325,810,50968,7,5.38860250598765,1.72654797826157,0.990956664655173,0.000000000000000551759826691756,0.000000000000000251732659018484,"broadcast",1
"1099504891758854144",22,23,22,1,1,6,6,9,3.28571428571429,9,0.409090909090909,2.44444444444444,2.65099562009781,3.699604743083,-0.854496557702676,1.15402733166931,2.00852388937199,0.201957538321228,0.239521863334245,1.02794101698156,0.0115429421017642,0.0786981081284011,0.126026760101808,2.77258872223978,0.772727272727273,0.641967923292353,738.045454545455,479.818181818182,32678.8181818182,5.90909090909091,1569.54545454545,552.318181818182,82176.9545454545,5.90909090909091,2506,610,168174,7,3.12796005998338,2.11760377780335,1.87714049414501,1.558905064844,1.117803148745,"viral",2
"1099507827738112003",5,6,5,1,1,2,3,3,2,3,0.6,2.5,0.707106781186548,1.93333333333333,0.767012424054553,1.0892172694867,0.322204845432147,0.767012424054553,1.0892172694867,1.32666368665608,0.241148038689272,0.181786088293086,0.277258872223978,1.38629436111989,0.8,0.636781806631264,539.8,497.8,1227,3,3451.8,811,20997.6,7.6,5409,881,34242,10,2,1,0,-0.000000000000000111022302462532,-1,"unclassified",NA
"1099507886466781185",28,29,28,1,1,7,7,7,3.625,5,0.178571428571429,1.86666666666667,1.24594580635795,4.83251231527094,-0.70910718574247,1.03368757975322,1.74279476549569,0.278404023083366,0.640639161492301,1.1723653305274,0.0994382068271492,0.093741755881991,0.659172135377437,18.4568197905682,0.5,0.583686031956148,1457.57142857143,642.035714285714,14433.2857142857,5.57142857142857,2861.35714285714,654.785714285714,12707.2142857143,3.96428571428571,161,252,314,1,2.66222610937936,2.35980578551797,2.06701606649271,1.69430738974375,1.50707238462113,"viral",2
"1099511820715474947",65,66,65,1,1,4,4,44,13.2,44,0.676923076923077,6.5,13.6157588436667,3.1006993006993,-0.304780005615656,0.925578592790149,1.2303585984058,-0.054402592165528,0.249394242234282,1.68500412810317,0.00166013338494352,0.0178505825741928,0,0,0.230769230769231,0.597338188824735,690.138461538462,419.861538461538,24901.5230769231,6.41538461538462,39045.9538461538,564.953846153846,47317.1846153846,7.12307692307692,53367,587,47476,7,6.64733769649181,3.6166206667026,1.3994433968686,1,1,"broadcast",1
"1099513452324765696",2,3,2,1,1,1,1,2,1.5,2,1,2,0,1.33333333333333,0.624692908238234,0.624692908238234,0,0.624692908238234,0.624692908238234,3.95419357964502,0.026909105550378,0.0971320346320344,0,0,0.5,0.654331947572031,48.5,85.5,4537.5,7,11643,5800,35930,1,11643,5800,35930,1,1.4142135623731,0,-1.4142135623731,0,0,"unclassified",NA
"1099513859147067392",8,9,8,1,1,4,4,3,1.8,2,0.25,1.6,0.894427190999916,2.55555555555556,0.106291147643267,0.60755227645821,0.501261128814943,0.492881590168198,0.495796536231316,2.53397668654927,0.490663434969062,0.309245012200767,0.346573590279972,2.77258872223978,0.875,0.892933416038405,1289.875,1117.375,20490.5,5.625,2715.875,2019.25,42134.125,6,350,270,359,10,2.2059461150511,1.33762630022021,1,0.586990305243765,-0.00000000000000022204460643691,"unclassified",NA
"1099514630924353536",6,7,6,1,1,3,3,4,1.75,1,0.166666666666667,2,1.73205080756888,1.9047619047619,-4.24814711985014,-0.186513877632047,4.06163324221809,-0.186513877632047,-0.186513877632047,2.20727670539342,0.0216897701003574,0.0723161548959776,0,0,1,0.705563432561302,962.5,794.166666666667,39423.8333333333,6,1381.83333333333,1248.5,44346.1666666667,5,1897,2429,19069,5,2.28824561127074,0.874032048897642,0,0,0,"unclassified",NA
"1099524512691806211",6,7,6,1,1,2,2,5,2.33333333333333,5,0.833333333333333,3,2.82842712474619,1.9047619047619,-1.84368116909694,-1.59361273007078,0.25006843902616,-1.59361273007078,-1.59361273007078,2.93287000465131,0.0449585197398331,0.21645759125527,0,0,0.166666666666667,0.726012111307688,1135.33333333333,412.666666666667,31279.8333333333,4.66666666666667,165074.166666667,2735.16666666667,18620.1666666667,4.66666666666667,198020,3235,20724,4,2.28824561127074,0.874032048897642,0,0,0,"unclassified",NA
"1099524776941371392",4,6,4,2,2,1,2,4,3,4,1,2,1.4142135623731,1.42857142857143,-1.07808475017542,0.311968013822229,1.39005276399765,-1.07808475017542,-0.52206364457636,2.78293822235777,0.0906705186424976,0.281548611010419,0,0,0.25,0.589079009993064,526,168.75,40654.75,3.5,2658.5,763.75,13396.75,6,1238,2119,35647,6,1.73205080756888,1,0,0,-1,"unclassified",NA
"1099530267293827072",6,7,6,1,1,4,4,2,1.4,1,0.166666666666667,1.2,0.447213595499958,2.28571428571429,-4.24814711985014,0.177330779120122,4.42547789897026,-0.817801406502678,-0.128579990465722,2.94588277767614,0.162416679497454,0.0728639285682215,0.597253156409352,3.58351893845611,0.833333333333333,0.491809021859969,989.666666666667,796,24746.5,7.5,560.5,542.166666666667,18111.6666666667,6.33333333333333,116,48,626,2,2,1,1,0.000000000000000114491749414469,-1,"unclassified",NA
"1099531286488567808",11,12,11,1,1,2,2,10,4,10,0.909090909090909,5.5,6.36396103067893,1.96969696969697,-0.549502341045287,0.855382151189436,1.40488449223472,-0.549502341045287,-0.549502341045287,1.70576087428945,0.0366612578179118,0.0254921718758964,0,0,0.181818181818182,0.792749067872963,597,592.454545454545,43531.4545454545,6.36363636363636,7269,689.454545454545,40024.7272727273,7.63636363636364,7944,720,34935,8,3.17958680155873,0.943518824058935,0,0,0,"broadcast",1
"1099537234007609345",4,5,4,1,1,3,3,2,1.25,2,0.5,1.33333333333333,0.577350269189626,2,-0.779273077639713,0.843507707191869,1.62278078483158,-0.324373953337646,0.415718185455401,3.07188089798479,0.330253509260244,0.182511461062158,0.173286795139986,0.693147180559945,0.5,0.344193640779381,356.75,226.5,1065.25,3.75,447.5,142.5,670.75,1.25,310,93,541,0,1.73205080756888,1,-0.000000000000000666133814775118,-1,-1.73205080756888,"unclassified",NA
"1099539045955252225",9,10,9,1,1,1,1,9,5,9,1,9,0,1.8,-1.74669281654342,-1.74669281654342,0,-1.74669281654342,-1.74669281654342,3.36476085285746,0.0776559736411406,0.0179141628269789,0,0,0,0.580051068934924,972.666666666667,1108.11111111111,16239.8888888889,1,465,43,1882,0,465,43,1882,0,3,0,0,0,0,"broadcast",1
"1099544192357974016",7,8,7,1,1,4,5,2,1.6,2,0.285714285714286,1.75,0.5,2.53571428571429,-0.362980127601418,0.668701418648638,1.03168154625006,0.461061747934985,0.627173484505907,2.50290376448237,0.401263354888258,0.324612493933825,0.652049741638262,4.56434819146783,1,0.938785995253154,6556,4732,141136.142857143,2.57142857142857,9864.28571428571,6439.42857142857,230070.714285714,2.71428571428571,13551,8110,261049,5,2.04207896189791,1.5202328168626,0.720281678170412,0.0000000000000000000000000000000493038065763132,-0.0000000000000000000000000000000493038065763132,"unclassified",NA
"1099548059514613763",3,4,3,1,1,2,3,2,1.33333333333333,2,0.666666666666667,1.5,0.707106781186548,1.66666666666667,-0.741420658521352,0.564417373206264,1.30583803172762,-0.741420658521352,0.0420821605152177,1.44357778009544,0.0804768778582148,0.184161598807122,0,0,0.666666666666667,0.810246151783598,2044,957.666666666667,89115.6666666667,5.33333333333333,1631,528.333333333333,66670,3.33333333333333,2109,601,68169,2,1.61803398874989,0.618033988749895,-0.618033988749895,-1.61803398874989,0,"unclassified",NA
"1099549003254063105",17,18,17,1,1,2,2,16,6,16,0.941176470588235,8.5,10.6066017177982,1.98692810457516,-0.956996238382704,0.231214722124293,1.188210960507,0.231214722124293,0.231214722124293,4.58344538602953,0.186673233311089,0.116439067330123,0,0,0.0588235294117647,0.956327719228748,1108,1801.17647058824,17376.1176470588,2.76470588235294,286579.470588235,440.941176470588,105367.823529412,3.88235294117647,304162,312,111517,4,4.00828803545987,0.966243770892844,0,0,0,"broadcast",1
"1099549380728754176",7,8,7,1,1,2,2,6,2.66666666666667,6,0.857142857142857,3.5,3.53553390593274,1.92857142857143,1.11123884875341,1.11199245881583,0.00075361006242014,1.11123884875341,1.11123884875341,1.25165001987566,0.00584559405087649,0.0569212418974641,0,0,0.428571428571429,0.595578030600624,541.285714285714,278.142857142857,116755.428571429,5.85714285714286,521,395.428571428571,42133.2857142857,6.14285714285714,488,361,24690,6,2.48848998462265,0.898564186039456,0,0,0,"unclassified",NA
"1099551033284546560",1,2,1,1,1,1,1,1,1,1,1,1,0,1,-0.543046516721182,-0.543046516721182,0,-0.543046516721182,-0.543046516721182,4.71849887129509,0.00737346371047753,0.0588235294117647,0,0,0,0.783814589665654,68,102,2642,1,144135,146,13032,9,144135,146,13032,9,1,-1,0,0,0,"unclassified",NA
"1099553222706917376",6,7,6,1,1,1,1,6,3.5,6,1,6,0,1.71428571428571,-0.867603581170717,-0.867603581170717,0,-0.867603581170717,-0.867603581170717,3.6822754571214,0.142839007219655,0.337855810002345,0,0,0.166666666666667,0.825259165241357,293.666666666667,294.666666666667,19586.6666666667,2.33333333333333,69405,296,56097,7,69405,296,56097,7,2.44948974278318,0,0,0,0,"unclassified",NA
"1099553734428971013",6,7,6,1,1,2,2,4,2.33333333333333,4,0.666666666666667,2,1.73205080756888,2.0952380952381,-0.299555793018782,1.26985199264663,1.56940778566541,-0.299555793018782,0.881653721029718,1.02896435065032,0.0202228415343316,0.0395387614647302,0,0,0.333333333333333,0.705438632009434,2388.16666666667,1321,71655.1666666667,6.33333333333333,7399.83333333333,2523,89611,7.16666666666667,10611,3531,94611,8,2.13577920506986,1,0.662153446861956,-0.00000000000000122124532708767,-0.662153446861956,"unclassified",NA
"1099554535545192449",4,5,4,1,1,1,1,4,2.5,4,1,4,0,1.6,-1.16603760446018,-1.16603760446018,0,-1.16603760446018,-1.16603760446018,3.47407901289143,0.00674288167837768,0.191016557903382,0,0,1,0.808015210234795,5086.75,5542.75,179735.5,6.75,110339,92444,342476,8,110339,92444,342476,8,2,0,0,0,-2,"unclassified",NA
"1099556464904073216",10,11,10,1,1,2,2,8,3.66666666666667,8,0.8,3.33333333333333,4.04145188432738,2.10909090909091,-1.51730741073828,0.259014824857974,1.77632223559625,-0.130633443501533,-0.130633443501533,3.30831541041686,0.0853792563475491,0.217160268801462,0,0,0.6,0.744097377677051,3286.3,3904.6,26685.7,7.2,342946.3,67224.4,324212.6,5.7,428468,83220,400438,5,2.87661558391721,1,0.851517928387081,0.000000000000000000000000000000000000000000000168254789952833,0.0000000000000000000000000000000000000000000000000000000000000000592050628246785,"broadcast",1
"1099558339778830336",4,7,4,3,3,2,3,3,2.33333333333333,3,0.75,1,0,1.2,-0.452461707487639,0.31588322344616,0.768344930933799,-0.0289587268945465,0.254612213821557,1.60903759209236,0.35368316730779,0.0462220076551994,0,0,1,0.624989925597453,519.5,832.25,3942,1.5,681.5,899.25,2906.25,1.25,1111,910,10580,1,1.4142135623731,1,1,0,-1,"unclassified",NA
"1099563834287611904",53,54,53,1,1,1,1,53,27,53,1,53,0,1.96296296296296,1.43590152079495,1.43590152079495,0,1.43590152079495,1.43590152079495,2.59379218568103,0.00838831823877156,0.0335331905595923,0,0,0,0.955613658995516,252.754716981132,617.358490566038,4808.92452830189,2.75471698113208,132051,2,768,2,132051,2,768,2,7.28010988928052,0,0,0,0,"broadcast",1
"1099565981796626433",4,5,4,1,1,4,4,1,1,1,0.25,1,0,2,-1.67668379734614,-0.0720697796526275,1.60461401769351,-0.119632504545237,-0.0741595123570477,1.9029605998951,0.221225766608792,0.0849429209019732,0,0,0.75,0.82550289815752,1144.75,695.5,117568.5,4.5,1266.25,577,124516.75,5.5,1429,14,57019,6,1.73205080756888,1,-0.000000000000000225514051876985,-1,-1.73205080756888,"unclassified",NA
"1099575699982172160",2,4,2,2,2,1,2,2,2,2,1,1,0,1,-1.55194382842668,0.274781607827285,1.82672543625397,-0.638581110299697,-0.0905634794235079,1.09861228866811,0.0172855090296035,0.0259280085656404,0,0,0.5,0.763195449881771,384,561.5,12307,5,3431,1396.5,48000.5,7,2569,1521,24737,7,1,1,-1,-1,0,"unclassified",NA
"1099578178836738048",60,61,60,1,1,4,4,49,12.2,49,0.816666666666667,8.57142857142857,17.8872127776348,2.38579234972678,-0.554003137712072,1.72828415601429,2.28228729372636,-0.348165564483526,-0.348165564483526,2.83283562041437,0.103176815224179,0.0767782470755077,0.0231049060186648,1.38629436111989,0.0666666666666667,0.413839910045504,492.983333333333,483.316666666667,18227.4166666667,4.91666666666667,966777.35,373.916666666667,228598.316666667,8.45,1183523,370,274399,9,7.01409533378721,2.27919041267167,1.39947285508562,1.30148214490201,1,"broadcast",1
"1099578900231811073",6,8,6,2,2,2,3,5,2.66666666666667,5,0.833333333333333,2,1.73205080756888,1.8125,-1.29249473064685,0.460670560950049,1.7531652915969,-1.29249473064685,-0.608798560890972,1.87482665318929,0.189081680908792,0.0507663689678277,0,0,0.5,0.491768998962373,278.166666666667,215.833333333333,37323.6666666667,3.16666666666667,198,558.833333333333,33738,2,69,673,15420,1,2.07431329305194,1,0.834999618124467,0,0,"unclassified",NA
"1099581228095889409",5,6,5,1,1,2,2,3,2,3,0.6,2.5,0.707106781186548,1.93333333333333,-1.25502066890468,1.09293758337083,2.34795825227551,-1.25502066890468,1.09293758337083,3.06390479053849,0.118847969416158,0.0810296435165791,0,0,1,0.583131237765127,1817.4,1708.2,5727.6,6.4,3279.2,2022.6,3023.2,5.6,870,923,1020,4,2,1,0,-0.000000000000000111022302462532,-1,"unclassified",NA
"1099582033393725440",13,16,13,3,3,6,7,5,2.28571428571429,3,0.230769230769231,1.625,1.40788595317336,2.73529411764706,0.253653180643519,0.958698394013928,0.705045213370409,0.882170223376016,0.882170223376016,3.91732250787822,0.801651456777341,0.256239023183402,0.817905675362457,10.6327737797119,0.692307692307692,0.958602801122531,112.461538461538,189.769230769231,8472.92307692308,1.07692307692308,274.846153846154,351.384615384615,9237.69230769231,0.692307692307692,132,150,2531,1,2.54658361625883,1.77768227294924,0.999999999999999,0.999999999999998,0.904260760585193,"viral",2
"1099584243796041728",8,9,8,1,1,5,5,2,1.5,2,0.25,1.33333333333333,0.516397779494322,2.83333333333333,-1.56102758293302,0.8742053462548,2.43523292918782,0.284100624803318,0.788280863314421,1.79210193519569,0.0142096207731497,0.106312435207788,0.346573590279972,2.77258872223978,0.875,0.563486605468111,257.875,315.5,6878.75,4.625,277.5,283.125,5104.125,4,120,116,188,4,2.05288084003372,1.4142135623731,1.20864019757292,0.569972919912301,-0.000000000000000223472826552535,"unclassified",NA
"1099587632793698304",1,2,1,1,1,1,2,1,1,1,1,1,0,1,0.309198457914112,0.309198457914112,0,0.309198457914112,0.309198457914112,0,0.02713342830198,0,0,0,0,0.104451454609183,399,374,13512,4,85,0,14109,0,85,0,14109,0,1,-1,0,0,0,"unclassified",NA
"1099592187778613248",68,69,68,1,1,10,10,23,6.27272727272727,23,0.338235294117647,2.06060606060606,3.84007970245568,5.75106564364876,0.30356367673472,1.53873047179897,1.23516679506425,1.17429727509845,1.21358330884558,1.37756176551664,0.0275730156864651,0.086807413662216,0.0407733635623497,2.77258872223978,0.676470588235294,0.632484825506428,1397.66176470588,977.088235294118,53217.8970588235,5.80882352941176,2224.33823529412,1895.38235294118,63836.7794117647,4.51470588235294,2305,2784,30040,1,4.85766804023186,2.6308992100246,2.36289899471605,1.90174728814379,1.89226471689999,"viral",2
"1099594096212103170",5,6,5,1,1,2,2,3,2,3,0.6,2.5,0.707106781186548,1.93333333333333,0.410467421041922,0.765071002201558,0.354603581159636,0.410467421041922,0.765071002201558,1.10903548889591,0.0140778742419672,0.170958758881501,0.138629436111989,0.693147180559945,0.8,0.477338816930865,580.2,761,21833.4,7.2,720.8,747,8391,6.2,754,717,2979,7,2,1,0,-0.000000000000000111022302462532,-1,"unclassified",NA
"1099595123812229120",8,9,8,1,1,2,2,6,3,6,0.75,2.66666666666667,2.88675134594813,2.11111111111111,-1.81658616680313,-1.33892335093383,0.4776628158693,-1.81658616680313,-1.62996137859105,2.35486903729374,0.748751731140545,0.0896458366323393,0,0,0.5,0.717696128179998,1214.875,1043.5,54384.125,4.375,1338,969.75,56805.375,3,936,513,58278,2,2.52433779896214,1,0.792286991393261,0,0,"unclassified",NA
"1099597933983354880",28,29,28,1,1,3,3,14,7.25,12,0.428571428571429,3.11111111111111,3.51583718495483,2.99507389162562,-1.63480708890165,0.800412849127836,2.43521993802949,-0.48479513063262,0.185062078880427,2.42982047540883,0.183059145094389,0.092816828514093,0.249454154289938,6.98471632011826,0.357142857142857,0.458580487633143,378.928571428571,343.464285714286,18002.3571428571,2.21428571428571,910.785714285714,86.3214285714286,6513.42857142857,1.5,654,45,1760,2,3.65560823820924,2.0120274119392,1.73205080756888,1.59686663270858,1.4142135623731,"broadcast",1
"1099600727381487616",22,23,22,1,1,1,1,22,11.5,22,1,22,0,1.91304347826087,-0.384044743945883,-0.384044743945883,0,-0.384044743945883,-0.384044743945883,2.17077604827993,0.0161199846793883,0.0280985901107394,0,0,0,0.503243025053521,417.090909090909,445.409090909091,10069,2.54545454545455,299330,45,6565,5,299330,45,6565,5,4.69041575982343,0,0,0,0,"broadcast",1
"1099600790304391168",5,6,5,1,1,1,1,5,3,5,1,5,0,1.66666666666667,-0.587907770629918,-0.587907770629918,0,-0.587907770629918,-0.587907770629918,1.47803628564529,0.0660385422038303,0.032341281552074,0,0,0,0.720896326072866,236.6,407.6,3648.2,1,6419,808,926,1,6419,808,926,1,2.23606797749979,0,0,0,0,"unclassified",NA
"1099602392553787392",11,12,11,1,1,6,6,3,1.71428571428571,2,0.181818181818182,1.83333333333333,0.752772652709081,3.13636363636364,-0.649160571652149,1.21183325007362,1.86099382172577,0.106308440987881,1.14866881950005,2.565290109708,0.0996619586703403,0.177041683132906,0.787153886699085,8.65869275368994,0.818181818181818,0.542175136382156,4570.27272727273,3501.72727272727,32225.0909090909,6.09090909090909,8968.54545454545,3808.90909090909,28454.6363636364,7.81818181818182,20881,2050,39573,8,2.28824561127074,1.73205080756888,1.41421356237309,0.874032048897643,0.000000000000000478791819698624,"viral",2
"1099606117066231810",8,9,8,1,1,4,4,4,1.8,4,0.5,1.6,1.34164078649987,2.72222222222222,-0.474374988837343,0.913542866141265,1.38791785497861,0.592306955068057,0.592306955068057,0.881156855156979,0.632649039357027,0.0410300668198688,0.0866433975699931,0.693147180559945,0.5,0.246028336730883,475.875,327.75,4082.75,3.5,226.125,107,3459.75,3.875,11,9,7,4,2.16461172792508,1.52803926172511,0.853621479171127,0.500881674902844,-0.000000000000000222044604925031,"unclassified",NA
"1099606293222965248",7,8,7,1,1,4,4,3,1.6,3,0.428571428571429,1.75,0.957427107756338,2.64285714285714,-0.892854851875521,-0.525713372398892,0.367141479476629,-0.531164057632214,-0.525713372398892,1.05679450507487,0.0760508780352813,0.0985889321085268,0.198042051588556,1.38629436111989,0.428571428571429,0.815027465841279,3921.57142857143,4000.28571428571,146120.714285714,5,2211.14285714286,2465.71428571429,73129.5714285714,6.71428571428571,1455,1364,43191,10,2,1.61803398874989,0.618033988749895,0,0,"unclassified",NA
"1099611154450653184",84,86,84,2,2,10,10,33,7.81818181818182,33,0.392857142857143,3,5.82459663203607,5.19099512474907,-0.497129988151194,1.1300478772733,1.62717786542449,0.486101250736096,0.889460041089133,1.00865629226929,0.0569981771374653,0.101336744565778,0.569234248187812,47.8156768477762,0.523809523809524,0.687722520555375,1489.55952380952,1767.77380952381,50032.2142857143,7.15476190476191,4070.17857142857,3340.55952380952,49189.7142857143,8.70238095238095,6073,3347,18164,11,5.68285305791434,2.9020251277822,2.36688963155934,2.29743903768761,2.24447274363161,"viral",2
"1099611510941339648",26,27,26,1,1,5,5,9,4.5,4,0.153846153846154,2.6,1.57762127549323,3.89173789173789,-0.887088598217592,0.694368744652391,1.58145734286998,0.0250138387822286,0.588006869312429,0.880600183040797,0.118047429054558,0.0615767173540792,0.0266595069446133,0.693147180559945,0.653846153846154,0.695375830491068,1389.5,854.307692307692,40832.9615384615,6.5,2195.15384615385,1138.5,32742.1538461538,7.11538461538461,303,236,352,7,2.86030150815472,2.44759465589592,2.00496972811785,1.72496664938756,1.32314898025083,"viral",2
"1099613578758447104",4,5,4,1,1,3,3,2,1.25,1,0.25,1.33333333333333,0.577350269189626,1.8,-0.643894600378524,0.760553116664107,1.40444771704263,-0.375071650904078,0.240472025807864,4.48630460075309,0.266195706855757,0.288570010591354,0.173286795139986,0.693147180559945,1,0.376574710457474,1814.75,487.5,16947,8.5,2878.5,543.25,4789,8.75,902,299,770,7,1.84775906502257,0.765366864730179,0,-0.765366864730179,-1.84775906502257,"unclassified",NA
"1099618712552947715",7,8,7,1,1,4,4,4,1.6,1,0.142857142857143,1.75,1.5,2.21428571428571,-4.24814711985014,0.749866234547971,4.99801335439811,0.749866234547971,0.749866234547971,1.13748795430301,0.176128900841347,0.178234176636552,0.0990210257942779,0.693147180559945,0.285714285714286,0.595833205895832,3449.85714285714,1153.85714285714,61248.1428571429,5.28571428571429,10675.8571428571,278.285714285714,10634.5714285714,5.71428571428571,195,68,199,5,2.30277563773199,1.30277563773199,0,0,0,"unclassified",NA
"1099619069106388992",4,5,4,1,1,1,1,4,2.5,4,1,4,0,1.6,-1.10638033413345,-1.10638033413345,0,-1.10638033413345,-1.10638033413345,0.693147180559945,0.086069217172266,0.125297619047619,0,0,0,0.726422169256268,21,9,598.25,0.5,119,62,14808,3,119,62,14808,3,2,0,0,0,-2,"unclassified",NA
"1099621594068996096",17,18,17,1,1,5,5,9,3,9,0.529411764705882,2.42857142857143,2.93582145558064,3.13725490196078,-3.14819751901078,-1.43169235677806,1.71650516223272,-1.73697392306755,-1.73697392306755,2.84578442582271,0.0624795691871048,0.110558927678296,0.0815467271246994,1.38629436111989,0.235294117647059,0.320230190275302,244.705882352941,439.529411764706,2558.47058823529,2.23529411764706,808.176470588235,522.470588235294,3578.23529411765,1.76470588235294,1192,443,3188,1,3.09369160923437,1.77054021957049,1.52655605891639,1.18433327505791,0.605370311797144,"viral",2
"1099623200470720517",13,14,13,1,1,3,3,10,3.5,10,0.769230769230769,3.25,4.5,2.31868131868132,-3.61223363920002,-0.996973494052034,2.61526014514799,-2.66558741968875,-2.66558741968875,3.05271594868409,0.0660056840761163,0.0849071725910927,0,0,0.230769230769231,0.353476207529098,261.153846153846,353.923076923077,2969.23076923077,1.76923076923077,1013.30769230769,450.769230769231,3062.30769230769,0.923076923076923,1192,443,3188,1,3.19841412923917,1.37537482597787,0.937278585026667,0,0,"broadcast",1
"1099626937595482113",4,5,4,1,1,3,3,2,1.25,2,0.5,1.33333333333333,0.577350269189626,2,-0.903357867490795,0.476935429841058,1.38029329733185,-0.153806521939341,0.476935429841058,2.94677416884852,0.427310762816642,0.224718536864869,0.173286795139986,0.693147180559945,0.75,0.755580731579509,154.75,169.25,22788.25,0.75,148.75,204.25,16168,1,143,217,20843,1,1.73205080756888,1,0.000000000000000194289029309402,-1,-1.73205080756888,"unclassified",NA
"1099628334298759168",7,8,7,1,1,2,2,4,2.66666666666667,4,0.571428571428571,1.75,1.5,2.28571428571429,-3.93019037952508,-1.55452088358945,2.37566949593563,-1.66585079623599,-1.66585079623599,1.54356992384812,0.295797881993664,0.13805318839995,0.156944612666873,1.09861228866811,0.285714285714286,0.170630357672967,52.7142857142857,814.285714285714,10511,1,195534.571428571,183021.857142857,18215,5.57142857142857,342141,319726,23517,9,2.18890105931673,1,1,0.456850251747856,-0.456850251747857,"unclassified",NA
"1099629869439377408",4,5,4,1,1,2,2,2,1.66666666666667,2,0.5,1.33333333333333,0.577350269189626,2,-2.30590059537705,1.51407194486523,3.81997254024228,-1.93943900230339,-0.338157667591751,2.56358011624781,0.0340378680153413,0.0697171327177949,0.274653072167028,1.09861228866811,1,0.493461689435567,1098.25,750.5,46272.25,9.25,706.75,597.5,24984.25,9.25,299,320,6961,9,1.73205080756888,1,0.000000000000000194289029309402,-1,-1.73205080756888,"unclassified",NA
"1099631702312394753",5,6,5,1,1,2,3,4,2,1,0.2,2.5,2.12132034355964,1.66666666666667,1.87705543509687,1.89501378029475,0.01795834519788,1.89501378029475,1.89501378029475,0.982530977147211,0.154213297588091,0.0447347413664538,0.138629436111989,0.693147180559945,0.2,0.908150714346004,1181.2,195.2,1796.4,3.2,4592.8,178.4,4862.4,2.4,488,88,21932,8,2.23606797749979,0,0,0,0,"unclassified",NA
"1099632344049246208",7,8,7,1,1,3,3,4,2,2,0.285714285714286,2.33333333333333,1.52752523165195,2.10714285714286,-0.399408357224042,0.721927136222254,1.1213354934463,0.0684749233606563,0.0684749233606563,3.43672172792826,0.585054953383994,0.180021182503673,0.156944612666873,1.09861228866811,0.428571428571429,0.789137031014572,2516,899.714285714286,33409,7.14285714285714,5222.42857142857,1106.42857142857,26595.2857142857,7.28571428571429,4210,1313,18408,10,2.33441421833898,1,0.741963784302725,-0.000000000000000188885073933205,-0.00000000000000158747176546705,"unclassified",NA
"1099632427956203520",6,7,6,1,1,1,1,6,3.5,6,1,6,0,1.71428571428571,-2.70351931807829,-2.70351931807829,0,-2.70351931807829,-2.70351931807829,2.92692607098103,0.302024780856589,0.0255930513912526,0,0,0,0.936608972840767,145.333333333333,493.833333333333,9192.16666666667,2.33333333333333,3425,112,87524,2,3425,112,87524,2,2.44948974278318,0,0,0,0,"unclassified",NA
"1099633933707145216",11,12,11,1,1,3,3,9,3,9,0.818181818181818,3.66666666666667,4.61880215351701,2.21212121212121,-1.40668285129963,-0.562544459129431,0.844138392170199,-1.40668285129963,-1.40668285129963,3.28940630139215,0.245784436725595,0.189943237608124,0.0998738444243736,1.09861228866811,0.0909090909090909,0.873910383712491,242.363636363636,447.454545454545,58752.2727272727,2.45454545454545,3822.36363636364,525.818181818182,10633.6363636364,4.36363636363636,4591,491,12157,5,3.02325237858838,1.36379802586737,0.000000000000000000000000000000000128217373435474,0.0000000000000000000000000000000000000000000000000208330728083682,0.00000000000000000000000000000000000000000000000000000000000000000437636271858794,"broadcast",1
"1099635800155873280",59,60,59,1,1,4,4,35,12,35,0.593220338983051,4.21428571428571,8.93720461741961,2.94293785310734,-1.50904205896907,0.887738146804606,2.39678020577368,-0.385608688599352,0.320481747614549,2.11044816276026,0.309541331152148,0.0536839353727109,0.0656135764560659,3.87120101090789,0.322033898305085,0.677685499310407,676.661016949153,529.372881355932,40155.186440678,3,2126.40677966102,671.084745762712,27820.6271186441,2.20338983050847,2671,551,13889,2,5.9604170827809,2.42140674601415,1.97992587687921,1.61236447525528,1.4142135623731,"broadcast",1
"1099635980502364160",3,4,3,1,1,2,2,2,1.33333333333333,2,0.666666666666667,1.5,0.707106781186548,1.66666666666667,-0.396139038493807,-0.296383018215924,0.099756020277883,-0.396139038493807,-0.336285426327077,2.85008034848748,0.139861294032425,0.140348693892568,0,0,1,0.249827999682076,1639.33333333333,470,59672,5.66666666666667,2740.66666666667,773.666666666667,55363.6666666667,6.33333333333333,3037,856,52442,7,1.61803398874989,0.618033988749895,-0.618033988749895,-1.61803398874989,0,"unclassified",NA
"1099640896243617792",4,5,4,1,1,2,2,3,1.66666666666667,3,0.75,2,1.4142135623731,1.8,0.450568636551096,0.750643655925165,0.300075019374069,0.450568636551096,0.570598644300724,2.09733995497659,0.150142730754992,0.161971959138941,0,0,1,0.754951590541537,1230.25,971,32478.5,5.25,929.75,918,3528.5,1,1027,1151,3214,1,1.84775906502257,0.76536686473018,-0.000000000000000222044604925031,-0.76536686473018,-1.84775906502257,"unclassified",NA
"1099640980112920581",11,12,11,1,1,2,2,9,4,9,0.818181818181818,5.5,4.94974746830583,2.07575757575758,-0.602349757397906,-0.365585097171678,0.236764660226228,-0.602349757397906,-0.602349757397906,1.53948398256981,0.0531854330470578,0.0918818682853308,0,0,0.272727272727273,0.851952926717187,518.909090909091,812.545454545455,61725.6363636364,4.81818181818182,30019.1818181818,525.636363636364,32482.0909090909,5.18181818181818,36501,154,30281,5,3.04547487555477,1.3134240679859,0.00000000000000177635683940025,0.0000000000000000000000000000000189955672286687,0.00000000000000000000000000000000000000000000000785570283499314,"broadcast",1
"1099645061204189184",38,39,38,1,1,2,2,36,13,36,0.947368421052632,12.6666666666667,20.2072594216369,2.04588394062078,-0.570339797003942,0.236505123426076,0.806844920430018,0.236505123426076,0.236505123426076,2.06387763088627,0.00554679570264403,0.0648940790050258,0,0,0.0789473684210526,0.556343719575361,586.842105263158,1028.5,51707.7368421053,9.13157894736842,44517.5789473684,1216.57894736842,37399.2105263158,9.97368421052632,46898,1234,35925,10,6.004752273498,0.999999999999999,0.971056195037426,0.00000000000000148179536291016,0.0000000000000010458902789024,"broadcast",1
"1099649142228422656",1,2,1,1,1,1,2,1,1,1,1,1,0,1,-0.0321691459986611,-0.0321691459986611,0,-0.0321691459986611,-0.0321691459986611,0,0.618726160744863,0.396321070234114,0,0,1,0.868932038834951,367,300,4081,3,2161,2501,7457,1,2161,2501,7457,1,1,-1,0,0,0,"unclassified",NA
"1099651591722975232",7,8,7,1,1,2,2,5,2.66666666666667,5,0.714285714285714,3.5,2.12132034355964,2.03571428571429,-1.24900684422315,0.106947836848037,1.35595468107119,-1.24900684422315,-0.164243099366199,2.45423448351537,0.0971542018066143,0.0637592575101252,0,0,0.285714285714286,0.572067628266432,2012.28571428571,690.857142857143,77907,6.42857142857143,5486,2742.42857142857,284615.142857143,7.71428571428571,3954,3725,317616,8,2.35829447118226,1.19935282014559,0.000000000000000000000000000000000000000000000000725733139592559,-0.0000000000000000000000000000000000000000000000000000000000000000094955677457598,-0.000000000000000000000000000000000000000000000000725733139592559,"unclassified",NA
"1099652833216000002",4,6,4,2,2,1,2,4,3,4,1,2,1.4142135623731,1.42857142857143,-0.175322794782979,-0.114205813329839,0.06111698145314,-0.114205813329839,-0.114205813329839,2.39650833043767,0.370444321888693,0.0842183892617948,0,0,0.5,0.556121710028215,379.75,283,28070,2.5,1392.25,428.25,16728.5,2,1578,237,6265,1,1.73205080756888,1,0.000000000000000152018271949447,0,-1,"unclassified",NA
"1099653563049865216",5,6,5,1,1,3,4,3,1.5,1,0.2,1.66666666666667,1.15470053837925,1.86666666666667,-0.299807212379684,0.998050493580926,1.29785770596061,0.834892273599087,0.867523917595455,1.66970756507722,0.545102600700494,0.0838452269781493,0.415888308335967,2.07944154167983,0.4,0.496377626978985,66.4,288.4,1111.6,2.6,128,230.8,2586,3.2,201,28,5112,3,2.07431329305194,0.834999618124467,0,0,-0.834999618124466,"unclassified",NA
"1099654779410763776",47,48,47,1,1,1,1,47,24,47,1,47,0,1.95833333333333,-1.63327035509428,-1.63327035509428,0,-1.63327035509428,-1.63327035509428,3.24228664339985,0.030476218385392,0.105769756223038,0,0,0.638297872340426,0.603328573073972,702.425531914894,808.446808510638,29469.5531914894,7.1063829787234,1841729,960243,167501,11,1841729,960243,167501,11,6.85565460040104,0,0,0,0,"broadcast",1
"1099656251594674177",8,9,8,1,1,3,3,4,2.25,3,0.375,2.66666666666667,1.52752523165195,2.38888888888889,0.0948038585830293,0.819726862031601,0.724923003448572,0.696457185589963,0.819726862031601,2.50000484479976,0.475732770520268,0.205181012498451,0.259930192709979,2.07944154167983,0.25,0.808230003769388,4774.375,1904.75,50804.5,7.375,11022.625,5207.25,47724.75,4.125,13029,7099,19595,2,2.32684626960466,1.60803807095072,0.000000000000000276850201448625,0.000000000000000214964843771931,0.0000000000000000910008402353889,"unclassified",NA
"1099657480517414912",5,6,5,1,1,3,3,2,1.5,1,0.2,1.25,0.5,2.06666666666667,-2.38162508909217,1.44676484008533,3.8283899291775,-0.919253935269738,1.30711617834422,4.1836806339474,0.218827668837826,0.111653359953478,0.358351893845611,1.79175946922805,0.8,0.548758624611157,8895.2,772,17723.2,6.4,1653,861,28374.6,7,469,38,320,2,1.93185165257814,0.999999999999999,0.517638090205043,-0.517638090205042,-1,"unclassified",NA
"1099659074365472768",4,5,4,1,1,2,2,3,1.66666666666667,3,0.75,2,1.4142135623731,1.8,0.375831003353519,0.425232569571573,0.049401566218054,0.375831003353519,0.395591629840741,1.53924474639639,0.0173368091152958,0.0684059038682708,0,0,0.25,0.463192754453886,828.25,514.5,102869.5,9.5,583,505,35240,6,619,510,41415,5,1.84775906502257,0.76536686473018,-0.000000000000000222044604925031,-0.76536686473018,-1.84775906502257,"unclassified",NA
"1099660445907120129",6,7,6,1,1,3,3,3,1.75,3,0.5,1.5,1,2.38095238095238,-0.16734054100082,1.22019000382734,1.38753054482816,0.0121838548638135,0.545309359396422,2.86235712666246,0.14652047595451,0.24407246745903,0.183102048111352,1.09861228866811,0.5,0.593128625567572,1388.5,1897.16666666667,39061.1666666667,5.5,5488.33333333333,2188.16666666667,49589.3333333333,7.16666666666667,9541,2348,23087,8,1.96961550602442,1.28557521937308,0.684040286651338,-0.000000000000000000000000110768761863604,-0.684040286651338,"unclassified",NA
"1099666389231693829",4,5,4,1,1,1,1,4,2.5,4,1,4,0,1.6,-0.922500336735371,-0.922500336735371,0,-0.922500336735371,-0.922500336735371,2.56876277724215,0.520644229162695,0.0638504026620841,0,0,0,0.944456142533778,135.5,409,26763.5,3.75,1240,340,30476,1,1240,340,30476,1,2,0,0,0,-2,"unclassified",NA
"1099667773356032000",27,29,27,2,2,5,6,12,4.83333333333333,5,0.185185185185185,1.92857142857143,1.49173547429654,4.00284090909091,-0.200543347564994,1.26992178483218,1.47046513239717,0.57411150655697,0.888109466097127,2.27554155902162,0.252959540106271,0.061742060017279,0.177314508991928,4.78749174278204,0.444444444444444,0.769498538084823,727.444444444444,384.851851851852,42298.8148148148,5.44444444444444,1329.11111111111,360.333333333333,75540.3333333333,6.11111111111111,299,133,1641,5,2.91861379601868,2.19265775280941,1.84367642585263,1.55074561977072,1.52427883352142,"viral",2
"1099668381530243073",10,11,10,1,1,3,3,8,2.75,8,0.8,3.33333333333333,4.04145188432738,2.21818181818182,-1.08083704610724,0.950530118995714,2.03136716510295,0.950530118995714,0.950530118995714,0.774240202181578,0.034835114736615,0.0390335189295739,0.0693147180559945,0.693147180559945,0.2,0.462095719979711,505.6,225.9,13760.5,6,154.1,155.6,952.6,6.6,99,102,50,7,2.8569700138728,1.35562617997426,0,0,0,"broadcast",1
"1099670285723291653",4,5,4,1,1,2,2,3,1.66666666666667,3,0.75,2,1.4142135623731,1.8,-0.222461846213892,-0.15366686971224,0.068794976501652,-0.15366686971224,-0.15366686971224,5.05653272703224,0.708783645064148,0.301164473537454,0,0,0.75,0.97419543740356,976.25,1766.25,110873.5,4,3958.25,4146.75,114903,4,4424,3905,73807,4,1.84775906502257,0.76536686473018,-0.000000000000000222044604925031,-0.76536686473018,-1.84775906502257,"unclassified",NA
"1099670763899101190",9,10,9,1,1,5,6,3,1.66666666666667,2,0.222222222222222,1.8,0.836660026534076,2.71111111111111,-1.47575867271664,0.550026770274824,2.02578544299146,-0.0277006578170371,0.413274545057319,1.40699900391414,0.254311137797427,0.248072433303845,0.853095944519801,7.67786350067821,0.888888888888889,0.647731714714917,1832.22222222222,745.777777777778,21313.6666666667,4.33333333333333,833.444444444444,306.333333333333,14397.4444444444,4.33333333333333,760,470,12382,5,2.25960557335048,1.50715866721797,1.13486735514664,0.578559842138831,0.000000000000000797154958087864,"viral",2
"1099673687320678401",1,2,1,1,1,1,2,1,1,1,1,1,0,1,0.893724280587398,0.893724280587398,0,0.893724280587398,0.893724280587398,0.693147180559945,0.0125289058417848,0.190515806988353,0,0,1,0.730403410954411,791,602,36990,6,610,419,16672,6,610,419,16672,6,1,-1,0,0,0,"unclassified",NA
"1099675084032110592",12,13,12,1,1,2,2,10,4.33333333333333,10,0.833333333333333,4,5.19615242270663,2.1025641025641,-0.945892165477591,0.807258137169483,1.75315030264707,-0.555098706927581,-0.555098706927581,1.94835515608018,0.0988504145586269,0.0538308420959164,0,0,0.833333333333333,0.773527079420683,4649.83333333333,4239.91666666667,108894.916666667,5.91666666666667,33500.0833333333,22368.5833333333,23182.4166666667,2.16666666666667,39331,26460,23898,1,3.19640275403903,1,0.884878202902354,0.00000000000000000242586146882585,0.0000000000000000000000000000000831417772833674,"broadcast",1
"1099675469891416065",11,12,11,1,1,6,6,3,1.71428571428571,2,0.181818181818182,1.57142857142857,0.786795792469443,3.27272727272727,-0.85197537180646,1.0129249208146,1.86490029262106,-0.186841413963338,1.00705280356688,1.98911791971046,0.190537175369808,0.102413864667169,0.38878782900146,4.27666611901605,0.818181818181818,0.664239826334363,327.818181818182,435.363636363636,16481.8181818182,3.90909090909091,612.545454545455,677.090909090909,25380,5.90909090909091,199,319,16243,2,2.23797329413409,1.78763985964881,1.31696299097035,0.886948733060338,0.524165710700819,"viral",2
"1099676866590457856",4,5,4,1,1,2,2,3,1.66666666666667,3,0.75,2,1.4142135623731,1.8,-0.463167801710455,0.843105392857752,1.30627319456821,-0.463167801710455,0.0593414761168282,2.70586288244415,0.347724150893357,0.232356446159176,0.274653072167028,1.09861228866811,1,0.974983579821843,18188,15362,169598.5,5.75,10763.75,7842.5,210638.75,7.25,10610,6829,204727,7,1.84775906502257,0.76536686473018,-0.000000000000000222044604925031,-0.76536686473018,-1.84775906502257,"unclassified",NA
"1099677952915042304",2,3,2,1,1,2,3,1,1,1,0.5,1,0,1.33333333333333,-0.298886014308827,0.0121162204984551,0.311002234807282,-0.143384896905186,-0.0500842264630013,1.242453324894,0.180832188337763,0.0867031661591572,0.346573590279972,0.693147180559945,1,0.452451685633671,2168,2050.5,10110.5,9.5,2019,1822.5,6084.5,7.5,501,370,1141,5,1.4142135623731,-0.0000000000000000806646416329215,-1.4142135623731,0,0,"unclassified",NA
"1099683602646867969",50,51,50,1,1,27,28,3,1.82142857142857,2,0.04,1.31578947368421,0.574468645576995,10.4156862745098,-1.84978931011359,1.94278111726521,3.7925704273788,0.00336873410049099,0.421507317585065,1.56252318802876,0.182683230983708,0.137033698185208,2.18811430052008,109.405715026004,0.88,0.79034219727298,17943.52,12484.28,36794.96,4.12,21633.28,14339.08,38048.86,4.18,25472,8621,35495,3,2.31303905590778,2.28356157290612,2.20297683770714,2.07657756330953,2.02729647073783,"viral",2
"1099687067133583363",3,4,3,1,1,1,1,3,2,3,1,3,0,1.5,-0.524206919115609,-0.524206919115609,0,-0.524206919115609,-0.524206919115609,4.46217431747131,0.126409139678689,0.214865263274415,0,0,0.333333333333333,0.5979058496553,4112.66666666667,2636.33333333333,73926,8.33333333333333,268941,1801,36611,11,268941,1801,36611,11,1.73205080756888,0,0,-1.73205080756888,0,"unclassified",NA
"1099692150634102785",6,7,6,1,1,2,2,4,2.33333333333333,4,0.666666666666667,3,1.4142135623731,2,-0.319155014403633,0.795473799241434,1.11462881364507,-0.319155014403633,0.795473799241434,1.98387272088445,0.428748325658228,0.0426130000355165,0,0,0.5,0.741814172684221,871,464.666666666667,68456,5,7869.33333333333,661,77418.6666666667,7.33333333333333,10323,694,102135,9,2.17532774716108,1.12603250061049,0.0000000000000000000000000000000470298551938408,0,-0.0000000000000000000000000000000470298551938408,"unclassified",NA
"1099692159048052738",5,6,5,1,1,1,1,5,3,5,1,5,0,1.66666666666667,-0.40840150267061,-0.40840150267061,0,-0.40840150267061,-0.40840150267061,1.52177412583825,0.00996256318576246,0.0696341558786047,0,0,0,0.65162320960824,207,252.8,12048.2,3.6,5365,295,11031,6,5365,295,11031,6,2.23606797749979,0,0,0,0,"unclassified",NA
"1099693425711087616",87,88,87,1,1,4,4,55,17.6,55,0.632183908045977,3.48,10.7514340128809,2.95559038662487,-0.863288266067491,0.960044846861243,1.82333311292873,-0.185206066019211,-0.0562720880258561,1.3401713195138,0.0622594903345135,0.0392079814854614,0.128829171547305,11.2081379246155,0.172413793103448,0.690072185716727,1560.36781609195,823.057471264368,41967.8965517241,5.95402298850575,6000.47126436782,427.310344827586,23749.6781609195,4.29885057471264,7430,0,198,3,7.4438569956519,1.9962215984293,1.92652735580498,1.73205080756888,1.71010887291122,"broadcast",1
"1099694528804544515",40,41,40,1,1,1,1,40,20.5,40,1,40,0,1.95121951219512,-0.701397514976996,-0.701397514976996,0,-0.701397514976996,-0.701397514976996,2.91674531614493,0.05011057590038,0.0391662750711899,0,0,0,0.774507449271951,899.975,758.75,96244.625,4.65,29271,31,18720,1,29271,31,18720,1,6.32455532033676,0,0,0,0,"broadcast",1
"1099694579123576833",21,22,21,1,1,12,12,6,1.69230769230769,3,0.142857142857143,1.61538461538462,1.44559454541846,5.13419913419913,-2.02604771768441,0.861115990651005,2.88716370833541,0.429449618242491,0.568438374029531,2.96899577754083,0.114929578407936,0.180310634318141,0.807273447323427,16.952742393792,0.619047619047619,0.764187626793969,794.619047619048,859.285714285714,27838.2380952381,4.95238095238095,2490.57142857143,1470.90476190476,29327.2857142857,4.95238095238095,1695,634,16857,9,2.72525936514446,1.99727693020072,1.89291267022832,1.58442795785433,1.38706368588298,"viral",2
"1099695183136985088",5,6,5,1,1,1,1,5,3,5,1,5,0,1.66666666666667,1.92119515584111,1.92119515584111,0,1.92119515584111,1.92119515584111,1.70311838200985,0.0550024896139585,0.00977750618030854,0,0,0,0.807783200144866,113.2,267.2,8999,4.8,556,32,114,2,556,32,114,2,2.23606797749979,0,0,0,0,"unclassified",NA
"1099696307193741312",14,15,14,1,1,5,5,4,2.5,3,0.214285714285714,1.75,0.707106781186548,3.5047619047619,-0.0864523508219665,0.946216225849062,1.03266857667103,0.669901382964923,0.738449544132202,3.06935846934502,0.629673454184788,0.161274392089381,0.785146393239338,10.9920495053507,0.428571428571429,0.925190379250322,350.428571428571,582.642857142857,20992.7142857143,4.5,377.571428571429,306.785714285714,17646.7142857143,5.28571428571429,56,27,1846,3,2.29788195980114,1.82011866841173,1.60458382890987,1.41421356237309,0.840541150824739,"viral",2
"1099698362419425288",12,13,12,1,1,4,4,7,2.6,7,0.583333333333333,2,2.44948974278318,2.76923076923077,-0.675580673147489,0.968796737828207,1.6443774109757,0.14705402279968,0.151394010343761,1.54002434556278,0.0264454799606478,0.0731454621070859,0.0577622650466621,0.693147180559945,0.583333333333333,0.621242638590915,495.916666666667,191,9307.33333333333,2.58333333333333,587.916666666667,312.833333333333,7401.08333333333,2.91666666666667,577,284,3943,4,2.73772653514356,1.58013521252244,1,0.839480718877929,0.550725205115673,"broadcast",1
"1099698630821322753",4,5,4,1,1,2,3,3,1.66666666666667,3,0.75,2,1.4142135623731,1.8,-1.01455091704122,-0.0750388166358708,0.939512100405349,-1.01455091704122,-0.63874607687908,1.61379964083503,0.255292012264614,0.230555519259696,0.173286795139986,0.693147180559945,1,0.568270793829839,1272.5,643.25,15337,3,2434.75,1411,13642.25,1.5,2150,1376,8276,0,1.84775906502257,0.765366864730179,0,-0.765366864730179,-1.84775906502257,"unclassified",NA
"1099699511633547264",52,53,52,1,1,34,34,5,1.51428571428571,4,0.0769230769230769,1.48571428571429,0.950895199626262,12.8403483309144,-1.59080712736461,1.26833721527025,2.85914434263486,0.378456452916552,0.493642156451805,1.72217372823718,0.160098288364701,0.298952509715966,1.86783534462344,97.1274379204187,0.903846153846154,0.829643489694109,13398.8461538462,12655.8461538462,71740.8846153846,5.34615384615385,18933.2884615385,17340.9615384615,62659.1923076923,4.94230769230769,10428,11274,7760,1,2.55676051034022,2.34538848628603,2.16877582353788,2.16312767787555,2.1069190621074,"viral",2
"1099699914316177409",5,6,5,1,1,3,3,2,1.5,2,0.4,1.66666666666667,0.577350269189626,2.13333333333333,-2.26765223294427,-0.146319538603238,2.12133269434103,-2.12212920804518,-0.146319538603238,2.02771193494312,0.0603682931789034,0.110509941329268,0,0,0.6,0.520343197008516,3271.8,620.8,153912.8,8.6,5419.8,798.6,219355,8.4,1925,486,194224,9,1.90211303259031,1.17557050458495,0,0,-1.17557050458495,"unclassified",NA
"1099700480546992129",8,9,8,1,1,3,3,5,2.25,5,0.625,2,2,2.38888888888889,-0.365585097171678,0.142122415394302,0.50770751256598,0.00718456126471071,0.0217934751883734,2.25323531769743,0.0892614448116628,0.132502224732817,0.0866433975699931,0.693147180559945,0.125,0.666213197291557,948.5,1334,30371.875,4.875,472392.125,3212.875,80909.375,7.125,755069,4532,108342,9,2.34670378277553,1.33346309950325,0.845492470794515,0.000000000000000444089209850063,-0.0000000000000000000000000000000000000000000000049532635245423,"unclassified",NA
"1099700908361990144",10,11,10,1,1,2,2,6,3.66666666666667,6,0.6,2.5,2.38047614284762,2.36363636363636,-1.29176545447975,-0.0670459176510987,1.22471953682865,-1.29176545447975,-0.257170480334878,1.89957468444451,0.153363085439753,0.153984734880931,0,0,0.8,0.469537587249528,989.4,658.6,42138.3,6.2,13611.7,5108.1,189622.8,7.9,21422,7614,257500,8,2.60123729864323,1.31041067482343,0.999999999999999,0.718601683449248,0.0000000000000010269572633281,"broadcast",1
"1099700941899612160",4,5,4,1,1,2,2,2,1.66666666666667,2,0.5,2,0,1.8,-1.35327857819922,-1.013159365687,0.34011921251222,-1.18321897194311,-1.013159365687,2.11658021526062,0.167640768168234,0.176382201696378,0,0,0.75,0.957497714222006,6743,6337.75,15867,2.25,19329.5,19661,50741,3,24065,25259,50641,6,1.84775906502257,0.765366864730179,0,-0.765366864730179,-1.84775906502257,"unclassified",NA
"1099702334391644160",71,73,71,2,2,8,8,35,8.11111111111111,35,0.492957746478873,3.73684210526316,7.0066801876111,4.3277972027972,-0.861288261474473,0.93394026713137,1.79522852860584,0.641738408819629,0.641738408819629,1.76436233893595,0.156411965550689,0.186140314536525,0.276890018500383,19.6591913135272,0.323943661971831,0.81991368517067,1871.83098591549,1264.87323943662,41176.676056338,3.97183098591549,40645.0845070423,3924.32394366197,78679.0845070423,5.56338028169014,72,12,6786,0,5.6661639934701,3.01631665064081,2.59314903182618,2.07589679972905,1.92146225350384,"viral",2
"1099702502167998464",7,8,7,1,1,1,1,7,4,7,1,7,0,1.75,0.357059711005964,0.357059711005964,0,0.357059711005964,0.357059711005964,2.23431011594297,0.173339611777487,0.00327133823198291,0,0,0,0.656971180581658,355,444.857142857143,58704.4285714286,5.42857142857143,705,0,7414,5,705,0,7414,5,2.64575131106459,0,0,0,0,"unclassified",NA
"1099705262016000000",9,10,9,1,1,4,4,4,2,4,0.444444444444444,1.8,1.30384048104053,2.73333333333333,-0.70910718574247,0.841011834136157,1.55011901987863,0.208536202884395,0.384766281992678,2.22048550483663,0.0168893895112803,0.0953732031275752,0,0,0.666666666666667,0.499214822223377,2019.55555555556,1337.88888888889,26805.6666666667,8,4513.44444444444,1270.22222222222,36857.5555555556,9.11111111111111,8344,1321,38137,10,2.25524504159781,1.55820625453879,1,0.697038787059019,0.0000000000000000251035052190996,"viral",2
"1099706373544251392",3,4,3,1,1,3,3,1,1,1,0.333333333333333,1,0,1.66666666666667,-3.61223363920002,-0.402858534677009,3.20937510452301,-0.737050874464065,-0.536535470591831,0.963457252632053,0.0120696035622198,0.305725787433104,0.231049060186648,0.693147180559945,1,0.41609007112196,173,177.333333333333,373.333333333333,3.66666666666667,492,445.666666666667,8216,6,1035,831,23742,9,1.6180339887499,0.618033988749895,-0.618033988749895,-1.61803398874989,0,"unclassified",NA
"1099707912836898816",15,16,15,1,1,1,1,15,8,15,1,15,0,1.875,-0.106881316495398,-0.106881316495398,0,-0.106881316495398,-0.106881316495398,2.91791554052208,0.0349346503261551,0.0573805992965271,0,0,0,0.597292784093185,397.6,754.2,46277.0666666667,3.86666666666667,7859,32,3631,2,7859,32,3631,2,3.87298334620742,0,0,0,0,"broadcast",1
"1099708093175345152",25,26,25,1,1,1,1,25,13,25,1,25,0,1.92307692307692,-0.890722000283172,-0.890722000283172,0,-0.890722000283172,-0.890722000283172,2.25831956137116,0.00303405353549964,0.0187957374073057,0,0,0,0.680298992990206,1348.08,1261.92,58251.96,4.88,5829195,191,2931,7,5829195,191,2931,7,5,0,0,0,0,"broadcast",1
"1099708734903853061",5,6,5,1,1,1,1,5,3,5,1,5,0,1.66666666666667,-0.800998659821353,-0.800998659821353,0,-0.800998659821353,-0.800998659821353,2.19840990107015,0.237070684138799,0.10171414002028,0,0,0,0.617779601537537,187.4,280.8,8123.2,2.2,642,325,8608,1,642,325,8608,1,2.23606797749979,0,0,0,0,"unclassified",NA
"1099709900941340672",8,9,8,1,1,4,5,4,1.8,1,0.125,1.6,0.894427190999916,2.55555555555556,-2.426916203276,0.907739117680748,3.33465532095675,-0.419755198289161,-0.258129000827506,1.87175634440153,0.389749749728103,0.0969246782278885,0.397256728793493,3.17805383034794,0.5,0.696957546689088,4325.5,2194.875,120063.375,5.125,5490.5,2531.875,141891.875,4.75,540,466,6402,1,2.21635493062018,1.51210517657721,0.895158509139025,0.00000000000000000000000000000000753390341281192,-0.00000000000000000000000000000000000000000000000111187011939835,"unclassified",NA
"1099710211303108608",45,46,45,1,1,3,3,37,11.5,6,0.133333333333333,9,15.2479506819769,2.30144927536232,-1.05489890176279,0.351945827653505,1.4068447294163,-0.915388339816643,-0.915388339816643,2.89052707766028,0.414598643400935,0.0896263575677,0.0308065413582198,1.38629436111989,0.0888888888888889,0.890391648864315,14311.2222222222,447.422222222222,61145.6,3.8,503723.444444444,147.244444444444,68352.4888888889,6.55555555555556,2204,291,39962,5,6.10011858292888,2.25456594657224,1,0.971114489088865,0.873167976877476,"broadcast",1
"1099713180899655690",7,8,7,1,1,4,4,2,1.6,2,0.285714285714286,1.75,0.5,2.5,-1.21882158748123,0.0868263231558759,1.30564791063711,-0.493407364177413,-0.0292204143107815,2.40618431217584,0.0725520537756812,0.0708717116486954,0,0,1,0.663070233834561,737.714285714286,392.571428571429,86636.8571428571,7,1587.42857142857,685.285714285714,87513.2857142857,7.14285714285714,3316,989,99708,7,2.07431329305194,1.4142135623731,0.834999618124466,0.000000000000000444089209850063,-0.000000000000000444089209850063,"unclassified",NA
"1099714560825741313",4,5,4,1,1,2,2,3,1.66666666666667,3,0.75,2,1.4142135623731,1.8,-0.148454147566597,-0.130256771025939,0.018197376540658,-0.148454147566597,-0.141175196950334,1.22070048064659,0.0167496642616583,0.0433132507400311,0,0,0.25,0.356622599557442,769.5,421,5222.75,7.5,1046,299,6827.25,5.75,1034,103,3974,5,1.84775906502257,0.765366864730179,0,-0.765366864730179,-1.84775906502257,"unclassified",NA
"1099715324151255041",10,11,10,1,1,3,3,4,2.75,4,0.4,3.33333333333333,1.15470053837925,2.4,-1.65205992838684,0.668523766885261,2.3205836952721,-1.57635280792196,-1.12737749296052,2.34719811229792,0.505630007908772,0.303134986610709,0.179175946922806,1.79175946922805,0.2,0.828720720655084,337.3,250.4,23069.8,2.9,3797.2,151.8,38390,5.2,9196,124,80867,10,2.52068557845496,1.5885678960212,1.05952642925977,0.000000000000000444969194432725,0.00000000000000000000000000000000609557872736055,"viral",2
"1099715366127890433",1,2,1,1,1,1,1,1,1,1,1,1,0,1,1.00428979879714,1.00428979879714,0,1.00428979879714,1.00428979879714,1.09861228866811,0.121029509615414,0.269662921348315,0,0,1,0.668101901686401,788,624,7426,4,489,250,6219,4,489,250,6219,4,1,-1,0,0,0,"unclassified",NA
"1099715584219115520",10,11,10,1,1,1,1,10,5.5,10,1,10,0,1.81818181818182,0.0540336865880899,0.0540336865880899,0,0.0540336865880899,0.0540336865880899,2.03171758336319,0.000899143557556164,0.0172657919329605,0,0,0,0.458562944522274,518.5,1064.1,30301.4,7.4,16452,1849,8116,10,16452,1849,8116,10,3.16227766016838,0,0,0,0,"broadcast",1
"1099716859291725824",7,8,7,1,1,4,4,3,1.6,2,0.285714285714286,1.75,0.957427107756338,2.53571428571429,-0.888447753619306,0.293072982824515,1.18152073644382,0.229816482395418,0.293072982824515,1.65302776758489,0.10354066530637,0.0619847473806394,0.198042051588556,1.38629436111989,0.571428571428571,0.581513802182683,3313.71428571429,1800.85714285714,104453.571428571,7.71428571428571,6367.28571428571,1823,38731.2857142857,7.57142857142857,3429,1005,4034,7,2.11199073625306,1.49637003386748,0.548061905011361,0.000000000000000444089209850063,-0.000000000000000444089209850063,"unclassified",NA
"1099718092404506624",18,23,18,5,5,3,4,8,5.75,8,0.444444444444444,1.8,1.13529242439509,2.08928571428571,-0.961940092684606,0.808262512702648,1.77020260538725,-0.310493227351961,-0.10473945449122,0.624768334784824,0.11299503231914,0.179327046047224,0.253574899525991,4.56434819146783,0.722222222222222,0.741219142400533,5078.27777777778,4996.77777777778,110177,5.22222222222222,7429.05555555556,8001.44444444444,178699,7,5711,5788,32853,9,2.32684626960465,2,1.6180339887499,1.60803807095072,1.4142135623731,"broadcast",1
"1099720139245793280",6,7,6,1,1,4,4,2,1.4,2,0.333333333333333,1.5,0.577350269189626,2.38095238095238,-2.97632015854991,0.22056861710411,3.19688877565402,-0.482649166398802,0.22056861710411,2.23248186701407,0.0270605426165376,0.112214554331119,0,0,0.833333333333333,0.625948620445065,4702.33333333333,1519.83333333333,80953.6666666667,8.66666666666667,8562,2346.83333333333,101344.333333333,9.16666666666667,3503,624,51952,9,1.96961550602442,1.28557521937308,0.684040286651337,-0.0000000000000000000000000000987825523896813,-0.684040286651338,"unclassified",NA
"1099720529303482368",65,66,65,1,1,5,5,40,11,40,0.615384615384615,4.64285714285714,10.2777365276537,3.10769230769231,-1.04203690179659,0.831581059461928,1.87361796125852,0.128288817692881,0.19890700636156,2.44021396720148,0.720910733431373,0.138111553399248,0.209669323896399,13.6285060532659,0.615384615384615,0.874456239444439,539.707692307692,657.153846153846,45353.9076923077,2.72307692307692,3204.32307692308,2276.27692307692,40049.7230769231,1.64615384615385,4114,2728,44448,1,6.35201658350581,2.76629208850495,1.97496886877555,1.60430258530688,1.4142135623731,"broadcast",1
"1099721498191790080",6,8,6,2,2,4,5,2,1.6,2,0.333333333333333,1.2,0.447213595499958,2.0625,-3.14819751901078,0.796262249730551,3.94445976874133,-1.6053242970558,-1.27989683300966,1.54788356885205,0.777945501026243,0.259979501503077,0.383764182165674,2.30258509299405,0.5,0.970937851880785,141.166666666667,190.666666666667,1151.33333333333,1.66666666666667,139.666666666667,123.666666666667,1256,1.33333333333333,99,47,1041,0,1.90211303259031,1.17557050458495,1,0.000000000000000152018271949447,0.000000000000000107480433014244,"unclassified",NA
"1099723217839763460",30,31,30,1,1,2,2,27,10.3333333333333,27,0.9,7.5,13,2.11612903225806,-1.2679814978301,-0.135734373407021,1.13224712442308,-1.2679814978301,-1.2679814978301,3.81746000269706,0.0650560229194995,0.0696390272839512,0,0,0.133333333333333,0.62067841065032,1843.83333333333,781.8,73415.0666666667,6,399571.5,3010.93333333333,123149.533333333,6.26666666666667,443285,3146,117897,6,5.2071947388785,1,0.999999999999999,0.940809731771521,0.0000000000000000933046351981673,"broadcast",1
"1099724174166249473",9,10,9,1,1,1,1,9,5,9,1,9,0,1.8,0.138106327646261,0.138106327646261,0,0.138106327646261,0.138106327646261,1.48684955281493,0.178449727339216,0.0335904214038987,0,0,0.222222222222222,0.904604529316418,579.777777777778,726.555555555556,16349.2222222222,2.22222222222222,120,213,1285,0,120,213,1285,0,3,0,0,0,0,"broadcast",1
"1099724652300124160",79,80,79,1,1,6,6,49,11.4285714285714,49,0.620253164556962,3.16,9.56852479051325,3.11044303797468,0.100180549342442,2.09310886451657,1.99292831517413,1.18787851920983,1.18787851920983,0.80480654023926,0.023229996534126,0.04639666913398,0.00877401494379677,0.693147180559945,0.341772151898734,0.791127109783692,552.278481012658,425.189873417722,17532.8481012658,4.43037974683544,3567.48101265823,3511.58227848101,11858.8860759494,5.63291139240506,5304,5384,5277,6,7.02712610902456,2.10830599898867,1.73205080756888,1.70587095282975,1.49559040875748,"broadcast",1
"1099724664904003586",12,13,12,1,1,2,2,10,4.33333333333333,10,0.833333333333333,4,5.19615242270663,2.1025641025641,-1.73986803116914,0.759571748455417,2.49943977962456,-1.73986803116914,-1.73986803116914,2.70103299141572,0.000980793450400143,0.0288439607252718,0,0,0.5,0.560202458120425,1121.33333333333,825.75,46246.8333333333,6.16666666666667,6185,3357.41666666667,151146.166666667,7.66666666666667,7030,3953,177463,8,3.19640275403903,1,0.884878202902353,0,0,"broadcast",1
"1099724857841991680",3,4,3,1,1,1,2,3,2,3,1,3,0,1.5,-0.969457238558745,-0.969457238558745,0,-0.969457238558745,-0.969457238558745,1.85864970104877,0.667434856221328,0.108431119680084,0,0,0.333333333333333,0.866737513019458,352,610.666666666667,32635.3333333333,2.66666666666667,757,666,131391,7,757,666,131391,7,1.73205080756888,0,0,-1.73205080756888,0,"unclassified",NA
"1099725776377659393",6,7,6,1,1,3,3,3,1.75,3,0.5,2,1,2.28571428571429,-1.12727984207223,0.719957225090933,1.84723706716316,-0.325484616374774,0.719957225090933,0.913439820556999,0.0112161519651644,0.0399113543853171,0,0,0.333333333333333,0.585951418321775,170.833333333333,356.333333333333,4111.33333333333,4,3280.5,2787.66666666667,3693.16666666667,5.5,6278,5369,1517,7,2,1.4142135623731,0.000000000000000888178419700125,0,-0.000000000000000444089209850063,"unclassified",NA
"1099727651223322624",10,11,10,1,1,6,6,3,1.57142857142857,3,0.3,1.42857142857143,0.786795792469443,3.30909090909091,-1.04585777674512,-0.499844666177619,0.546013110567501,-0.592885158884956,-0.565577881083204,1.86826320000667,0.0348959933165236,0.0882601731309977,0.0693147180559945,0.693147180559945,0.7,0.639814827741411,3008.9,1958.3,74885.8,6.4,3114.3,1994.5,70086.9,7.1,1102,364,31296,10,2.13012781192106,1.68797395508782,1.22919146361455,1,0.319980901934303,"viral",2
"1099727697385844736",60,61,60,1,1,8,8,29,6.77777777777778,29,0.483333333333333,3,6.28280862437543,4.30819672131148,0.635010224495248,1.40638200542311,0.771371780927862,1.07109368115374,1.127235192805,1.46114236031076,0.110866861942136,0.132957391244268,0.421185718745964,25.2711431247578,0.616666666666667,0.741142684815208,6317.55,5166.9,26705.3666666667,3.35,56074.3833333333,34032.9,25945.0666666667,1.46666666666667,105114,60266,25029,1,5.39960877174309,3.01503957427721,2.1096371858659,1.81426907748152,1.79467423736518,"viral",2
"1099728766904004608",3,4,3,1,1,2,2,2,1.33333333333333,2,0.666666666666667,1.5,0.707106781186548,1.66666666666667,-1.81544366406436,-0.0170555562728301,1.79838810779153,-0.0170555562728301,-0.0170555562728301,2.12330032760941,0.331202519474631,0.0377559801376716,0,0,0.333333333333333,0.874146777834049,1504,1656.33333333333,105659.666666667,5,2567.66666666667,614.666666666667,30050,4,3619,34,31467,4,1.61803398874989,0.618033988749895,-0.618033988749895,-1.61803398874989,0,"unclassified",NA
"1099730583058636802",5,6,5,1,1,2,2,4,2,4,0.8,2.5,2.12132034355964,1.86666666666667,-0.635366263229542,0.383983773979294,1.01935003720884,0.383983773979294,0.383983773979294,3.73424408377121,0.044996543909324,0.101147140117978,0,0,0.2,0.776411432494132,817.4,571.4,35918.8,6.2,68707.6,446.8,50394.4,7.2,85688,357,62086,8,2.07431329305194,0.834999618124467,0,0,-0.834999618124466,"unclassified",NA
"1099731082189201408",62,64,62,2,2,11,15,22,5.33333333333333,22,0.354838709677419,2.13793103448276,3.49207406576495,6.77977919814062,-0.886485819402229,1.31238419487653,2.19887001427876,0.399841754868822,0.67379793966417,1.6755723773261,0.225166638572428,0.137415088877232,1.13651020960374,70.4636329954321,0.645161290322581,0.89041556620764,23064.0161290323,18997.435483871,97003.8387096774,4.83870967741935,33474.0967741935,26944.5967741935,87214.1935483871,5.09677419354839,21891,16724,29366,1,4.50875959902205,2.38336267672347,2.28104960343113,2.06283353707015,1.91210389177745,"viral",2
"1099731208009732096",34,35,34,1,1,10,10,5,3.18181818181818,2,0.0588235294117647,2.125,1.1474609652039,5.49579831932773,-1.007831151538,1.29983629325569,2.30766744479369,0.568844730658441,0.888247718565934,1.33543026624306,0.0250873436329941,0.245966206319941,1.28475463482664,43.6816575841059,0.852941176470588,0.745883791424638,9742.64705882353,4806.02941176471,79701.6176470588,5.14705882352941,15570.8235294118,7713.11764705882,118559.176470588,4.91176470588235,2645,779,16964,1,2.64882072823073,2.4987755856996,2.24874850612082,2.10150297118906,1.71334198060265,"viral",2
"1099733800077152256",3,4,3,1,1,2,2,2,1.33333333333333,2,0.666666666666667,1.5,0.707106781186548,1.66666666666667,-1.43169235677806,-1.24438333166498,0.18730902511308,-1.43169235677806,-1.31930694171021,3.21425730943806,0.289867105405278,0.189778442864863,0,0,0.666666666666667,0.483927846753751,758.333333333333,551.666666666667,14696,2.33333333333333,1810.66666666667,422.333333333333,14496,4,2300,175,18917,6,1.61803398874989,0.618033988749895,-0.618033988749895,-1.61803398874989,0,"unclassified",NA
"1099733883975815168",31,32,31,1,1,4,4,27,6.4,27,0.870967741935484,7.75,12.8419884233972,2.36895161290323,-2.38556257775323,0.000568994088076273,2.38613157184131,-2.38556257775323,-2.38556257775323,1.97444463215952,0.16890090397251,0.0506066789150225,0.0223595864696756,0.693147180559945,0.129032258064516,0.562562688221757,1990.58064516129,1478.06451612903,65511.1612903226,6.48387096774194,38760.1612903226,1863.64516129032,39775.6774193548,9.32258064516129,44260,1897,44026,10,5.200159709661,1.83797702190036,0.761695123382517,0.000000000000000000000000000000140375522692193,0.0000000000000000000000000000000421452939877171,"broadcast",1
"1099734227891994624",82,83,82,1,1,5,5,48,13.8333333333333,48,0.585365853658537,5.46666666666667,12.0111059718357,3.34763444019982,-1.25603068313839,1.14846558258995,2.40449626572834,-0.627592717170596,0.562540715062678,1.68360296975587,0.0851270601300233,0.116254152831787,0.102872551248484,8.43554920237573,0.280487804878049,0.748072890182324,2740.84146341463,2334.87804878049,65152.9268292683,6.85365853658537,27755.1341463415,6182.42682926829,42888.756097561,8.19512195121951,33530,4905,19500,8,6.95572993997382,2.98637128335047,2.85582375000703,2.09659034760402,1.99411598717362,"broadcast",1
"1099735289050943489",83,84,83,1,1,6,6,48,12,48,0.578313253012048,3.32,9.34398202053065,3.57630522088353,-0.727049198454774,2.16780968088369,2.89485887933846,0.275236527489656,0.64502519655162,1.18917272448394,0.107034683628139,0.0836186988100535,0.0215874634846754,1.79175946922805,0.44578313253012,0.717142709359298,1010.07228915663,680.33734939759,40274.8674698795,4.34939759036145,9670.60240963855,4556.77108433735,105669.397590361,6.69879518072289,14974,7232,134163,8,6.95165560124073,2.3333096286843,2.07156405672975,2.03951857049684,1.98607017438366,"broadcast",1
"1099736056629547008",8,9,8,1,1,2,2,7,3,7,0.875,4,4.24264068711928,1.94444444444444,-0.742409623214483,-0.577501406273327,0.164908216941156,-0.577501406273327,-0.577501406273327,2.31940285320732,0.0347914213175514,0.0628034728377135,0,0,0.125,0.710436401088903,16361.125,1372.5,38221.125,5.75,83414.125,491.25,14799.375,8.25,78530,426,13183,8,2.67624319899526,0.915271730051585,0.0000000000000000000000000000000000000000000000154596111822722,0.00000000000000000000000000000000000000000000000000000000000000121543267145725,0.000000000000000000000000000000000000000000000000000000000000000911574503592941,"unclassified",NA
"1099736480224821249",7,8,7,1,1,2,2,4,2.66666666666667,4,0.571428571428571,2.33333333333333,1.52752523165195,2.21428571428571,-0.174205807315068,1.56495748700934,1.73916329432441,0.976913293180583,0.976913293180583,1.89464695952355,0.0870887359172802,0.097700969125187,0,0,0.285714285714286,0.628408271950384,7169.28571428571,1886.42857142857,15722.4285714286,7.71428571428571,5250.14285714286,1317.14285714286,1991.57142857143,6.85714285714286,375,249,1398,7,2.22158329395277,1.23991998815457,0.726062043495419,0.00000000000000000000000000000000616297582203915,-0.00000000000000000000000000000000616297582203915,"unclassified",NA
"1099738011150024705",4,5,4,1,1,4,4,1,1,1,0.25,1,0,2,0.749530218822,0.965774044094053,0.216243825272053,0.809577985175153,0.882826664445954,3.78214075832695,0.463609321012504,0.0855107111748896,0.346573590279972,1.38629436111989,1,0.786445159549786,2346.25,3779.25,72395.75,6.75,2329.25,3040.75,65146.75,5.5,657,277,17267,1,1.73205080756888,1,-0.00000000000000000326729699421342,-1,-1.73205080756888,"unclassified",NA
"1099738237663367169",3,4,3,1,1,1,1,3,2,3,1,3,0,1.5,0.152902807678987,0.152902807678987,0,0.152902807678987,0.152902807678987,4.65208313810263,0.00902333697821602,0.0393770783195626,0,0,0,0.972128544662195,2643,3936,80807.6666666667,7.66666666666667,186326,720,43745,8,186326,720,43745,8,1.73205080756888,0,0,-1.73205080756888,0,"unclassified",NA
"1099740406118473728",4,5,4,1,1,4,4,1,1,1,0.25,1,0,2,-4.24814711985014,0.40739190810425,4.65553902795439,-0.0997398268080325,0.404241452962258,1.40510021642929,0.0706314381728621,0.101303253208809,0,0,0.75,0.653062513078709,410.25,332.75,9607,4.75,336.25,285.5,8849,3.5,33,110,645,1,1.73205080756888,1,-0.00000000000000000326729699421342,-1,-1.73205080756888,"unclassified",NA
"1099740791986106369",7,8,7,1,1,3,3,4,2,4,0.571428571428571,2.33333333333333,1.52752523165195,2.35714285714286,-1.85597988466863,-1.20746440604735,0.64851547862128,-1.3724210474438,-1.24045573432664,1.63481485656118,0.269331014819414,0.0802971335637679,0,0,0.428571428571429,0.967629777474366,11046.1428571429,6859.71428571429,39180.1428571429,3.85714285714286,34722.8571428571,29965.5714285714,27949.5714285714,4.85714285714286,50222,44142,37662,7,2.14896114174963,1.54336191842682,0.000000000000000190840329103605,0.0000000000000000148783246850924,0,"unclassified",NA
"1099741584688640002",1,2,1,1,1,1,2,1,1,1,1,1,0,1,-0.464066361473754,-0.464066361473754,0,-0.464066361473754,-0.464066361473754,2.30258509299405,0.014674788594242,0.373287671232877,0,0,1,0.970700636942675,4721,2484,25556,2,9480,9164,44648,1,9480,9164,44648,1,1,-1,0,0,0,"unclassified",NA
"1099741593106407425",5,6,5,1,1,3,3,3,1.5,3,0.6,1.66666666666667,1.15470053837925,2.13333333333333,-2.89748993453849,-1.97322447627723,0.92426545826126,-1.97322447627723,-1.97322447627723,2.23284373813613,0.376082758833151,0.0647098330442667,0,0,0.2,0.573427498142829,707.6,865,32019.6,6.2,23364.2,666.2,24280.4,8,38663,408,19996,9,1.90211303259031,1.17557050458495,0.00000000000000000000000000000000000000000000000427642353614751,-0.000000000000000222044604925031,-1.17557050458495,"unclassified",NA
"1099741878310846466",21,22,21,1,1,4,4,9,4.4,9,0.428571428571429,2.33333333333333,2.59807621135332,3.15151515151515,-0.809832501702339,1.75000275798749,2.55983525968983,-0.384044743945883,0.00113482488022135,0.978443388973079,0.0100975986293058,0.0363696073830036,0.13202803439237,2.77258872223978,0.857142857142857,0.556938851349366,527.714285714286,395.190476190476,17127.3333333333,5.61904761904762,612.571428571429,318.619047619048,10734.2857142857,5.47619047619048,344,212,1606,4,3.17616121172155,1.84627289504349,1.64804498569462,1.30818770703277,1.14635446578472,"viral",2
"1099742410978975744",5,6,5,1,1,2,2,3,2,2,0.4,1.66666666666667,0.577350269189626,2.13333333333333,-2.77160174321102,0.814013865676041,3.58561560888706,-0.58399713643788,0.814013865676041,2.85633335909622,0.0401828053372956,0.2452031261661,0.138629436111989,0.693147180559945,0.8,0.309373786880904,20602,3230.8,51939.2,8.4,40321,6251.8,59309.2,9.8,12481,7657,51857,10,1.90211303259031,1.17557050458495,0.000000000000000444089209849895,-0.00000000000000000000000000000000308148791101958,-1.17557050458495,"unclassified",NA
"1099744461993709568",7,8,7,1,1,3,3,4,2,4,0.571428571428571,1.75,1.5,2.39285714285714,-0.249707229554926,0.912989024747156,1.16269625430208,-0.249707229554926,0.622741690569963,2.01429997895797,0.150987470141124,0.0956632542685704,0.0990210257942779,0.693147180559945,0.428571428571429,0.524340764112123,225.571428571429,259.857142857143,946.142857142857,4.85714285714286,241.571428571429,168.285714285714,639.714285714286,4.42857142857143,291,178,431,4,2.15663937850934,1.31381484427441,0.789174978079666,0.000000000000000108993402065736,-0.00000000000000018413148001022,"unclassified",NA
"1099745779000893441",9,10,9,1,1,1,1,9,5,9,1,9,0,1.8,-0.0973476846779255,-0.0973476846779255,0,-0.0973476846779255,-0.0973476846779255,2.70190297687923,0.0305416658322003,0.123947098952162,0,0,0,0.668583057668621,101.555555555556,715.222222222222,8284.66666666667,4.11111111111111,5279,820,23843,5,5279,820,23843,5,3,0,0,0,0,"broadcast",1
"1099746844345683969",5,6,5,1,1,3,3,2,1.5,2,0.4,1.66666666666667,0.577350269189626,2.13333333333333,-1.76166850820201,0.692262118597174,2.45393062679918,-0.865728624948533,0.692262118597174,1.77232671953732,0.142633998626267,0.164114919430904,0,0,0.6,0.597951125091696,244,437.4,14165.8,5.6,446.8,500,11685.4,7,542,522,6264,7,1.90211303259031,1.17557050458495,0.00000000000000000000000000000000000000000000000427642353614751,-0.000000000000000222044604925031,-1.17557050458495,"unclassified",NA
"1099747561584427008",1,2,1,1,1,1,3,1,1,1,1,1,0,1,0.806198914420673,0.806198914420673,0,0.806198914420673,0.806198914420673,0,0.188631938104,0.0775086505190311,0,0,0,0.980288097043215,128,1462,1756,1,1177,1469,14481,7,1177,1469,14481,7,1,-1,0,0,0,"unclassified",NA
"1099753811093213184",6,7,6,1,1,2,2,3,2.33333333333333,3,0.5,2,1,2.19047619047619,-0.672736804072894,0.307595570959263,0.980332375032157,-0.536118656265414,0.307595570959263,3.50192224432108,0.455534019358383,0.117251211710586,0,0,0.666666666666667,0.504181250019449,984.5,748.166666666667,12129.3333333333,4.5,13061.6666666667,515.5,15899.8333333333,7.83333333333333,24000,164,12387,10,2.05288084003372,1.20864019757292,0.569972919912301,0,-0.569972919912301,"unclassified",NA
"1099754855491461120",23,24,23,1,1,4,4,13,4.8,13,0.565217391304348,2.875,4.15546112277051,3.28260869565217,-2.11769714832544,0.885358356430727,3.00305550475617,-0.530678461777809,-0.278193532600199,1.35125460190041,0.0725097906928009,0.0944810695424112,0.0779025856186111,1.79175946922805,0.608695652173913,0.524687087170381,1105.17391304348,972,28447.8260869565,4.43478260869565,1410.73913043478,1058.26086956522,30824.5217391304,6.08695652173913,689,988,6141,7,3.64294824085854,2.16274058143044,1.59825568386619,1.11176284316403,0.952052508326937,"broadcast",1
"1099755581106212864",12,13,12,1,1,3,3,8,3.25,3,0.25,4,3.60555127546399,2.20512820512821,-1.36637956352547,-0.123357812374334,1.24302175115114,-1.36637956352547,-0.542761689259386,2.15523634300599,0.0150218455960519,0.0205150694918455,0,0,0.166666666666667,0.578463562080089,1729.66666666667,705.166666666667,90342.8333333333,6.75,7562.5,527.666666666667,372571.833333333,8.75,1338,96,111023,8,3.0642835942977,1.32883709486653,0.918889563018683,0.0000000000000000414066341132043,0.0000000000000000000000000000000204457677379088,"viral",2
"1099755589507395584",4,5,4,1,1,2,2,2,1.66666666666667,2,0.5,1.33333333333333,0.577350269189626,2,-1.21203483189209,1.05867169671512,2.27070652860721,-0.839796140308552,0.14293420945104,2.42577087204785,0.179082107017001,0.148131867078049,0.173286795139986,0.693147180559945,0.5,0.667593750261757,975.25,1252.75,5923.75,6,796.5,940.25,5322,6.25,257,555,1162,7,1.73205080756888,1,0,-1,-1.73205080756888,"unclassified",NA
"1099755983755247617",10,11,10,1,1,4,4,5,2.2,5,0.5,2,1.73205080756888,2.8,-0.764262671305947,0.325613274387681,1.08987594569363,-0.051978698898594,0.0235396957586607,3.49272290145189,0.297299588993047,0.435075495008349,0.138629436111989,1.38629436111989,0.6,0.844473826648649,890,434.2,509202.9,3.1,5473,1922.9,1283571.9,5.5,9853,3079,2110035,7,2.40912564202269,1.58358729009917,1.17994715571206,0.544141199792956,0.000000000000000000545932357542502,"viral",2
"1099756206049161217",5,6,5,1,1,4,4,2,1.2,2,0.4,1.25,0.5,2.33333333333333,-1.62717439013275,-1.51730741073828,0.10986697939447,-1.62415651995497,-1.57276599230902,2.73992115146393,0.106177305383675,0.206861250990632,0.358351893845611,1.79175946922805,0.6,0.27800613374561,1203,306.8,32552.6,2.4,1322.8,265,10036.8,1,1184,188,11157,1,1.80193773580484,1.24697960371747,0.445041867912629,-0.445041867912629,-1.24697960371747,"unclassified",NA
"1099756956837920768",8,9,8,1,1,2,2,4,3,4,0.5,4,0,2.11111111111111,-1.41328317542411,-0.314024800351234,1.09925837507288,-0.863653987887672,-0.314024800351234,1.53739982793996,0.182075836342766,0.107541832447611,0,0,0.25,0.600877824179428,972.5,1026.125,5469.125,3,4073,1515,14405,1.5,2224,60,1378,1,2.44948974278318,1.41421356237309,0.000000000000000888178419700125,0.0000000000000000000000000000000116393812793449,0,"unclassified",NA
"1099757674076561408",6,7,6,1,1,3,3,3,1.75,3,0.5,2,1,2.19047619047619,-0.286342577418354,0.921262357090319,1.20760493450867,0.213819924556573,0.713982426531499,1.51705160462708,0.0612513674644694,0.161438736308944,0.115524530093324,0.693147180559945,0.5,0.639893514604023,108.166666666667,252,358.5,4.5,927,114.333333333333,3761.83333333333,4.66666666666667,1650,28,6628,6,2.05288084003372,1.20864019757292,0.569972919912301,-0.00000000000000000000000000285982818250293,-0.569972919912301,"unclassified",NA
"1099759624419491842",9,10,9,1,1,1,1,9,5,9,1,9,0,1.8,-0.710336435104666,-0.710336435104666,0,-0.710336435104666,-0.710336435104666,1.59052050716776,0.0151180486286903,0.0102380589381499,0,0,0,0.630505694260473,2170.55555555556,2501.88888888889,27294.7777777778,8.33333333333333,98523,323,2515,10,98523,323,2515,10,3,0,0,0,0,"broadcast",1
"1099759653783773185",12,13,12,1,1,3,3,6,3.25,6,0.5,3,2.44948974278318,2.56410256410256,-0.353647434499599,1.04083861305312,1.39448604755272,-0.305119103478064,1.04083861305312,1.80523244612113,0.21992404320958,0.0892729824224511,0.231049060186648,2.77258872223978,0.5,0.702376932551917,998.583333333333,653.75,25723.5833333333,4.5,1847.33333333333,565.75,13123.6666666667,4.33333333333333,999,396,3286,3,2.71519452770313,1.73205080756888,1.27582078550672,0.000000000000000101971797488785,0,"broadcast",1
"1099761008543969280",10,11,10,1,1,4,4,5,2.2,1,0.1,1.66666666666667,1.63299316185545,2.50909090909091,-4.24814711985014,1.9706006168993,6.21874773674944,0.829305405148462,0.843862911363795,1.92598065034978,0.0821328627467629,0.24560190229464,0.387120101090789,3.87120101090789,0.5,0.525196989100613,1455.6,831.9,3966.6,8.5,5988.8,1671.2,5549.9,9.5,349,404,1734,7,2.56458367871599,1.35887184636898,1,0.759195534766439,0.0000000000000000393770609288517,"viral",2
"1099761667037061120",9,10,9,1,1,3,3,4,2.5,4,0.444444444444444,3,1,2.4,-0.454806279995235,0.120190073141088,0.574996353136323,-0.0396671924973703,0.0242757137580131,1.47870646439606,0.173551371223412,0.11861073555708,0.0770163533955494,0.693147180559945,0.333333333333333,0.728015081445647,658.555555555556,1041.55555555556,63146.3333333333,6,2089.33333333333,1385,35129.7777777778,5.44444444444444,3081,2220,11073,4,2.38098279882117,1.57353856098862,0.924606569736327,0.0000000000000000000000000000000119587240349831,-0.0000000000000000000000000000000000000000000000000000000000000000195743138690917,"viral",2
"1099762073871863808",5,6,5,1,1,2,2,4,2,4,0.8,2.5,2.12132034355964,1.86666666666667,-1.41614121963853,-0.596390249186281,0.819750970452249,-0.596390249186281,-0.596390249186281,1.54848040436316,0.43538000324807,0.059699164787896,0,0,0.2,0.706701716171177,204.2,334,29846.8,6.8,177.6,286,18825,3.4,120,297,9469,2,2.07431329305194,0.834999618124466,0,0,-0.834999618124466,"unclassified",NA
"1099764192012308481",6,7,6,1,1,3,3,3,1.75,1,0.166666666666667,1.5,0.577350269189626,2.19047619047619,-0.729609472705817,0.616589413683612,1.34619888638943,-0.084306161912281,0.616589413683612,3.65490693316303,0.248006368857644,0.243409018582666,0.414151108298,2.484906649788,0.5,0.562764523968726,1337.16666666667,262.666666666667,14899.3333333333,7,2647,242.5,28428.5,6.66666666666667,1153,547,15620,8,2.05288084003372,1.20864019757292,0.569972919912301,0.000000000000000222044603991951,-0.569972919912301,"unclassified",NA
"1099766188484292611",5,6,5,1,1,1,1,5,3,5,1,5,0,1.66666666666667,-0.574898111550462,-0.574898111550462,0,-0.574898111550462,-0.574898111550462,3.69156385818026,0,0.0184907332702729,0,0,0,0.982461309182621,280.2,1419.4,12842.2,2.4,110979,241,88160,7,110979,241,88160,7,2.23606797749979,0,0,0,0,"unclassified",NA
"1099766721186054149",12,13,12,1,1,2,2,11,4.33333333333333,11,0.916666666666667,6,7.07106781186548,1.97435897435897,-0.833361485360361,-0.640270475329777,0.193091010030584,-0.833361485360361,-0.833361485360361,3.75742547617796,0.0271896668347162,0.0345346841799271,0,0,0,0.740458155727245,463.916666666667,1276.08333333333,30365.4166666667,3.58333333333333,4588.83333333333,143,10054.4166666667,1.41666666666667,4859,52,7281,1,3.33151909998919,0.949199919093559,0.0000000000000000000000000000000000000000000000424119042718238,0.000000000000000000000000000000000000000000000000000000000000000856151124635789,0.000000000000000000000000000000000000000000000000000000000000000000000000000000202410200510026,"broadcast",1
"1099766838630801408",4,5,4,1,1,4,4,1,1,1,0.25,1,0,2,-1.58524688216524,0.788409917389565,2.37365679955481,-0.24229350126555,0.295388105316353,1.78865383922842,0.116236654760002,0.109553152246814,0.346573590279972,1.38629436111989,0.75,0.783574139028718,328.25,1102.5,6902.25,7.5,386.75,1098.75,6802.75,7.5,571,937,2763,10,1.73205080756888,1,0,-1,-1.73205080756888,"unclassified",NA
"1099767375468134400",5,6,5,1,1,1,1,5,3,5,1,5,0,1.66666666666667,-1.62717439013275,-1.62717439013275,0,-1.62717439013275,-1.62717439013275,1.03859137017804,0.014499596218277,0.101846230290908,0,0,0.4,0.621146471618795,2416.4,543.4,44871.2,4,5103,1626,90443,7,5103,1626,90443,7,2.23606797749979,0,0,0,0,"unclassified",NA
"1099768063338135552",20,21,20,1,1,5,5,8,3.5,8,0.4,4,3.24037034920393,3.04761904761905,-1.82350159344139,0.822809024190554,2.64631061763194,-0.378289152596794,-0.313592662201061,1.51084776361171,0.0929903005183403,0.235730908103639,0.173286795139986,3.46573590279972,0.7,0.804382774161483,2754.3,2388.15,154150.6,6.3,29403.55,26193.8,187849.15,8.1,54424,47052,224847,9,3.06486262958623,2.68235368684305,1.51792845013405,0.863658033415829,0.601318369946635,"viral",2
"1099770043053813760",9,10,9,1,1,3,3,4,2.5,3,0.333333333333333,1.8,1.09544511501033,2.6,-0.903670449862335,0.63210643761586,1.5357768874782,0.511520267205572,0.545548504441112,1.78685155608215,0.0953753808682631,0.167682037735625,0.231049060186648,2.07944154167983,0.666666666666667,0.50160288964701,1686.88888888889,822.777777777778,62142.3333333333,5.11111111111111,1492,904.333333333333,22484.2222222222,5.11111111111111,1404,1428,5459,7,2.28533220910099,1.45340590313272,1,0.688039038402535,0.437573144078419,"viral",2
"1099770072430727168",49,50,49,1,1,8,8,20,5.55555555555556,20,0.408163265306122,3.5,5.28786709945877,4.46530612244898,-0.645049717688638,0.921203829656779,1.56625354734542,0.570511172731635,0.651646559021405,1.85547534556838,0.0553266947505449,0.12705558791345,0.319162341295078,15.6389547234588,0.612244897959184,0.650440339629184,1399.10204081633,1436.04081632653,54213.1632653061,6.40816326530612,11430.4897959184,3873.28571428571,49562.7142857143,7.18367346938776,21634,5787,56643,10,4.49684203118149,3.34883712162544,2.39822429993177,1.80730851421924,1.60753302098111,"viral",2
"1099770768664260608",3,4,3,1,1,2,2,2,1.33333333333333,2,0.666666666666667,1.5,0.707106781186548,1.66666666666667,0.614595222136977,0.953709133333794,0.339113911196817,0.614595222136977,0.818063568855067,3.35668691745398,0.0678281032158775,0.0681840907730075,0,0,0.333333333333333,0.727975949483408,800.666666666667,1029,28809.6666666667,3,1044.33333333333,175,8151.33333333333,2.66666666666667,1137,0,1395,3,1.61803398874989,0.618033988749895,-0.618033988749895,-1.61803398874989,0,"unclassified",NA
"1099771456550973445",6,7,6,1,1,6,6,1,1,1,0.166666666666667,1,0,2.66666666666667,-1.66175144265833,-0.612761562753879,1.04898987990445,-0.926383344125397,-0.70422286688076,0.816306633325152,0.543673979541468,0.19767750936169,0.730337772445647,4.38202663467388,0.833333333333333,0.426936703657948,946.333333333333,1070,38701.6666666667,3.83333333333333,750.166666666667,1068,29981.1666666667,3.33333333333333,848,850,74872,4,1.84775906502257,1.41421356237309,0.765366864730179,0,-0.765366864730179,"unclassified",NA
"1099772215711674371",44,45,44,1,1,2,2,42,15,42,0.954545454545455,14.6666666666667,23.6713610367747,2.04040404040404,-1.04906633223158,-0.259928752559073,0.789137579672507,-1.04906633223158,-1.04906633223158,2.30358186548143,0.0284970951257486,0.0656007388315278,0,0,0.0454545454545455,0.713425509130604,1430.04545454545,1452.06818181818,78466.5,7,5994374.54545455,438.795454545455,107246.25,10.75,6279741,275,106789,11,6.48449863813962,0.999999999999999,0.975334512854684,0.00000000000000215426116748017,0.00000000000000137319650482405,"broadcast",1
"1099772349942059009",9,10,9,1,1,4,4,6,2,6,0.666666666666667,2.25,2.5,2.55555555555556,-1.72277109774798,-0.470710138884152,1.25206095886383,-1.57230529978718,-1.51645599295282,2.2372459485296,0.044093370122126,0.102085842887148,0.154032706791099,1.38629436111989,0.222222222222222,0.410255302454264,1445.77777777778,1152.33333333333,24467.6666666667,3.88888888888889,6492.88888888889,1464.88888888889,20833.7777777778,6.55555555555556,8284,1525,9194,7,2.49931017774076,1.55663498485793,0.574748779344311,0.000000000000000888715894869626,0.0000000000000000000000000000000144077701110341,"broadcast",1
"1099772597405917188",3,4,3,1,1,2,3,2,1.33333333333333,1,0.333333333333333,1.5,0.707106781186548,1.5,0.28735185994898,0.308575778361981,0.021223918413001,0.308575778361981,0.308575778361981,0.902683400367403,0.168697204939073,0.078973358412547,0,0,0.666666666666667,0.424231338961812,459.666666666667,554,4281,3,435.666666666667,385.666666666667,1728.66666666667,1,163,283,3588,1,1.73205080756888,0,0,-1.73205080756888,0,"unclassified",NA
"1099773801166974977",11,12,11,1,1,2,2,8,4,8,0.727272727272727,3.66666666666667,3.78593889720018,2.21212121212121,-1.64335240077261,-0.950543959159212,0.692808441613398,-0.950543959159212,-0.950543959159212,1.98894287015871,0.0387881049696513,0.111624471201484,0,0,0.545454545454545,0.578880995935632,3314.81818181818,1508.09090909091,38059.7272727273,6.81818181818182,12416.5454545455,3516,25768.2727272727,8.54545454545454,11021,4342,25943,8,2.90596954277477,1.31813530587939,0.904356308022236,0.000000000000000444089209850063,0.0000000000000000000000000000000281284682808919,"broadcast",1
"1099776007341596674",4,5,4,1,1,2,2,3,1.66666666666667,3,0.75,2,1.4142135623731,1.8,0.545614748685858,1.96144393734466,1.4158291886588,0.545614748685858,1.11194642414938,3.17503134692046,0.0204658846270398,0.0422581061852303,0,0,0,0.752801356430293,10284.5,1081.5,78004,9,557539,8482.5,12597.25,10,730386,10622,14969,10,1.84775906502257,0.765366864730179,0,-0.765366864730179,-1.84775906502257,"unclassified",NA
"1099776179320602624",39,40,39,1,1,2,2,28,13.3333333333333,11,0.282051282051282,13,13.114877048604,2.37820512820513,-0.306307923946274,0.0103290184487987,0.316636942395073,-0.140448245203818,0.0103290184487987,2.30093859012795,0.0935863987379133,0.181835262255248,0,0,0,0.533416378827349,20459.8974358974,426.153846153846,13927.5641025641,4.33333333333333,540284.153846154,692.871794871795,139947.820512821,7.51282051282051,2627,80,2194,2,5.3425019117735,3.09319459534434,0.943302983154958,0.00000000000000295939541548082,0.0000000000000018546016430041,"broadcast",1
"1099779069221265409",9,10,9,1,1,1,1,9,5,9,1,9,0,1.8,-0.217671049534515,-0.217671049534515,0,-0.217671049534515,-0.217671049534515,2.44835406562607,0.00672097505191165,0.0966712806482188,0,0,0.222222222222222,0.542629868299266,364.777777777778,840.111111111111,22458.8888888889,5.11111111111111,3654,691,73652,9,3654,691,73652,9,3,0,0,0,0,"broadcast",1
"1099780067457028096",5,6,5,1,1,5,5,1,1,1,0.2,1,0,2.33333333333333,-4.24814711985014,0.906894494697719,5.15504161454786,0.482703573896954,0.896537256407366,2.8829502745823,0.0730272944558916,0.125666629686706,0.635610766069589,3.17805383034794,1,0.590808133007463,4274.4,2931.8,36906.2,7,3510.8,2165,20654.4,8.2,266,427,7287,10,1.80193773580484,1.24697960371747,0.445041867912629,-0.445041867912629,-1.24697960371747,"unclassified",NA
"1099780763682263049",4,5,4,1,1,1,1,4,2.5,4,1,4,0,1.6,-1.23142442997017,-1.23142442997017,0,-1.23142442997017,-1.23142442997017,1.28541588912567,0.0685738760140853,0.307454070196752,0,0,1,0.968469650829249,2811.75,4058.75,49950.5,5,25624,25361,373534,6,25624,25361,373534,6,2,0,0,0,-2,"unclassified",NA
"1099780868548235265",26,27,26,1,1,2,2,24,9,24,0.923076923076923,8.66666666666667,13.2790561913614,2.06267806267806,-0.251401363990055,0.182222366918037,0.433623730908092,-0.251401363990055,-0.251401363990055,2.86363764855213,0.162255615916669,0.0267354274049521,0,0,0.0769230769230769,0.803555136821284,566.038461538462,622.423076923077,33918,2.65384615384615,5838.80769230769,61.6153846153846,8305.19230769231,1.19230769230769,6275,17,1441,1,4.90781318167842,1,0.95570381067752,0.0000000000000000224854005601702,0.00000000000000000157513028540755,"broadcast",1
"1099781896156921856",7,8,7,1,1,2,2,6,2.66666666666667,6,0.857142857142857,3.5,3.53553390593274,1.92857142857143,-1.90597532042447,-1.24504098713603,0.66093433328844,-1.90597532042447,-1.90597532042447,0.75107076743254,0.0109588147274536,0.0423725099725299,0,0,0.142857142857143,0.748063458876015,1705,1764.14285714286,34350,7.14285714285714,1335.14285714286,1039.85714285714,12409.7142857143,7.85714285714286,610,294,13611,8,2.48848998462265,0.898564186039456,0,0,0,"unclassified",NA
"1099783099938951169",6,7,6,1,1,2,2,5,2.33333333333333,5,0.833333333333333,3,2.82842712474619,1.9047619047619,-2.77160174321102,-0.268931053837013,2.50267068937401,-0.268931053837013,-0.268931053837013,2.31878497689023,0.0257997036353252,0.0443226466720695,0,0,0.166666666666667,0.559973055090172,663.333333333333,1233,97382.1666666667,8.33333333333333,41251.8333333333,904.166666666667,218807.5,10.1666666666667,49266,559,238456,10,2.28824561127074,0.874032048897642,0,0,0,"unclassified",NA
"1099786837063753728",14,15,14,1,1,5,5,4,2.5,3,0.214285714285714,2.33333333333333,1.211060141639,3.27619047619048,-1.85102075947728,0.248760850881701,2.09978161035898,-0.413001899232605,-0.0740897644935242,2.71848640717289,0.0662463573935795,0.0697248315323221,0.433458970588865,6.06842558824411,0.785714285714286,0.648676292502673,4229.42857142857,2824.14285714286,48494.6428571429,5.64285714285714,6242.28571428571,2922.14285714286,70345.9285714286,4.85714285714286,6061,794,18952,6,2.48340390509394,1.97491256587411,1.67967413451777,0.922801313785764,0.509468289910151,"viral",2
"1099789773068271616",3,4,3,1,1,2,2,2,1.33333333333333,2,0.666666666666667,1.5,0.707106781186548,1.66666666666667,-0.73803045284377,-0.303341629741493,0.434688823102277,-0.73803045284377,-0.477217158982404,3.96338523135454,0.309585744874179,0.0357397181849312,0,0,1,0.869223213599219,14882.3333333333,968.333333333333,43419.3333333333,6,1432.66666666667,779.666666666667,17136,4,1505,500,1155,1,1.61803398874989,0.618033988749895,-0.618033988749895,-1.61803398874989,0,"unclassified",NA
"1099790607726317568",15,16,15,1,1,4,4,11,3.2,11,0.733333333333333,3.75,4.85626742811116,2.59166666666667,-1.38030745279534,-0.152023929103772,1.22828352369157,-0.958051159382291,-0.905243571055583,1.0280177014996,0.0117649309569786,0.0227782382346697,0,0,0.133333333333333,0.739767534745702,1690,1330.66666666667,66621.4,6.66666666666667,1189.13333333333,934.6,47346.4,6.86666666666667,465,752,2471,7,3.3353557127239,1.81771141699515,0.75586207348005,0.0000000000000000119811918234266,0.000000000000000000000000000000186339768323473,"broadcast",1
"1099791459191005184",13,14,13,1,1,3,3,10,3.5,10,0.769230769230769,4.33333333333333,4.93288286231625,2.37362637362637,-2.07357617696804,-1.25738083749791,0.81619533947013,-2.07357617696804,-2.00294216770076,2.33579597419302,0.113527861288085,0.216381616159564,0,0,0.153846153846154,0.512021518242886,1779.84615384615,1897.53846153846,37369,6.53846153846154,123417.076923077,2610.76923076923,161827.384615385,8.38461538461539,158559,1775,193140,9,3.18434529293547,1.69113720772731,0.000000000000000889631586739521,0.0000000000000000000000000000000686723057627329,0.0000000000000000000000000000000105784812785505,"broadcast",1
"1099792163813056512",5,6,5,1,1,1,1,5,3,5,1,5,0,1.66666666666667,-1.06235071247029,-1.06235071247029,0,-1.06235071247029,-1.06235071247029,2.77319814437016,0.0358891650353201,0.103133783535316,0,0,0,0.748654841874558,372,500.6,36892,5,72343,2847,38287,10,72343,2847,38287,10,2.23606797749979,0,0,0,0,"unclassified",NA
"1099792683894222848",4,5,4,1,1,3,3,2,1.25,2,0.5,1.33333333333333,0.577350269189626,2,-1.20898282720371,0.374175200645945,1.58315802784966,-0.948742946631158,-0.263431759376785,2.66107034664086,0.0784957504057618,0.0804036258509557,0.173286795139986,0.693147180559945,0.5,0.485229768260392,835.5,639.25,19545,5.75,19023.5,906,51045,7,37578,973,68124,6,1.73205080756888,1,0.000000000000000194289029309402,-1,-1.73205080756888,"unclassified",NA
"1099796047738667008",7,8,7,1,1,4,4,2,1.6,2,0.285714285714286,1.75,0.5,2.42857142857143,-0.333588873680729,0.331239391729496,0.664828265410225,-0.1324341489907,0.320362138327612,2.65353254548754,0.354894779856384,0.117787061734091,0.328940727570578,2.30258509299405,0.714285714285714,0.776150690283524,1099.85714285714,680.285714285714,5019.42857142857,6.42857142857143,2047.85714285714,684.285714285714,9986.57142857143,7.57142857142857,1429,231,6803,7,2.09529398522391,1.35567429397808,0.737640305228188,0.47725999647402,-0.477259996474019,"unclassified",NA
"1099796299396861952",25,26,25,1,1,2,2,22,8.66666666666667,3,0.12,12.5,13.4350288425444,2.05846153846154,-0.538933728693324,-0.105726763616205,0.433206965077119,-0.538933728693324,-0.538933728693324,2.39953690696085,0.0104314408788186,0.166544649879382,0,0,0.08,0.608221288088709,18798.6,1551.52,46012.4,6.48,398067.56,3823.16,20147.68,4.76,2717,3443,3220,3,4.80570598873969,1.38028618401818,0.0000000000000000000000000000001628961723613,0.0000000000000000000000000000000000000000000000193524632366155,0.00000000000000000000000000000000000000000000000419581269022122,"broadcast",1
"1099797712864710656",3,4,3,1,1,2,2,2,1.33333333333333,1,0.333333333333333,1.5,0.707106781186548,1.5,-0.256750534340975,0.258195935121039,0.514946469462014,0.258195935121039,0.258195935121039,0.231049060186648,0.0274329180017773,0.169687417914368,0,0,0.666666666666667,0.455454194895773,605.666666666667,416,5207,6.33333333333333,576,467.666666666667,1822,5,308,461,3448,1,1.73205080756888,0,0,-1.73205080756888,0,"unclassified",NA
"1099800489519132672",4,5,4,1,1,2,2,2,1.66666666666667,2,0.5,2,0,1.8,-2.28637787834146,-0.930055420575598,1.35632245776586,-1.60821664945853,-0.930055420575598,2.44208871963616,0.0613614200718863,0.0502401745843379,0,0,1,0.906367875181911,8092.5,5364.25,339273.5,6,12404.5,9655.5,31493.5,5,120,148,99,3,1.84775906502257,0.765366864730179,0,-0.765366864730179,-1.84775906502257,"unclassified",NA
"1099803370985005057",18,19,18,1,1,1,1,18,9.5,18,1,18,0,1.89473684210526,0.51221317352681,0.51221317352681,0,0.51221317352681,0.51221317352681,2.48631910827489,0.0495293018564046,0.280165149497327,0,0,0,0.62277079453368,145.222222222222,168,4083.72222222222,2.27777777777778,55096,444,6546,5,55096,444,6546,5,4.24264068711929,0,0,0,0,"broadcast",1
"1099804562179977220",8,9,8,1,1,3,3,6,2.25,6,0.75,2.66666666666667,2.88675134594813,2.22222222222222,-1.86099320902262,-1.1134885307414,0.74750467828122,-1.1134885307414,-1.1134885307414,3.91146241698373,0.384230650490643,0.0364705916223319,0,0,0.25,0.800179334147462,2217.375,2372.125,47470.5,5.25,5441.875,1315,31641.125,4.125,5241,12,19384,4,2.49721204095683,1.32813102610406,0.00000000000000000000000000000014791141972894,0.0000000000000000000000000000000000000000000000218952885050753,0.0000000000000000000000000000000000000000000000109476442525376,"unclassified",NA
"1099805178759340033",77,78,77,1,1,3,3,66,19.5,66,0.857142857142857,7,19.5703857907809,2.34498834498834,-0.25610228215177,2.22863805732093,2.4847403394727,0.213463781437129,0.213463781437129,0.821663464548414,0.00619198755483069,0.0243780301826432,0,0,0.116883116883117,0.728291843709911,1069.25974025974,791.584415584416,48448.8961038961,6.7012987012987,7929.1948051948,2781.63636363636,129251.909090909,9.61038961038961,8632,2909,133469,10,8.13071207113226,1.72774072936744,1.41421356237309,1.40364876714078,1.00000000000001,"broadcast",1
"1099806516742373376",14,15,14,1,1,6,6,5,2.14285714285714,5,0.357142857142857,1.55555555555556,1.33333333333333,3.6952380952381,1.6980840742833,2.17876108246078,0.48067700817748,1.95611728511486,2.10588480363373,0.564039478688788,0.115253912949885,0.130205661897111,0.49049523460442,6.86693328446188,1,0.510271777795121,3633.21428571429,2842.07142857143,16922,1.85714285714286,2358.28571428571,1819.35714285714,8479.21428571429,1.85714285714286,1636,1495,2722,3,2.41935814528941,1.87320047876628,1.41421356237309,1.30403617966885,0.829095932760612,"viral",2
"1099808471258722304",5,6,5,1,1,1,1,5,3,5,1,5,0,1.66666666666667,-1.45919292033215,-1.45919292033215,0,-1.45919292033215,-1.45919292033215,1.07505568153683,0.0550388025885838,0.104675663579928,0,0,0.4,0.82395366967185,4084.2,4194.8,76153,5.2,2077,2769,2060,7,2077,2769,2060,7,2.23606797749979,0,0,0,0,"unclassified",NA
"1099809171703255040",5,6,5,1,1,4,4,2,1.2,2,0.4,1.25,0.5,2.33333333333333,-0.890418115136262,1.15636440920763,2.04678252434389,-0.742189668948708,-0.323937692357474,1.74774709227269,0.518752088918961,0.181091685652563,0.138629436111989,0.693147180559945,0.8,0.611026604577072,904.8,688.8,1282.8,4.4,584.6,662.8,961.6,4.4,40,178,121,7,1.80193773580484,1.24697960371747,0.445041867912629,-0.445041867912629,-1.24697960371747,"unclassified",NA
"1099814573975261187",5,6,5,1,1,1,1,5,3,5,1,5,0,1.66666666666667,-1.0891944260867,-1.0891944260867,0,-1.0891944260867,-1.0891944260867,1.85952367601665,0.00719684840007948,0.038612507833156,0,0,0.6,0.488384829414387,2461.6,1105.2,95961,7.2,9182,4428,65529,7,9182,4428,65529,7,2.23606797749979,0,0,0,0,"unclassified",NA
"1099817367381524480",29,30,29,1,1,2,2,28,10,28,0.96551724137931,14.5,19.0918830920368,1.99540229885057,-1.64571083585207,-0.318980166064377,1.32673066978769,-1.64571083585207,-1.64571083585207,1.40628146348608,0.0401865631332566,0.0260175170938785,0,0,0.0344827586206897,0.552499463818226,1773.75862068966,2133.58620689655,35552.5172413793,6.75862068965517,4418.79310344828,348.172413793103,21484.4137931034,10.0344827586207,4519,308,20283,10,5.29499635228212,0.981332578343918,0.000000000000000111022302462516,0.0000000000000000000000000000000930775577326621,0.000000000000000000000000000000000000000000000112374476687566,"broadcast",1
"1099819376449122304",7,8,7,1,1,1,1,7,4,7,1,7,0,1.75,-1.54938117029523,-1.54938117029523,0,-1.54938117029523,-1.54938117029523,2.3040405110494,0.0674163771606418,0.0548785802506382,0,0,0,0.742006184526745,772.285714285714,1635.14285714286,66361,6.85714285714286,86726,1720,79111,11,86726,1720,79111,11,2.64575131106459,0,0,0,0,"unclassified",NA
"1099820387276328960",80,81,80,1,1,37,37,7,2.13157894736842,7,0.0875,1.86046511627907,1.37289050908826,13.7148148148148,-1.25033645272647,1.93072260112993,3.1810590538564,0.0559483444529433,0.617598810604603,0.549177971414281,0.0828326078048723,0.416404742821283,2.08100891078381,166.480712862705,0.9,0.79249972647633,12978.3625,12458.55,50281.5625,5.3875,27857.7,26855.7625,57240.975,5.65,61072,58007,37455,2,2.68616928666086,2.61877044919802,2.57281863452079,2.49125578216662,2.38495812459022,"viral",2
"1099820823483957249",25,26,25,1,1,12,12,6,2,6,0.24,1.78571428571429,1.36880472443164,5.60923076923077,-1.25975321241076,1.56325620818863,2.82300942059939,-0.0673488328805639,0.598561358515342,1.1386342336437,0.0481314443594607,0.192916035928706,1.24981890871782,31.2454727179454,0.8,0.596573538140341,1384.76,1742.52,25850.12,3.68,1869.56,1694.12,25489.28,2.92,2512,1255,11198,2,2.60038950482729,2.27719475433201,2.00332626085113,1.76343789084371,1.52224559512328,"viral",2
"1099821356189921281",7,8,7,1,1,1,1,7,4,7,1,7,0,1.75,0.407696803171962,0.407696803171962,0,0.407696803171962,0.407696803171962,3.93077023702736,0.175785572370759,0.106397166715987,0,0,0,0.441761404236722,546.285714285714,1449.85714285714,4431.42857142857,7.28571428571429,52402,4225,21380,10,52402,4225,21380,10,2.64575131106459,0,0,0,0,"unclassified",NA
"1099822295680471041",4,5,4,1,1,4,4,1,1,1,0.25,1,0,2,-1.28167548825282,1.04020460072874,2.32188008898156,-0.205492867885528,0.428151021099634,1.68335047295934,0.304341576478041,0.323698704139293,0.447939867307014,1.79175946922805,1,0.573313187564486,1636.75,1759.5,7381,2.5,1662.75,1774.5,8559.75,3.75,609,495,6051,6,1.73205080756888,1,0,-1,-1.73205080756888,"unclassified",NA
"1099822903858790403",12,13,12,1,1,1,1,12,6.5,12,1,12,0,1.84615384615385,-1.60935799104413,-1.60935799104413,0,-1.60935799104413,-1.60935799104413,3.86297655028133,0.106288139661957,0.211600326167057,0,0,0.833333333333333,0.76241005139276,2315.75,1785.91666666667,63127.5,6.41666666666667,67201,19174,43430,8,67201,19174,43430,8,3.46410161513775,0,0,0,0,"broadcast",1
"1099822912251486208",4,6,4,2,2,2,3,3,2,3,0.75,1.33333333333333,0.577350269189626,1.57142857142857,-0.847942384251057,-0.146469538477857,0.7014728457732,-0.63957752217188,-0.317315411446765,1.10770419971083,0.348679024670591,0.110924091256921,0.173286795139986,0.693147180559945,1,0.706096370307379,258.5,226.25,16051.25,1.5,1265.25,265,14950,1.75,119,226,2159,1,1.6180339887499,1,0.618033988749894,-0.618033988749895,-1,"unclassified",NA
"1099824116042027009",72,73,72,1,1,4,4,61,14.6,61,0.847222222222222,8,19.8871818013513,2.45814307458143,-1.70449319724967,0.690663682029249,2.39515687927892,-0.788301999477005,-0.788301999477005,1.62943268129405,0.117504175685113,0.0332573045461421,0,0,0.138888888888889,0.639782905454436,1144,1008.34722222222,62929.8055555556,6.68055555555556,17468.2638888889,902.277777777778,26251.4444444444,4.59722222222222,20028,620,5988,4,7.81564987993044,2.17217377602249,1.40850631692418,1.12468098579882,1,"broadcast",1
"1099824153778053121",6,7,6,1,1,2,2,4,2.33333333333333,4,0.666666666666667,3,1.4142135623731,2,-0.767736921282811,0.613136832546204,1.38087375382902,-0.767736921282811,0.613136832546204,2.39273470838106,0.156918620963526,0.106502137565825,0,0,0.333333333333333,0.720761354765592,2931.33333333333,3221.5,20357.8333333333,8,7765.33333333333,2503,8963.33333333333,8.33333333333333,4852,1676,8889,8,2.17532774716107,1.12603250061049,0.000000000000000444089209850063,-0.000000000000000000000000000000000000000000000000342113882891801,-0.000000000000000000000000000165124646967467,"unclassified",NA
"1099824187332542466",12,13,12,1,1,4,4,7,2.6,7,0.583333333333333,3,2.82842712474619,2.58974358974359,-2.27380956851429,-0.446190574608476,1.82761899390581,-0.723235382940903,-0.723235382940903,3.21985602979079,0.0569462364397947,0.0927908895260095,0.0577622650466621,0.693147180559945,0.833333333333333,0.678806237907805,458.833333333333,1101.16666666667,33247.9166666667,4.08333333333333,2560.25,2246.75,70730.8333333333,5.33333333333333,3861,2711,96368,8,2.77516884508248,1.73205080756888,1.1394901848123,0.000000000000000459995585528148,0.000000000000000444957445157366,"broadcast",1
"1099824313140740103",7,8,7,1,1,7,7,1,1,1,0.142857142857143,1,0,3,-1.2742510434331,1.19847338410946,2.47272442754256,-0.363172581815479,0.513746058701041,2.95782902835772,0.279119852389447,0.338741752504158,0.610952302716579,4.27666611901605,1,0.300416379229545,390.285714285714,171.857142857143,4352.57142857143,1.28571428571429,419.428571428571,192.428571428571,4530.14285714286,1.28571428571429,247,186,2254,1,1.87938524157182,1.53208888623796,1,0.347296355333861,-0.347296355333861,"unclassified",NA
"1099824552253771776",6,7,6,1,1,2,2,3,2.33333333333333,3,0.5,3,0,2,-0.299095215120809,0.654973748891378,0.954068964012187,0.177939266885285,0.654973748891378,2.61497660709788,0.0818795055529464,0.190156886583711,0,0,0.666666666666667,0.745839818833174,3886,3535.66666666667,5447.66666666667,6.83333333333333,3592,4636,12836.5,5,4864,4271,9799,3,2.17532774716107,1.12603250061049,0.000000000000000444089209850063,-0.000000000000000000000000000000000000000000000000342113882891801,-0.000000000000000000000000000165124646967467,"unclassified",NA
"1099824753542615047",12,13,12,1,1,6,6,3,1.85714285714286,2,0.166666666666667,2,0.894427190999916,3.07692307692308,-0.236995739437598,0.745100802929569,0.982096542367167,0.356529848653102,0.68933098148971,2.73989222359774,0.503535401197771,0.179059026786323,0.553649144428973,6.64378973314767,0.583333333333333,0.716154073637548,1766.75,976.333333333333,93844.6666666667,5.83333333333333,1725.41666666667,650.5,127935.75,5,1553,290,58075,4,2.38152650198076,1.87643095114741,1.278588229444,0.88299829161525,0.626789089304468,"viral",2
"1099826297050726401",17,18,17,1,1,3,3,15,4.5,15,0.882352941176471,5.66666666666667,8.08290376865476,2.16993464052288,-1.45866837526357,0.0744083494575861,1.53307672472116,-1.45866837526357,-1.45866837526357,0.841128257527872,0.142355719361729,0.0209390828268825,0,0,0.117647058823529,0.519233598574714,3292.11764705882,2687.41176470588,38069.7647058823,5.05882352941176,1149.58823529412,1079,12558,0.647058823529412,186,270,231,0,3.88284344507771,1.38691267966554,0,0,0,"broadcast",1
"1099828192897130497",5,6,5,1,1,1,1,5,3,5,1,5,0,1.66666666666667,-0.59647026917994,-0.59647026917994,0,-0.59647026917994,-0.59647026917994,3.0743146019613,0.195927725163887,0.155259174508668,0,0,0,0.758133111123489,1687.2,1131.2,67608.6,4.2,27300,1804,32416,9,27300,1804,32416,9,2.23606797749979,0,0,0,0,"unclassified",NA
"1099828624914472960",5,6,5,1,1,2,2,4,2,4,0.8,2.5,2.12132034355964,1.86666666666667,-1.17217248099265,-0.415843898912611,0.756328582080039,-1.17217248099265,-1.02090676457664,1.44304799574602,0.00886106745488431,0.0432837660991859,0,0,0.6,0.627849940902013,1171.4,986.8,37813.6,5.4,538.2,354,10856.4,4.4,433,256,4233,4,2.07431329305194,0.834999618124466,0,0,-0.834999618124466,"unclassified",NA
"1099830185174609920",2,3,2,1,1,1,2,2,1.5,2,1,2,0,1.33333333333333,0.00241624244781867,0.00241624244781867,0,0.00241624244781867,0.00241624244781867,0,0.796329971112053,0.0049831834717551,0,0,0,0.810756487027513,867.5,1408,21587.5,0.5,57,9,25669,1,57,9,25669,1,1.4142135623731,0,-1.4142135623731,0,0,"unclassified",NA
"1099830734645284865",5,6,5,1,1,1,1,5,3,5,1,5,0,1.66666666666667,-1.69037778776885,-1.69037778776885,0,-1.69037778776885,-1.69037778776885,3.98232063851401,0.26125748950373,0.0807248448839555,0,0,0,0.935168340257309,3634,3697.4,19470,6.6,914428,257,231952,8,914428,257,231952,8,2.23606797749979,0,0,0,0,"unclassified",NA
"1099832504641560585",5,6,5,1,1,1,1,5,3,5,1,5,0,1.66666666666667,-1.47521484975729,-1.47521484975729,0,-1.47521484975729,-1.47521484975729,2.6380343094819,0.0324769817408347,0.142267247860155,0,0,0,0.553077744501386,2220.2,270,4442.4,4.8,60251,1914,78731,8,60251,1914,78731,8,2.23606797749979,0,0,0,0,"unclassified",NA
"1099833054091042816",5,6,5,1,1,2,2,4,2,4,0.8,2.5,2.12132034355964,1.86666666666667,0.818308016426556,1.04607784323467,0.227769826808114,0.818308016426556,0.863861981788179,1.61887568899459,0.0860822121843931,0.0347645916511941,0.138629436111989,0.693147180559945,0.2,0.636296996093599,8902.4,9173.8,182754.8,6.2,7008.8,7046.6,87983.6,2,243,103,326,1,2.07431329305194,0.834999618124466,0,0,-0.834999618124466,"unclassified",NA
"1099836489209397248",6,7,6,1,1,1,1,6,3.5,6,1,6,0,1.71428571428571,-0.70260624983314,-0.70260624983314,0,-0.70260624983314,-0.70260624983314,3.09258510219852,0.0399022287749164,0.197952628508764,0,0,0.166666666666667,0.769555672571978,617,1216.33333333333,55601.6666666667,6.83333333333333,19209,1131,9717,4,19209,1131,9717,4,2.44948974278318,0,0,0,0,"unclassified",NA
"1099837416175738882",11,12,11,1,1,7,7,3,1.5,3,0.272727272727273,1.375,0.744023809142845,3.72727272727273,-2.12212920804518,1.2285260477222,3.35065525576738,-1.79425988148839,0.148239230450205,3.01676998243465,0.573705763322645,0.118456790071318,0.76100097102165,8.37101068123815,0.818181818181818,0.819842524863671,2506.45454545455,2886.36363636364,47561.0909090909,5.18181818181818,11559.2727272727,3114.09090909091,94509.8181818182,6.63636363636364,33858,3086,204124,8,2.12395715761215,1.77617125183536,1.37496664586394,1,0.575591709917338,"viral",2
"1099838406039953408",5,6,5,1,1,3,3,2,1.5,2,0.4,1.66666666666667,0.577350269189626,2.13333333333333,-0.159803611571405,0.275487737042103,0.435291348613508,0.211433096060246,0.275487737042103,1.94582683307827,0.00269191837515252,0.108982047664329,0,0,0.6,0.507318700052711,1675.2,701,14319.6,6.4,1857.8,614.6,10417.6,5.4,1082,459,2328,6,1.90211303259031,1.17557050458495,0.000000000000000444089209849895,-0.00000000000000000000000000000000308148791101958,-1.17557050458495,"unclassified",NA
"1099839446227181568",4,5,4,1,1,2,2,3,1.66666666666667,3,0.75,2,1.4142135623731,1.8,0.0574897256495122,0.322385604073413,0.264895878423901,0.0574897256495122,0.163448077019073,1.67425856191662,0.00404174959851999,0.12812745077061,0,0,0.75,0.616634518138216,281.5,517,5168.25,3.5,944,680.25,28517.75,4,1184,848,37187,5,1.84775906502257,0.765366864730179,0,-0.765366864730179,-1.84775906502257,"unclassified",NA
"1099839899212046338",7,8,7,1,1,3,4,4,2,2,0.285714285714286,2.33333333333333,1.52752523165195,2.10714285714286,-0.459709837905338,0.746953019830863,1.2066628577362,-0.391252757141374,-0.391252757141374,3.99015319242217,0.296549833450012,0.148926491579419,0.198042051588556,1.38629436111989,0.428571428571429,0.783696025413272,685,1144.71428571429,27535.8571428571,2.42857142857143,1866.14285714286,363.857142857143,45978.1428571429,3.28571428571429,1485,272,33304,7,2.33441421833898,1,0.741963784302726,0.0000000000000000000000000000000493038065763132,0,"unclassified",NA
"1099840427656544257",8,9,8,1,1,4,4,3,1.8,3,0.375,1.6,0.894427190999916,2.77777777777778,-0.763340631573426,0.147085668111168,0.910426299684594,-0.615811760537681,0.0852718136082524,0.768558536989706,0.00528935888151329,0.120214959952334,0.274653072167028,2.19722457733622,0.625,0.724721427619781,687.125,491,8735.75,4.75,550.5,391.25,10454.375,5.375,456,186,3253,5,2.07431329305194,1.61803398874989,0.834999618124466,0.618033988749894,0.000000000000000666133814770627,"unclassified",NA
"1099841438500687877",52,53,52,1,1,6,6,28,7.57142857142857,28,0.538461538461538,6.5,9.31971796017148,3.3410740203193,-0.139974672197519,1.69286213421871,1.83283680641623,0.344660441219836,0.78062762355355,1.02402747801468,0.0928525939809821,0.0993472535392435,0.0955733326841538,4.969813299576,0.0961538461538462,0.543664973172297,3222.03846153846,1057.01923076923,15133.2692307692,5.69230769230769,21678.3461538462,1337.38461538462,14096.6153846154,5.71153846153846,2903,315,5711,4,5.32684214485205,3.40612260959001,2.61381281343871,1.38924256270734,1.23358141103456,"broadcast",1
"1099841971160526849",10,11,10,1,1,6,6,5,1.57142857142857,1,0.1,1.66666666666667,1.63299316185545,2.69090909090909,-1.56234007199004,0.725689400185266,2.28802947217531,0.657601596727978,0.657601596727978,2.03641277018416,0.150108791093473,0.110093077601133,0.716703787691222,7.16703787691222,0.7,0.475563093595433,1813.1,1438.8,6819,2.4,4424.7,2776.1,16695.5,2.9,3169,2752,10357,10,2.53388063366017,1.5660243550371,0.903059749884661,0.5581216193007,0.00000000000000000343363961688849,"viral",2
"1099844445837488128",72,73,72,1,1,3,3,61,18.25,61,0.847222222222222,8,19.8871818013513,2.31278538812785,-1.62717439013275,1.32152322248006,2.94869761261281,-0.286831264906851,-0.286831264906851,2.79606834758096,0.322556158118175,0.0842310125587917,0.00962704417444368,0.693147180559945,0.138888888888889,0.885893448768665,647.555555555556,706.291666666667,34720.8888888889,3.13888888888889,116727.277777778,1034.29166666667,147688.736111111,8.19444444444444,137408,837,163648,9,7.82000504270743,1.83481308858536,1.4142135623731,1.39650691193832,1,"broadcast",1
"1099846828172984320",10,11,10,1,1,4,4,4,2.2,4,0.4,1.66666666666667,1.211060141639,3.05454545454545,-0.685772613874806,0.879934238357798,1.5657068522326,0.864420199472419,0.866274714785212,1.10923061090904,0.0528693253538557,0.181724895090909,0.207944154167983,2.07944154167983,0.6,0.635236943292388,427.8,333.4,7918.1,5.4,473.1,375,6414.1,3.4,313,389,112,1,2.22158329395277,1.73205080756888,1.23991998815457,0.726062043495419,0,"viral",2
"1099847117575737344",7,8,7,1,1,5,5,3,1.33333333333333,3,0.428571428571429,1.4,0.894427190999916,2.82142857142857,0.608386492850861,0.834913467704133,0.226526974853272,0.730868038284917,0.812938046606929,1.64986635879802,0.028409866757908,0.122234414005999,0,0,0.857142857142857,0.878078209826215,300,362.428571428571,17804.7142857143,4.71428571428571,320.714285714286,335.571428571429,12844.2857142857,4.71428571428571,422,412,13353,5,1.94985582436365,1.56366296493606,0.867767478235116,0.0000000000000000000000000000000000000000000000123160997841048,-0.000000000000000444089209850063,"unclassified",NA
"1099847218272456706",6,7,6,1,1,2,2,4,2.33333333333333,4,0.666666666666667,3,1.4142135623731,2,-1.21665125407305,-1.17161136213065,0.0450398919424,-1.21665125407305,-1.17161136213065,1.51146280127573,0.246009945553697,0.0314270374099296,0,0,0,0.952114707383881,7197.66666666667,635,27414.6666666667,2.66666666666667,11454,893.666666666667,20809.3333333333,4.33333333333333,171,431,2013,4,2.17532774716107,1.12603250061049,0.000000000000000444089209850063,-0.000000000000000000000000000000000000000000000000342113882891801,-0.000000000000000000000000000165124646967467,"unclassified",NA
"1099847994185265153",3,4,3,1,1,2,2,2,1.33333333333333,2,0.666666666666667,1.5,0.707106781186548,1.66666666666667,-3.21544667486355,-1.91439233845807,1.30105433640548,-3.21544667486355,-2.43481407302026,3.9293513571168,0.1012898694257,0.061452801803471,0,0,1,0.272538056865276,1363.33333333333,1300,55837.3333333333,8.33333333333333,24742.3333333333,4865.33333333333,147691,7.66666666666667,36965,7058,208904,8,1.61803398874989,0.618033988749895,-0.618033988749895,-1.61803398874989,0,"unclassified",NA
"1099848040351961088",87,88,87,1,1,3,3,72,22,72,0.827586206896552,7.90909090909091,21.290629607668,2.40778474399164,-0.139501587599717,0.730087413357135,0.869589000956852,0.178573347678967,0.178573347678967,1.59531280730011,0.0218315663905552,0.0734304270372787,0.0126277274559553,1.09861228866811,0.126436781609195,0.656192407166659,2445.72413793103,1977.32183908046,66332,7.10344827586207,85697.4367816092,5902.37931034483,85149.3333333333,9.71264367816092,99255,4746,90099,10,8.49364628871911,2.44648256667074,1.40499606567052,1.00000000000001,1,"broadcast",1
"1099853593610457088",80,81,80,1,1,2,2,77,27,77,0.9625,20,38,2.04753086419753,-1.77193100809686,-1.09060224697429,0.68132876112257,-1.77193100809686,-1.77193100809686,1.81169640675326,0.0111389448961779,0.0872556196865762,0,0,0.0125,0.713797579331862,1779.45,1401.825,68927.75,7.2875,19528074.625,1114.3875,357391.625,11.9,20288477,1082,369199,12,8.77721215439279,1,0.999999999999999,0.980074893454337,0.00000000000000403339163314803,"broadcast",1
"1099855279703900160",6,7,6,1,1,3,3,4,1.75,4,0.666666666666667,2,1.73205080756888,2.19047619047619,-1.75561943664298,2.22868815222244,3.98430758886542,-1.75561943664298,1.46813986722307,3.93641352099744,0.492027744508593,0.272805891041784,0.462098120373297,2.77258872223978,0.833333333333333,0.748152718669712,36501.8333333333,26378,92332.8333333333,6.83333333333333,25789,24858.6666666667,52968.8333333333,6,7760,7948,58995,5,2.10100298961546,1.25928012674976,0.000000000000000562024805490435,0,-0.000000000000000222044604925031,"unclassified",NA
"1099857666267144192",70,71,70,1,1,8,8,27,7.88888888888889,27,0.385714285714286,2.8,5.16397779494322,4.95452716297787,0.00853482602131534,1.13814706660437,1.12961224058305,0.646071925661056,0.775697785699334,0.660954342728109,0.0197899784751897,0.125914499459777,0.387398353262903,27.1178847284032,0.614285714285714,0.805539147020622,485.842857142857,424.042857142857,7819.62857142857,3.21428571428571,826.3,734.557142857143,7321.28571428571,3.12857142857143,587,550,1173,3,5.24330144720163,2.58867077567507,2.52466227281539,2.31496185689778,2.04322932929893,"viral",2
"1099860124108312578",13,14,13,1,1,1,1,13,7,13,1,13,0,1.85714285714286,-1.48399434478524,-1.48399434478524,0,-1.48399434478524,-1.48399434478524,3.81572094324802,0.349087308998288,0.0917036332579049,0,0,0,0.783957788746928,356.538461538462,736.769230769231,34420.0769230769,3.38461538461538,20327,397,59693,9,20327,397,59693,9,3.60555127546399,0,0,0,0,"broadcast",1
"1099861399180922880",33,34,33,1,1,3,3,21,8.5,21,0.636363636363636,3.66666666666667,6.53834841531101,2.81996434937611,-1.97970818298339,0.888970524546019,2.86867870752941,-0.825120085480699,-0.825120085480699,1.52001198553918,0.0622788972037347,0.0926633560024116,0.117309121542663,3.87120101090789,0.666666666666667,0.597991514503799,632.060606060606,939.090909090909,34873.0606060606,6.45454545454545,3865.06060606061,3698.24242424242,18896.0606060606,6.75757575757576,5359,4965,4100,6,4.62207304438205,2.05445986565855,1.71691518647374,1,1,"broadcast",1
"1099865266337529856",6,7,6,1,1,3,3,3,1.75,3,0.5,1.5,1,2.38095238095238,-0.610610687771731,1.04304965872176,1.65366034649349,-0.330089117100202,0.299791015530122,2.77190576561509,0.225359874473888,0.147731584382067,0.231049060186648,1.38629436111989,1,0.6450674813639,336,274.166666666667,13775.5,4.83333333333333,419.666666666667,321.166666666667,18591.5,5.16666666666667,438,331,18278,4,1.96961550602442,1.28557521937308,0.684040286651338,-0.000000000000000000000000110768761863604,-0.684040286651338,"unclassified",NA
"1099868273678659584",2,3,2,1,1,1,1,2,1.5,2,1,2,0,1.33333333333333,0.686904063473498,0.686904063473498,0,0.686904063473498,0.686904063473498,2.12424762102468,0.019003639190943,0.064954836829837,0,0,0.5,0.492702899191448,347.5,206.5,1702,5,629,173,994,0,629,173,994,0,1.4142135623731,0,-1.4142135623731,0,0,"unclassified",NA
"1099869867484811265",5,6,5,1,1,3,3,2,1.5,2,0.4,1.66666666666667,0.577350269189626,2.13333333333333,-1.15051416831481,0.559807780739088,1.7103219490539,-0.826968146850806,0.559807780739088,3.74345328824716,0.217550824056325,0.184597497589802,0.138629436111989,0.693147180559945,0.6,0.804324350873039,2484,1298.6,5820,6.8,5278.2,2616.2,13264.4,8,2109,1508,15702,9,1.90211303259031,1.17557050458495,0,0,-1.17557050458495,"unclassified",NA
"1099871339714879494",13,14,13,1,1,2,2,11,4.66666666666667,11,0.846153846153846,6.5,6.36396103067893,2.07692307692308,-0.25989032942277,0.625680525607954,0.885570855030724,0.625680525607954,0.625680525607954,1.88235023518982,0.0165063208094745,0.0191888385256881,0,0,0,0.496548766993071,467.769230769231,673.538461538462,9641.53846153846,5.76923076923077,8678.38461538462,415.692307692308,17749.5384615385,9.84615384615385,9787,306,17778,10,3.34917759547449,1.33529376317412,0.000000000000000444089209850063,0.0000000000000000000000000000000123259512035807,0.000000000000000000000000000000000218680520868254,"broadcast",1
"1099871868167835648",6,7,6,1,1,3,3,4,1.75,4,0.666666666666667,2,1.73205080756888,2.19047619047619,0.389015978197151,0.422445811095504,0.033429832898353,0.41349589610077,0.41349589610077,0.693147180559945,0.0597782345206869,0.0804096160320563,0,0,0.5,0.739078312819664,603.333333333333,390.833333333333,13991.8333333333,4,708.833333333333,463.833333333333,12946.6666666667,4,392,305,5487,3,2.10100298961546,1.25928012674976,0.00000000000000100362096211873,0.000000000000000366847466754112,0.000000000000000107232550885743,"unclassified",NA
"1099872757377056768",3,4,3,1,1,1,1,3,2,3,1,3,0,1.5,-1.80864776772951,-1.80864776772951,0,-1.80864776772951,-1.80864776772951,1.22962648470465,0.0386990723462032,0.0423162536994918,0,0,0,0.672099384100357,1926,964,58290,5.66666666666667,22212,1295,46763,11,22212,1295,46763,11,1.73205080756888,0,0,-1.73205080756888,0,"unclassified",NA
"1099873449441259520",5,6,5,1,1,1,1,5,3,5,1,5,0,1.66666666666667,0.281582083774798,0.281582083774798,0,0.281582083774798,0.281582083774798,2.92287363858927,0.325914089537698,0.0537692622435343,0,0,0.2,0.670840939444199,324.6,433.2,2957,5.8,5161,621,4332,9,5161,621,4332,9,2.23606797749979,0,0,0,0,"unclassified",NA
"1099874426705846272",16,17,16,1,1,3,3,10,4.25,10,0.625,3.2,3.89871773792359,2.51470588235294,-2.34763067936369,-0.204612398011826,2.14301828135186,-1.49862942647807,-1.47848750058854,1.86513124164742,0.037343492017803,0.0450563398047955,0.0433216987849966,0.693147180559945,0.25,0.46951445879142,1232.125,1253.75,28867,8.3125,7058.6875,663.5625,20148.125,9.25,9787,306,17778,10,3.25895882202246,1.74592266681771,1,0.876089944072022,0.750604987826489,"broadcast",1
"1099874464467247110",18,24,18,6,6,5,6,9,4,9,0.5,1.38461538461538,0.650443635587991,2.59016393442623,0.606228323292863,1.90973423933994,1.30350591604708,0.857303648242082,0.956224938826884,1.44754826008117,0.0507077757844508,0.131185821441159,0.368224520898863,6.62804137617953,0.722222222222222,0.504155006811345,418,448.5,4000.27777777778,2.55555555555556,438.388888888889,480.277777777778,2433.83333333333,2.44444444444444,259,194,3744,1,2.10850350781282,1.84775906502258,1.67236811613659,1.4142135623731,1,"viral",2
"1099874468652969984",28,29,28,1,1,5,5,19,4.83333333333333,19,0.678571428571429,3.11111111111111,5.96750459665605,2.83743842364532,-2.01888015603755,0.66652935238483,2.68540950842238,-1.41805652351707,-0.925248857176256,3.45889166282134,0.189645968591588,0.107022963727818,0.265233895442761,7.4265490723973,0.321428571428571,0.702681516844106,664.892857142857,1305,50169.9642857143,5.42857142857143,238792.642857143,2604.71428571429,48076.4642857143,8.21428571428571,351701,3361,62360,10,4.39736734215191,1.72476376942754,1.37932352116547,1,1,"broadcast",1
"1099877316560412672",4,5,4,1,1,2,2,2,1.66666666666667,2,0.5,2,0,1.8,1.02077670281933,1.05306389545095,0.0322871926316199,1.03692029913514,1.05306389545095,1.36168434291658,0.0276603856815485,0.0928438190011213,0,0,0.5,0.64886610290685,932.5,1739.5,21226.75,3.75,5263.5,3263,13970,3.5,8859,5901,19650,3,1.84775906502257,0.765366864730179,0,-0.765366864730179,-1.84775906502257,"unclassified",NA
"1099878000244383746",4,5,4,1,1,2,2,2,1.66666666666667,2,0.5,1.33333333333333,0.577350269189626,2,-1.89770996865527,-0.649699496263757,1.24801047239151,-0.836051901357141,-0.761510939319787,2.84376043940171,0.0491508864096127,0.114234630065762,0,0,1,0.315358891728253,3039.75,2968,14057.5,3.75,2694,1826.25,1099.75,2,127,163,176,1,1.73205080756888,1,0.000000000000000194289029309402,-1,-1.73205080756888,"unclassified",NA
"1099878134462246914",18,19,18,1,1,4,4,13,3.8,13,0.722222222222222,3,4.89897948556636,2.59649122807018,1.05464187772864,2.16729032209216,1.11264844436352,1.05464187772864,1.4176716756381,1.08833322785892,0.118694116681946,0.076908785734576,0.138050369432667,2.484906649788,0.333333333333333,0.78328461298269,2658.33333333333,2552,78021.7222222222,6.94444444444444,1523,1115.27777777778,22495.8333333333,4.11111111111111,1457,697,5549,3,3.6404320045257,1.59906030600985,1,0.915533438105683,0.593346005193492,"broadcast",1
"1099878214179143682",29,30,29,1,1,4,4,17,6,17,0.586206896551724,4.83333333333333,6.58533724775479,2.9264367816092,-1.84126050589387,-1.08175816009643,0.75950234579744,-1.73029117784637,-1.71998255048278,1.96852643379411,0.103322479734203,0.0969890370015821,0,0,0.758620689655172,0.686194623306478,1428.10344827586,1418.34482758621,40283.8620689655,4.44827586206897,8583.68965517241,4315.10344827586,101219.344827586,4,9555,3708,151183,4,4.15274678535292,3.00061240137982,1,0.941420644282585,0.929917482331196,"broadcast",1
"1099880101607440384",37,38,37,1,1,5,5,23,6.33333333333333,23,0.621621621621622,2.84615384615385,6.06693434179836,3.0796586059744,-2.23804747023035,0.903098682534441,3.14114615276479,0.335477116323658,0.468677976177422,1.16742554704119,0.012898094437139,0.0484915977231953,0,0,0.459459459459459,0.778676080973223,413.432432432432,409.27027027027,15520.7027027027,3.78378378378378,2643.21621621622,940.756756756757,27646.7567567568,4.86486486486486,3900,1202,36331,5,4.83407906959794,1.92739695351247,1.4142135623731,1.41421356237309,1.35688411955242,"broadcast",1
"1099881443759742979",7,8,7,1,1,2,2,5,2.66666666666667,5,0.714285714285714,3.5,2.12132034355964,2.03571428571429,-2.0501473602746,-0.654487698175989,1.39565966209861,-2.0501473602746,-0.93361963059571,1.4089522225737,0.0639706572611703,0.0911116137516299,0,0,0.714285714285714,0.602389920941921,943.857142857143,509.857142857143,28141,4,1072.42857142857,679.571428571429,18981.8571428571,2.42857142857143,511,243,771,1,2.35829447118226,1.19935282014559,0.000000000000000000000000000000000000000000000000725733139592559,-0.0000000000000000000000000000000000000000000000000000000000000000094955677457598,-0.000000000000000000000000000000000000000000000000725733139592559,"unclassified",NA
"1099884186830286849",32,33,32,1,1,6,6,17,4.71428571428571,17,0.53125,3.2,5.00666222813829,3.34469696969697,0.50200738631733,0.950326920718048,0.448319534400718,0.590793876359775,0.793410601853912,1.26868020751532,0.121654193714015,0.0590948379390064,0.133645816219252,4.27666611901605,0.25,0.784852191051653,376.46875,564.65625,26970.03125,3.1875,256.1875,464.21875,20892.71875,2.21875,162,180,4971,1,4.19432709421904,2.31556408438002,1.9531969061346,1.18037930196299,1,"viral",2
"1099884493048070147",11,12,11,1,1,1,1,11,6,11,1,11,0,1.83333333333333,-0.650779248694397,-0.650779248694397,0,-0.650779248694397,-0.650779248694397,5.16417882409254,0.0698348136448277,0.179023867448159,0,0,0.0909090909090909,0.70929187678332,184.454545454545,381.636363636364,13858.4545454545,4.45454545454545,42321,709,28277,8,42321,709,28277,8,3.3166247903554,0,0,0,0,"broadcast",1
"1099885323503382529",12,13,12,1,1,4,4,5,2.6,5,0.416666666666667,2,1.54919333848297,3,-1.82583009901231,0.599586026673729,2.42541612568604,-1.42433707445851,-0.159988988261131,1.70684517555565,0.129683417707446,0.12651595347244,0.173286795139986,2.07944154167983,0.666666666666667,0.551215287604896,675,917.25,37217.4166666667,4.41666666666667,1608.91666666667,1209.58333333333,56778.25,5.58333333333333,2309,1594,67796,6,2.4765655656255,1.68997129147682,1.36250215713131,0.902412447481443,0.582974853304395,"viral",2
"1099889358419701765",3,6,3,3,3,1,2,3,3,3,1,1,0,1,-0.289282542270999,0.595925246768489,0.885207789039488,-0.148393881572622,0.298197595432045,3.3875900501554,0.232273357690718,0.141649362447682,0,0,0.333333333333333,0.623022525723861,175.666666666667,207.666666666667,12873.6666666667,2.33333333333333,33666.3333333333,410.666666666667,25444.3333333333,4.66666666666667,95485,1015,65930,10,1,1,1,-1,-1,"unclassified",NA
"1099889974969655296",5,6,5,1,1,4,4,2,1.2,2,0.4,1.25,0.5,2.33333333333333,0.183407922486513,0.664321335546456,0.480913413059943,0.51988620124077,0.617129792842841,1.13259209602719,0.0109466201894737,0.126126782861904,0.138629436111989,0.693147180559945,1,0.650083758160605,885,628,47891,8,1030.2,732.2,48197.8,9.6,709,513,17805,10,1.80193773580484,1.24697960371747,0.445041867912629,-0.445041867912629,-1.24697960371747,"unclassified",NA
"1099890100828160000",5,6,5,1,1,5,5,1,1,1,0.2,1,0,2.33333333333333,-4.24814711985014,-0.253821628071208,3.99432549177893,-0.343116804196261,-0.297446803569161,1.88322685699106,0.030407796342459,0.105169269629172,0,0,1,0.65530452966254,1201,738.8,61372.2,5,685.6,412,29844,4.8,485,156,12374,7,1.80193773580484,1.24697960371747,0.445041867912628,-0.445041867912629,-1.24697960371747,"unclassified",NA
"1099892059547217922",8,9,8,1,1,1,1,8,4.5,8,1,8,0,1.77777777777778,-0.00669614194903237,-0.00669614194903237,0,-0.00669614194903237,-0.00669614194903237,2.67500785993804,0.0209332508290229,0.130315910525379,0,0,0.125,0.672332746988863,1207.75,1681.875,82642.5,4.75,102287,998,16314,10,102287,998,16314,10,2.82842712474619,0,0,0,0,"unclassified",NA
"1099892185397428224",5,6,5,1,1,5,5,1,1,1,0.2,1,0,2.33333333333333,-0.0317250061501083,0.890030484265775,0.921755490415883,0.694479099668505,0.887929562712302,1.86721831545635,0.0456510341858952,0.175696906270858,0.277258872223978,1.38629436111989,1,0.44553506487945,3356.2,1858.6,109003,8.8,2768.6,1699.4,91791.8,7,376,228,5000,1,1.80193773580484,1.24697960371747,0.445041867912628,-0.445041867912629,-1.24697960371747,"unclassified",NA
"1099896467760672768",5,6,5,1,1,1,1,5,3,5,1,5,0,1.66666666666667,-0.88199005052616,-0.88199005052616,0,-0.88199005052616,-0.88199005052616,2.95191441735676,0.251941401316264,0.0784218598218993,0,0,0,0.76557086126721,266,243,17267.2,3.2,6044,250,9063,1,6044,250,9063,1,2.23606797749979,0,0,0,0,"unclassified",NA
"1099898078373515266",5,6,5,1,1,2,2,4,2,4,0.8,2.5,2.12132034355964,1.86666666666667,0.376589518965987,0.548248574693051,0.171659055727064,0.376589518965987,0.4109213301114,2.70435457075923,0.0871830954091797,0.0609477400381719,0,0,0,0.593463621310431,370.8,1146.6,17772.2,4.8,25332.8,528.8,38626.6,7.6,31474,251,33700,7,2.07431329305194,0.834999618124466,0,0,-0.834999618124466,"unclassified",NA
"1099898481051721728",10,11,10,1,1,3,3,8,2.75,8,0.8,3.33333333333333,4.04145188432738,2.21818181818182,-2.71961621924708,0.138299905344654,2.85791612459173,0.138299905344654,0.138299905344654,2.88176207915336,0.11660005816561,0.0383135823202293,0,0,0.2,0.753261592719111,340.4,974.3,74864.1,5.5,1396.9,343.4,47084,4.5,1593,356,43752,4,2.8569700138728,1.35562617997427,0.00000000000000016291081656521,0.00000000000000000741469916433035,0.000000000000000000000000000000000000000000000000000000000000000859440684063106,"broadcast",1
"1099907964343865345",7,8,7,1,1,3,3,3,2,2,0.285714285714286,1.4,0.547722557505166,2.71428571428571,-1.77505506974619,0.506712639667474,2.28176770941366,0.154041851641004,0.429271234604965,1.13793508187571,0.0057522926890984,0.0414367722894742,0,0,1,0.787934774170964,874.285714285714,643.428571428571,63700.4285714286,7.28571428571429,567.285714285714,415.428571428571,61120.5714285714,7.85714285714286,158,207,3661,8,1.98904379073655,1.48628965095479,0.8134732861516,0.415823381635518,-0.415823381635518,"unclassified",NA
"1099910984263561216",1,2,1,1,1,1,2,1,1,1,1,1,0,1,-1.871187286601,-1.871187286601,0,-1.871187286601,-1.871187286601,2.30258509299405,0.295506693952059,0.121951219512195,0,0,1,0.834653151726322,745,165,76563,2,384,267,27818,1,384,267,27818,1,1,-1,0,0,0,"unclassified",NA
"1099911877658722304",28,29,28,1,1,5,5,16,4.83333333333333,16,0.571428571428571,4,5.3851648071345,3.24630541871921,-0.0767367135002886,0.79879533129126,0.875532044791549,-0.0767367135002886,0.103150732139273,2.72130991531276,0.226717850417104,0.077867732367742,0.216729485294432,6.06842558824411,0.214285714285714,0.671909927800205,995.107142857143,1589.42857142857,57354.0357142857,6.21428571428571,64564.0357142857,630.071428571429,22312.8928571429,6.39285714285714,112454,169,24451,8,4.04326449674448,2.23606797749979,1.83026370990851,1.54349517802396,0.959046191262088,"broadcast",1
"1099911898621980672",17,18,17,1,1,1,1,17,9,17,1,17,0,1.88888888888889,0.294406122387101,0.294406122387101,0,0.294406122387101,0.294406122387101,5.1170707424081,0.370339821520008,0.0795072111111472,0,0,0,0.952505829518887,62,371.235294117647,8319.82352941176,2.23529411764706,16095,482,21276,5,16095,482,21276,5,4.12310562561766,0,0,0,0,"broadcast",1
"1099914914301325312",15,16,15,1,1,3,3,10,4,10,0.666666666666667,3.75,4.19324854180304,2.51666666666667,-0.18409735027192,0.719752957513507,0.903850307785427,0.272909300687187,0.434288577352754,1.72657355325576,0.0949503916034655,0.0878117963735088,0,0,0.2,0.853260626735741,12913.6666666667,1444,104530.933333333,5.6,26099.5333333333,1324,146042.333333333,6.93333333333333,8211,0,54308,7,3.22203505068893,1.78413532312909,0.945202279814924,0.736168412204497,0.00000000000000000480180128265607,"broadcast",1
"1099919775512162306",10,11,10,1,1,4,4,4,2.2,4,0.4,2,1.22474487139159,2.8,-1.65205992838684,0.675716672215708,2.32777660060255,-1.00822371862442,0.278824117999462,2.8392879938034,0.111173772506107,0.108608304979425,0.0693147180559945,0.693147180559945,1,0.797801138827106,1816.4,876.9,128005.6,5.9,1212.9,920.4,131375.2,6.1,1015,952,38068,6,2.30127821502112,1.71352836736368,1,0.721891936021898,0.496800909837875,"viral",2
"1099919821653725185",3,4,3,1,1,2,2,2,1.33333333333333,1,0.333333333333333,1.5,0.707106781186548,1.5,-4.24814711985014,-1.26659982626598,2.98154729358416,-1.26659982626598,-1.26659982626598,1.79787584878412,0.40158335236941,0.247794619299767,0,0,1,0.832247246615081,4894,4537,136877.333333333,9.33333333333333,8064,7409.66666666667,186848.666666667,9.66666666666667,1384,1841,28676,9,1.73205080756888,0,-0.0000000000000000574480908394238,-1.73205080756888,0,"unclassified",NA
"1099931263735984128",5,6,5,1,1,2,2,3,2,2,0.4,1.66666666666667,0.577350269189626,2.13333333333333,-1.78030959011615,-0.936895808873695,0.843413781242455,-1.22382125128004,-0.936895808873695,2.86050633792882,0.627381537860881,0.256767708510542,0.277258872223978,1.38629436111989,0.8,0.718375,9239.2,3888.4,344211.6,4.8,21326.2,18871.6,125366,5.8,48563,43849,214490,8,1.90211303259031,1.17557050458495,0.000000000000000444089209849895,-0.00000000000000000000000000000000308148791101958,-1.17557050458495,"unclassified",NA
"1099935105689235456",84,85,84,1,1,5,5,48,14.1666666666667,48,0.571428571428571,3.65217391304348,9.72629377069364,3.80560224089636,0.126058072759344,1.8544354676991,1.72837739493976,0.177464072575329,0.728097575651953,1.88005829043102,0.0801509052931015,0.130608435421415,0.298697133188838,25.0905591878624,0.476190476190476,0.759668016719359,5734.0119047619,3935.47619047619,88679.5714285714,5.52380952380952,37356.2857142857,15271.0714285714,84946.0595238095,6.55952380952381,44730,19646,31582,7,6.94089816783244,2.75704727037732,2.30537225830554,2.03917780109894,1.86085798200243,"broadcast",1
"1099935206360924160",8,9,8,1,1,2,2,6,3,6,0.75,4,2.82842712474619,2.05555555555556,-0.396501147594922,-0.222993319581751,0.173507828013171,-0.222993319581751,-0.222993319581751,1.39530392251332,0.0262898910984227,0.129017754403877,0,0,0.75,0.609114661933509,2052.125,2389.25,14053.625,6,12633,12258,41352,6.25,14292,13734,26195,6,2.53958456106175,1.24519486716611,0.00000000000000000000000000000000635662600316201,0.000000000000000000000000000000000000000000000000157608712133737,0,"unclassified",NA
"1099935428675653632",1,2,1,1,1,1,2,1,1,1,1,1,0,1,-3.24024809931664,-3.24024809931664,0,-3.24024809931664,-3.24024809931664,0,0.999989168885269,0.271746694502436,0,0,1,1,2681,2876,602933,9,5369,3906,698188,3,5369,3906,698188,3,1,-1,0,0,0,"unclassified",NA
"1099940839306874881",64,65,64,1,1,5,5,42,10.8333333333333,42,0.65625,3.36842105263158,9.36429700936126,2.92980769230769,-1.10154152752968,1.52970456188562,2.6312460894153,1.08101197302513,1.08101197302513,0.666944498725949,0.0239321708878564,0.0368460876331377,0,0,0.296875,0.714603079357296,291.1875,315.65625,20383.21875,4.921875,656.125,352.703125,13560.765625,2.28125,737,299,4404,0,6.50921338795604,1.79564187144902,1.6180339887499,1.60203041109569,1.4142135623731,"broadcast",1
"1099941665588924416",7,8,7,1,1,1,1,7,4,7,1,7,0,1.75,0.0776595619965688,0.0776595619965688,0,0.0776595619965688,0.0776595619965688,2.30124488318177,0.260125179981221,0.0598399291216218,0,0,0,0.840474352904737,150.714285714286,423.714285714286,18644,4.85714285714286,3038,340,33366,4,3038,340,33366,4,2.64575131106459,0,0,0,0,"unclassified",NA
"1099941736909074433",4,6,4,2,2,2,3,2,2,2,0.5,1.33333333333333,0.577350269189626,1.42857142857143,0.479357229044337,0.590649512987228,0.111292283942891,0.539220105549141,0.590649512987228,2.15130101718474,0.0114099665533251,0.0929260472573556,0,0,0.25,0.663735162605989,3456.5,354,20589.25,7.75,8237,971.75,51660.75,10,2888,2475,26022,10,1.73205080756888,1,0,0,-1,"unclassified",NA
"1099945041986875392",72,73,72,1,1,5,5,52,12.1666666666667,52,0.722222222222222,6.54545454545455,15.1351487363926,2.81506849315068,-0.966579019782656,1.05139233739502,2.01797135717768,-0.205908491912566,-0.204748656623398,1.12286766866634,0.138119159289041,0.0874015215824681,0.220368786460034,15.8665526251224,0.0555555555555556,0.897650936848357,852.430555555556,214.75,25235.25,4.08333333333333,2587.15277777778,146.847222222222,18620.5833333333,1.90277777777778,96,97,184,0,7.22806794167396,2.54520523057579,2.02630779955946,1.4142135623731,1.38676364117823,"broadcast",1
"1099946312861184000",5,6,5,1,1,2,2,4,2,1,0.2,2.5,2.12132034355964,1.66666666666667,-4.24814711985014,-0.551239350173505,3.69690776967663,-0.551239350173505,-0.551239350173505,1.56640283610109,0.0552957501261736,0.0527844171956443,0,0,0.2,0.731757615804399,1717.6,729,10084.8,6.2,5109.8,935.2,5252.6,7.6,329,1156,3163,6,2.23606797749979,0.000000000000000022438715259614,0,0,0,"unclassified",NA
"1099946652616609792",3,4,3,1,1,2,2,2,1.33333333333333,2,0.666666666666667,1.5,0.707106781186548,1.66666666666667,-0.681514472971296,-0.670850639357491,0.010663833613805,-0.681514472971296,-0.675116172803013,0.597253156409352,0.0291585636106736,0.120649895948562,0,0,1,0.682767950356413,31406.3333333333,16707,158735.666666667,9.33333333333333,49870.3333333333,32142.6666666667,80287.3333333333,10.3333333333333,29643,26275,11353,10,1.61803398874989,0.618033988749895,-0.618033988749895,-1.61803398874989,0,"unclassified",NA
"1099949781571403776",40,41,40,1,1,1,1,40,20.5,40,1,40,0,1.95121951219512,0.11533251374364,0.11533251374364,0,0.11533251374364,0.11533251374364,3.55891930773803,0.0129876742198816,0.076889223083889,0,0,0,0.787860585415567,235.9,697.95,9420.3,6.425,46291,81,18778,8,46291,81,18778,8,6.32455532033676,0,0,0,0,"broadcast",1
"1099953334126067712",8,9,8,1,1,6,6,2,1.28571428571429,1,0.125,1.33333333333333,0.516397779494322,2.72222222222222,-0.573221465478046,0.482307565640311,1.05552903111836,-0.135360697903312,0.0949187835960231,3.12873870031441,0.12901750827532,0.157231042569656,0.657186921503472,5.25749537202778,0.625,0.935152988171437,34960,3890,89429.75,3.875,45058.625,4015.75,100197.875,5,2060,1668,704,4,2.11199073625306,1.49637003386748,1,0.548061905011361,-0.00000000000000000000000146049310706985,"unclassified",NA
"1099956630882582530",13,14,13,1,1,4,4,4,2.8,3,0.230769230769231,2.6,1.14017542509914,2.89010989010989,-1.56365632716142,-0.1605146294101,1.40314169775132,-1.21203483189209,-0.400261117120687,1.74718347983671,0.0588658615502555,0.177617234819539,0.266595069446133,3.46573590279972,0.461538461538462,0.679473337086472,17044.6923076923,1630.53846153846,71736.3846153846,8.46153846153846,44614.0769230769,2341.84615384615,98429.7692307692,9.61538461538461,40776,3170,23413,10,2.56155281280883,1.73205080756888,1.56155281280883,1,0.00000000000000105089632775612,"viral",2
"1099957171943550977",6,7,6,1,1,5,5,2,1.16666666666667,1,0.166666666666667,1.2,0.447213595499958,2.38095238095238,-4.24814711985014,0.974881958553323,5.22302907840346,0.55685127830046,0.9678513098787,2.77451292458706,0.0738107644882975,0.300516364022033,0.645200168484648,3.87120101090789,0.833333333333333,0.506509689754221,691.333333333333,739,2319.33333333333,5,616.833333333333,749.666666666667,3681.5,5.33333333333333,127,247,342,1,1.96961550602442,1.28557521937308,0.684040286651337,0.000000000000000222044604565304,-0.684040286651338,"unclassified",NA
"1099958413428170753",5,6,5,1,1,2,2,4,2,1,0.2,2.5,2.12132034355964,1.66666666666667,-1.10589415007895,-0.288055266200066,0.817838883878884,-0.288055266200066,-0.288055266200066,2.66061673056626,0.123230060724781,0.149620357033386,0,0,0.8,0.816201431689658,5236.4,1709.8,17600.6,7.6,17236.6,1925.4,14260.6,8.2,4431,2499,8163,9,2.23606797749979,0.000000000000000022438715259614,0,0,0,"unclassified",NA
"1099959625590456320",3,4,3,1,1,2,2,2,1.33333333333333,2,0.666666666666667,1.5,0.707106781186548,1.66666666666667,0.330476245102651,0.350059070655436,0.019582825552785,0.330476245102651,0.342225940434322,0.767528364331348,0.0000956916141085407,0.070196120313345,0,0,0.666666666666667,0.604284914910015,384.333333333333,302,22791,5.66666666666667,277,328.666666666667,3373,4.66666666666667,228,303,3799,4,1.61803398874989,0.618033988749895,-0.618033988749895,-1.61803398874989,0,"unclassified",NA
"1099960934213304320",4,5,4,1,1,2,2,3,1.66666666666667,3,0.75,2,1.4142135623731,1.8,0.293383628681885,0.419310003424084,0.125926374742199,0.293383628681885,0.343754178578765,1.95561118237233,0.404116634889073,0.184473311191228,0,0,1,0.601528984169863,2155.5,1095.5,6307.5,5.25,5744.75,1366.25,107055.25,8.25,7523,1670,142389,10,1.84775906502257,0.765366864730179,0,-0.765366864730179,-1.84775906502257,"unclassified",NA
"1099964407088627713",9,10,9,1,1,2,2,7,3.33333333333333,7,0.777777777777778,4.5,3.53553390593274,2.06666666666667,-0.241993801005118,0.00881295806790908,0.250806759073027,-0.241993801005118,-0.141671097375907,2.50797595999923,0.0676298048520858,0.169873971401161,0,0,0.111111111111111,0.51548432337745,1006.22222222222,872.222222222222,6075,5.88888888888889,81055.6666666667,2228.11111111111,142356.888888889,10,102353,2565,177988,10,2.71519452770313,1.27582078550672,0.000000000000000444089209850063,0.00000000000000000000000000000000000000000000000403308363341929,0.000000000000000000000000000000000000000000000000000000000000000816496379915106,"broadcast",1
"1099970144917319680",66,67,66,1,1,4,4,49,13.4,49,0.742424242424242,5.07692307692308,13.2316636549197,2.66485753052917,-0.997740575522569,0.971815369173796,1.96955594469636,0.010648672787407,0.010648672787407,1.93354985775075,0.43627535142158,0.120428303295343,0.0691567907798157,4.56434819146783,0.121212121212121,0.894290784529521,376,415.212121212121,50510.4242424242,4.24242424242424,4370.98484848485,1556.60606060606,167045.757575758,7.65151515151515,5641,1909,206153,9,7.01539239469045,2.11766590223321,2.06754714463359,1.40702189918832,1,"broadcast",1
"1099970908280836096",20,21,20,1,1,1,1,20,10.5,20,1,20,0,1.9047619047619,-0.294514693457107,-0.294514693457107,0,-0.294514693457107,-0.294514693457107,0.713420435965353,0.00959447698055886,0.0155903414818785,0,0,0,0.677908365421449,507.3,870.85,44333.75,5.65,2803,4990,17638,5,2803,4990,17638,5,4.47213595499958,0,0,0,0,"broadcast",1
"1099972313380925440",7,8,7,1,1,2,2,4,2.66666666666667,4,0.571428571428571,2.33333333333333,1.52752523165195,2.21428571428571,-0.376254497980398,0.834128632911771,1.21038313089217,0.557485496767814,0.557485496767814,2.55370844081955,0.129416612949791,0.101037739208965,0,0,0.285714285714286,0.74233355565122,338.714285714286,365.285714285714,30908.5714285714,4.14285714285714,933.142857142857,313.857142857143,25635.2857142857,4,1302,262,27525,4,2.22158329395277,1.23991998815457,0.72606204349542,0.000000000000000000000000000000000770371977754894,-0.00000000000000000000000000314739015814172,"unclassified",NA
"1099974041409146880",8,9,8,1,1,5,5,3,1.5,3,0.375,1.6,0.894427190999916,2.83333333333333,-0.889053117761911,-0.298300759096403,0.590752358665508,-0.693716347101468,-0.322024214956584,2.03212711152715,0.502086072672923,0.0911429233549884,0.397256728793493,3.17805383034794,0.875,0.992304344201193,7739.5,7369.25,96382.75,4.5,5268.125,5194.5,24764.25,6.5,2067,929,10259,9,2.0839681098273,1.5718407743379,1,0.431733132098603,0.000000000000000444089152986564,"unclassified",NA
"1099980668426047488",10,11,10,1,1,3,3,8,2.75,8,0.8,3.33333333333333,4.04145188432738,2.21818181818182,0.0243940378333407,1.13585804123721,1.11146400340387,0.0243940378333407,0.246631102512546,1.70985728420035,0.0890093991118406,0.0768304114489015,0.0693147180559945,0.693147180559945,0.4,0.362856658180627,396.5,377.9,5226,2.6,838.3,366.7,16044.8,3.5,840,311,19122,4,2.85697001387281,1.35562617997427,0.000000000000000423488901390188,0.000000000000000322356390970058,0.00000000000000000000000000000000000000000000000000000000000000000000000000000000010475591639559,"broadcast",1
"1099982803335208961",7,8,7,1,1,3,3,5,2,5,0.714285714285714,2.33333333333333,2.3094010767585,2.21428571428571,-1.13214213453591,0.336546161760873,1.46868829629678,-1.13214213453591,-0.869635050814946,1.82985631400237,0.595132150607628,0.055453338427098,0.0990210257942779,0.693147180559945,0.142857142857143,0.874266171315558,437.857142857143,673.142857142857,34334.8571428571,1.57142857142857,676.142857142857,97.4285714285714,3420.71428571429,0,884,35,1960,0,2.302775637732,1.30277563773199,0,0,0,"unclassified",NA
"1099989816190545920",4,5,4,1,1,1,1,4,2.5,4,1,4,0,1.6,-0.322930464625591,-0.322930464625591,0,-0.322930464625591,-0.322930464625591,3.85713301043243,0.269119913780489,0.117804570115839,0,0,0.25,0.944637255195446,324,701.5,41096.75,6.75,14150,645,5065,3,14150,645,5065,3,2,0,0,0,-2,"unclassified",NA
"1099995558201167872",5,6,5,1,1,1,1,5,3,5,1,5,0,1.66666666666667,-0.39207207347883,-0.39207207347883,0,-0.39207207347883,-0.39207207347883,1.90993313551596,0.00426102756423093,0.0666560902817522,0,0,0,0.659424524621835,144,469.4,10282.4,3.2,13940,1455,10066,9,13940,1455,10066,9,2.23606797749979,0,0,0,0,"unclassified",NA
"1099996854232776704",9,10,9,1,1,1,1,9,5,9,1,9,0,1.8,-1.2928598039749,-1.2928598039749,0,-1.2928598039749,-1.2928598039749,2.04027539840006,0.00114511080210851,0.1021897178702,0,0,0,0.618085985031642,1067.11111111111,802.333333333333,21587.7777777778,7.22222222222222,7598107,1087,513048,10,7598107,1087,513048,10,3,0,0,0,0,"broadcast",1
"1099997181384241152",6,7,6,1,1,2,2,4,2.33333333333333,4,0.666666666666667,3,1.4142135623731,2,-1.14334037916692,0.146262179667637,1.28960255883456,-1.14334037916692,0.146262179667637,2.39622730680665,0.131687167436284,0.0347329093288895,0,0,0.333333333333333,0.646751066920494,678.666666666667,1049,8588.5,7.16666666666667,1096.33333333333,832,6570.33333333333,7.33333333333333,1046,1032,3285,8,2.17532774716107,1.12603250061049,0.000000000000000444089209850063,-0.000000000000000000000000000000000000000000000000342113882891801,-0.000000000000000000000000000165124646967467,"unclassified",NA
"1099997617621254144",16,17,16,1,1,7,7,6,2.125,2,0.125,1.77777777777778,1.64147630029935,3.73529411764706,-1.22069008135794,1.77541904438238,2.99610912574032,-0.340636018072282,0.1222323793657,3.88868322488285,0.28406857736905,0.306035839732921,0.559148426633857,8.94637482614172,0.4375,0.569798383641615,168781.8125,390,14024.8125,3.375,1005965.375,624.625,12769.3125,4.625,23,26,22,1,2.74285084271467,1.95798868708692,1.37515640074578,1.23245219180311,0.888763008153516,"viral",2
"1100001128228352000",10,11,10,1,1,2,2,8,3.66666666666667,8,0.8,3.33333333333333,4.04145188432738,2.10909090909091,-0.444578624010245,1.18868617025647,1.63326479426671,1.18281559784047,1.18281559784047,1.55277534033347,0.104333182210245,0.0164724351379211,0,0,0.1,0.8314193675144,10078.3,4061,16036.3,2.3,2464.7,366.9,8595.5,1.4,99,442,124,1,2.87661558391721,1,0.85151792838708,0.0000000000000000405623850057548,0.000000000000000000207734422500008,"broadcast",1
"1100002457852305408",9,10,9,1,1,2,2,7,3.33333333333333,7,0.777777777777778,3,3.46410161513775,2.11111111111111,-0.335895681799766,0.540314717339468,0.876210399139234,-0.172011681038171,-0.172011681038171,2.45145833098179,0.103931395124797,0.0753510621774738,0,0,0.777777777777778,0.674633807752424,8037.11111111111,968.333333333333,48630.7777777778,7.55555555555556,5371.33333333333,2163.55555555556,110435.777777778,8.77777777777778,6610,2561,128174,9,2.7049260230837,1,0.826665113358849,0.000000000000000120038911372578,0.00000000000000000163166103928573,"broadcast",1
"1100009869187469312",8,9,8,1,1,2,2,7,3,7,0.875,4,4.24264068711928,1.94444444444444,-0.257246875474114,0.33646240504133,0.593709280515444,-0.257246875474114,-0.257246875474114,2.11069170551231,0.0705039122915081,0.0330186101121468,0,0,0,0.501288102145653,568.25,483.625,14881.25,6.875,3315,28.5,5379.625,8,3556,10,5676,8,2.67624319899526,0.915271730051585,0.0000000000000000000000000000000000000000000000154596111822722,0.00000000000000000000000000000000000000000000000000000000000000121543267145725,0.000000000000000000000000000000000000000000000000000000000000000911574503592941,"unclassified",NA
"1100014990432575488",85,86,85,1,1,5,5,65,14.3333333333333,65,0.764705882352941,6.07142857142857,16.990786126216,2.7953488372093,-0.645405724390624,2.13204214027793,2.77744786466855,0.722130438133424,0.722130438133424,1.21830633580592,0.0250016115417464,0.0680893801759983,0.0455435413047987,3.87120101090789,0.352941176470588,0.634797667931977,1207.88235294118,1319.91764705882,15748.4588235294,6.11764705882353,31443.4470588235,32078.2352941176,15866.7058823529,4.75294117647059,39527,40911,8413,4,8.0691694841694,2.46752720892888,1.99601937572832,1.52802458822352,1.4142135623731,"broadcast",1
"1100015334327808005",7,8,7,1,1,5,5,2,1.33333333333333,2,0.285714285714286,1.4,0.547722557505166,2.67857142857143,-1.24967116673243,0.191880484001741,1.44155165073417,-0.0898609195432947,0.12463132814898,3.31502863923979,0.521794398332913,0.216841191530046,0.584906366031729,4.0943445622221,0.857142857142857,0.801126138951425,1367.28571428571,2057.71428571429,67770.8571428571,5.57142857142857,1081,1614.57142857143,67326.1428571429,6.71428571428571,443,521,17013,7,2,1.41421356237309,1,0.000000000000000186050150638284,-0.0000000000000000221187821584756,"unclassified",NA
"1100015581812715520",5,7,5,2,2,1,2,5,3.5,5,1,2.5,0.707106781186548,1.44444444444444,0.170435827074576,1.29372039498518,1.1232845679106,1.29372039498518,1.29372039498518,1.06942150614349,0.0654214682370067,0.146890571027055,0,0,1,0.752165192675189,301.8,143.4,15882.2,3,237.2,162,1490,2.4,338,192,1883,3,1.73205080756888,1.4142135623731,0.000000000000000322658566531686,0,-0.000000000000000222044604925031,"unclassified",NA
"1100015992862838784",4,5,4,1,1,1,1,4,2.5,4,1,4,0,1.6,-1.78030959011615,-1.78030959011615,0,-1.78030959011615,-1.78030959011615,0.794513457586986,0.0390037647591457,0.017588479092857,0,0,0,0.157161318963329,1610.5,859.25,72810,8.75,176225,130,96691,13,176225,130,96691,13,2,0,0,0,-2,"unclassified",NA
"1100016512939757568",8,9,8,1,1,3,3,5,2.25,2,0.25,2.66666666666667,2.08166599946613,2.11111111111111,-2.03332905489146,0.356097666637114,2.38942672152857,-0.114261750725493,-0.114261750725493,1.84773040520291,0.0384771645269902,0.0505532281230766,0,0,0.5,0.38819008367557,10005.375,1183.625,27938.625,8.5,48160.75,2910.25,73058.5,6,1833,1020,17173,2,2.52433779896214,1,0.792286991393261,0,0,"unclassified",NA
"1100017104357675009",6,7,6,1,1,5,5,2,1.16666666666667,2,0.333333333333333,1.2,0.447213595499958,2.66666666666667,-0.425003230420927,0.68004424758314,1.10504747800407,0.371838011842029,0.68004424758314,0.664830674427379,0.0252320109731812,0.0895988166473101,0,0,0.5,0.723006602909559,346.166666666667,283,3808.66666666667,3.5,353.5,364.166666666667,1978.5,3.66666666666667,233,380,593,3,1.84775906502257,1.4142135623731,0.765366864730179,0.00000000000000000635416548974441,-0.76536686473018,"unclassified",NA
"1100018295519002624",5,6,5,1,1,3,3,2,1.5,2,0.4,1.66666666666667,0.577350269189626,2.06666666666667,-1.18296626399373,0.227219777677921,1.41018604167165,0.0313698842398062,0.0705398629274292,2.29012488775457,0.0728525660385487,0.152655519835398,0.277258872223978,1.38629436111989,0.6,0.512632816695895,1371,1210.6,12295,7,1677.2,1180.8,10000.8,6.6,2402,796,2619,6,1.93185165257814,1,0.517638090205042,-0.517638090205042,-1,"unclassified",NA
"1100021365753679872",4,5,4,1,1,2,2,2,1.66666666666667,2,0.5,1.33333333333333,0.577350269189626,2,-1.23624121849746,-0.720290849870656,0.515950368626804,-1.17897734073448,-0.961144417731162,1.22816372143401,0.0660021318123233,0.0603030348370416,0,0,0.5,0.390689530276524,1007.75,389.25,10281.5,6.75,1416.25,1227,16035.5,9,1669,2093,22049,9,1.73205080756888,1,0.000000000000000194289029309402,-1,-1.73205080756888,"unclassified",NA
"1100021923604504576",10,11,10,1,1,4,4,6,2.2,2,0.2,2,1.73205080756888,2.61818181818182,0.750737027762116,0.977182768654618,0.226445740892502,0.817563023801196,0.913180783477158,2.13785690841567,0.088608904624379,0.253047527469886,0.299573227355399,2.99573227355399,0.8,0.651269355665382,1726.6,1256.9,3182.3,4.6,2792.7,1773.4,3008,4.7,3413,972,3863,5,2.53958456106175,1.41421356237309,1.24519486716611,0,0,"viral",2
"1100023513228861445",7,8,7,1,1,7,7,1,1,1,0.142857142857143,1,0,3,-0.544044807893175,1.15382293066469,1.69786773855787,0.720823216511587,0.87494264749269,4.0038875643651,0.207734099164223,0.367437474506777,0.939893030287156,6.57925121201009,1,0.331648085880722,15150.8571428571,12953.2857142857,93609.5714285714,5.14285714285714,14616.2857142857,12056.1428571429,75901.1428571429,4.57142857142857,16035,12925,125398,5,1.87938524157182,1.53208888623796,1,0.347296355333861,-0.347296355333861,"unclassified",NA
"1100024033314332672",6,7,6,1,1,4,4,2,1.4,1,0.166666666666667,1.5,0.577350269189626,2.19047619047619,-1.31149415379761,1.01246702246971,2.32396117626732,-0.516075871142557,1.01246702246971,4.53555089217327,0.156614313478138,0.275416760986708,0.693147180559945,4.15888308335967,0.833333333333333,0.541985049935537,448,230.666666666667,5262.33333333333,2.16666666666667,602.166666666667,70,3759.16666666667,1.66666666666667,1028,7,3127,1,2.05288084003372,1.20864019757292,0.5699729199123,-0.000000000000000111022302462516,-0.5699729199123,"unclassified",NA
"1100025140648296449",67,68,67,1,1,13,13,9,4.85714285714286,6,0.0895522388059701,1.86111111111111,1.65879091557294,9.41044776119403,-2.28005067992466,0.274565961997496,2.55461664192216,-1.09722981796477,-0.790129307480246,1.41785667647307,0.209787282592975,0.190275313727402,1.24662103642173,83.5236094402561,0.880597014925373,0.81841194711008,18658.776119403,15710.1343283582,66319.4925373134,3.17910447761194,53446.3582089552,48876.6567164179,111991.253731343,2.3134328358209,115012,109909,5500,1,3.307183658632,2.73447415423893,2.67029571439278,2.26242164137361,2.12182259115404,"viral",2
"1100026881250865152",3,4,3,1,1,1,1,3,2,3,1,3,0,1.5,0.257574589412724,0.257574589412724,0,0.257574589412724,0.257574589412724,1.05935127678265,0.01856045675542,0.0597744360902255,0,0,0.333333333333333,0.739045256009542,78.6666666666667,100.333333333333,1226.66666666667,6,180,296,4963,5,180,296,4963,5,1.73205080756888,0,0,-1.73205080756888,0,"unclassified",NA
"1100029100054466560",13,14,13,1,1,3,3,7,3.5,4,0.307692307692308,3.25,2.21735578260835,2.54945054945055,0.299087273873917,0.823381688109025,0.524294414235108,0.322720184114527,0.478708044702265,2.3555151929115,0.502462166524623,0.215687122437667,0.191146665368308,2.484906649788,0.461538461538462,0.724761016473815,1289.30769230769,800.769230769231,37374.1538461538,5.30769230769231,4705.23076923077,1428.23076923077,70013.3076923077,6.38461538461539,2089,763,31148,6,2.82552831038611,1.71604575669965,1.22765285084256,0.751295684759256,0.000000000000000031162029486745,"viral",2
"1100032803612360704",5,6,5,1,1,1,1,5,3,5,1,5,0,1.66666666666667,-0.885883831635407,-0.885883831635407,0,-0.885883831635407,-0.885883831635407,2.96807976015391,0,0.000980415715487204,0,0,0,0.611431806321202,363,297.8,29706,4,169371,59,3717,10,169371,59,3717,10,2.23606797749979,0,0,0,0,"unclassified",NA
"1100033080428060673",8,9,8,1,1,5,5,3,1.5,3,0.375,1.6,0.894427190999916,2.83333333333333,-2.92229135899158,0.264877859283529,3.18716921827511,-0.604411166108125,-0.137471662826682,3.01132193249265,0.105216125444333,0.0981215991330108,0.671909800960521,5.37527840768417,0.875,0.597319724461267,816.625,947.625,3275.25,5.625,956.875,1171.875,2976.75,4.875,541,728,1255,6,2.06082012890923,1.59842363974241,1.09456030633089,0,0,"unclassified",NA
"1100034376492974081",72,73,72,1,1,5,5,59,12.1666666666667,59,0.819444444444444,8,19.1441897190766,2.60958904109589,0.174328845585339,1.38661761822889,1.21228877264355,0.32689801017352,0.32689801017352,5.28864043814219,0.816286305939036,0.138900963608429,0.0192540883488874,1.38629436111989,0.125,0.833009382839825,206.083333333333,230.680555555556,14006.1111111111,3.19444444444444,12375.7222222222,127.388888888889,11164.7361111111,2.19444444444444,15072,66,10263,2,7.68804469918496,2.13451371534529,1.73205080756886,1.71157676983766,0.999999999999989,"broadcast",1
"1100035118876504064",19,20,19,1,1,5,5,7,3.33333333333333,3,0.157894736842105,2.11111111111111,1.96497102042527,3.13157894736842,-0.979675647687707,0.512370182030477,1.49204582971818,-0.298133680379391,-0.25533330138721,1.83838784237798,0.031735463531842,0.0509253607850749,0.182407152778933,3.46573590279972,0.473684210526316,0.584625014899974,1773.94736842105,907.157894736842,120807.105263158,8.94736842105263,4929.36842105263,830.526315789474,167368.105263158,9.57894736842105,1226,596,102465,10,3.00452520983583,1.90695665370549,1.34786707204645,1.26469692959191,1,"viral",2
"1100035580245594113",21,23,21,2,2,7,8,6,2.875,2,0.0952380952380952,1.4,0.828078671210825,4.3160621761658,-0.949333401515119,0.9650298778349,1.91436327935002,-0.126909316874918,0.771309223257342,2.33517512767509,0.333403894873405,0.188663634820666,0.696664504451447,14.6299545934804,0.428571428571429,0.91596099377989,1163.42857142857,685.571428571429,182860.904761905,3.61904761904762,1683.09523809524,880.095238095238,258017.380952381,3.80952380952381,82,41,11060,2,2.48763395030473,2.06018812962475,1.78863239133888,1.4142135623731,1.33534296603276,"viral",2
"1100038293964640257",12,13,12,1,1,3,3,10,3.25,10,0.833333333333333,4,5.19615242270663,2.20512820512821,0.157813214242002,1.09166584699882,0.933852632756818,0.157813214242002,0.157813214242002,1.9773589668664,0.0566099634082941,0.0557053951268368,0,0,0.166666666666667,0.767528896388103,761,990.666666666667,16269.5833333333,4.5,12102.5,521.583333333333,20833.8333333333,6.41666666666667,14258,518,20393,7,3.18168282919867,1.36999794685333,0.000000000000000627636757756398,0.000000000000000501023406265254,0.000000000000000343954160068719,"broadcast",1
"1100040403716370432",5,6,5,1,1,5,6,1,1,1,0.2,1,0,2.33333333333333,-1.96524662975873,1.0853744707024,3.05062110046113,-0.503620116399576,0.321704938934322,2.92264570848836,0.205332927662802,0.18372131475622,0.761332497954064,3.80666248977032,0.8,0.816496308392408,3280.4,2788.2,39687.4,4.6,3349.8,2857,38686.8,4.2,3797,3242,12648,2,1.80193773580484,1.24697960371747,0.445041867912629,-0.445041867912629,-1.24697960371747,"unclassified",NA
"1100040785389645824",10,15,10,5,5,3,4,5,3.75,5,0.5,1.42857142857143,1.13389341902768,1.76,0.155022593554531,1.6804260521284,1.52540345857387,1.67777307931826,1.67870726669213,1.69853305833851,0.0276165008488721,0.120726916362918,0,0,0.5,0.569006894346889,797.2,796.3,35166,5.4,1125.4,729.7,32349.8,3.9,1080,615,29684,1,2.28824561127074,1,1,1,1,"broadcast",1
"1100041217381814273",61,63,61,2,2,3,3,54,15.75,54,0.885245901639344,7.625,18.3376077268235,2.21682140906608,-1.06947651964665,1.11142446767165,2.1809009873183,-0.789153837442292,-0.789153837442292,2.82005480914375,0.0161930211407765,0.0527570571738689,0.0113630685337696,0.693147180559945,0.114754098360656,0.796492226472585,760.72131147541,535.409836065574,32671.4426229508,3.91803278688525,28526.4918032787,707.918032786885,145273.032786885,6.47540983606557,32782,777,164161,7,7.28809084492178,1.60694922719786,1,1,0.999999999999999,"broadcast",1
"1100042446334054400",3,4,3,1,1,2,2,2,1.33333333333333,2,0.666666666666667,1.5,0.707106781186548,1.66666666666667,-0.559212108117775,0.820241388183133,1.37945349630091,-0.559212108117775,0.26845998966277,4.52089356542657,0.651758836669157,0.0325843148237771,0,0,0,0.898243960850863,586.666666666667,1392,49564.3333333333,7,16107,2884.66666666667,50956.3333333333,10,24009,3955,65118,10,1.61803398874989,0.618033988749895,-0.618033988749895,-1.61803398874989,0,"unclassified",NA
"1100042563757600774",2,3,2,1,1,1,2,2,1.5,2,1,2,0,1.33333333333333,-1.23270396946783,-1.23270396946783,0,-1.23270396946783,-1.23270396946783,2.50531764704813,0.101558965207333,0.0818358426420593,0,0,0,0.907813809301564,57.5,145,3143.5,1,359,94,6672,0,359,94,6672,0,1.4142135623731,0,-1.4142135623731,0,0,"unclassified",NA
"1100042563761909760",4,5,4,1,1,1,1,4,2.5,4,1,4,0,1.6,-1.83645716763303,-1.83645716763303,0,-1.83645716763303,-1.83645716763303,0.967800252726972,0.00389651456640838,0.000692640406847844,0,0,0,0.748706959269641,808.25,777.5,9473.25,6.75,101,13,1745,3,101,13,1745,3,2,0,0,0,-2,"unclassified",NA
"1100042597328924672",7,8,7,1,1,2,2,6,2.66666666666667,6,0.857142857142857,3.5,3.53553390593274,1.92857142857143,-1.23142442997017,0.191966576393839,1.42339100636401,0.191966576393839,0.191966576393839,2.77368040584248,0.25105781967883,0.110785274409027,0,0,0.714285714285714,0.695732137393733,229.571428571429,514.714285714286,34595.4285714286,3.57142857142857,360.285714285714,1038.71428571429,76353.5714285714,7,379,1154,87151,8,2.48848998462265,0.898564186039456,0,0,0,"unclassified",NA
"1100042890909286400",7,8,7,1,1,7,7,1,1,1,0.142857142857143,1,0,3,-0.640534686499115,0.935301679451268,1.57583636595038,0.365982086680636,0.893554245691503,2.69896175354506,0.216834441793863,0.102549476457357,0.741850978698601,5.19295685089021,1,0.698724386563433,2178.85714285714,1833.14285714286,6924,7.71428571428571,1597.14285714286,1288.85714285714,6057.71428571429,7.42857142857143,221,231,375,3,1.87938524157182,1.53208888623796,1,0.34729635533386,-0.347296355333861,"unclassified",NA
"1100044962928967680",7,8,7,1,1,3,3,4,2,4,0.571428571428571,2.33333333333333,1.52752523165195,2.35714285714286,-0.130836395329095,0.396232539073783,0.527068934402878,-0.130836395329095,0.343621013562836,2.65855124879183,0.20241424705019,0.270650728865452,0.0990210257942779,0.693147180559945,0.285714285714286,0.709744281806543,564.142857142857,150.571428571429,4170.42857142857,4.71428571428571,4518.14285714286,416,19771.2857142857,7,6479,512,25577,8,2.14896114174964,1.54336191842682,0,0,0,"unclassified",NA
"1100046741288685568",7,8,7,1,1,2,2,6,2.66666666666667,6,0.857142857142857,3.5,3.53553390593274,1.92857142857143,-1.01019160929798,-0.276278228721662,0.733913380576318,-1.01019160929798,-1.01019160929798,4.315192486615,0.0899408731017877,0.109959043511435,0,0,0.142857142857143,0.748236109440289,826.285714285714,1373.14285714286,22839.4285714286,4.57142857142857,17230.8571428571,718.714285714286,57586,8.85714285714286,19738,81,59173,10,2.48848998462265,0.898564186039456,0,0,0,"unclassified",NA
"1100047563359768576",23,24,23,1,1,2,2,22,8,22,0.956521739130435,11.5,14.8492424049175,1.99275362318841,-0.395054423130399,0.0997948243847044,0.494849247515103,-0.395054423130399,-0.395054423130399,2.55489308029698,0.0341675897705773,0.100449797915562,0,0,0.0434782608695652,0.635629787740684,951.173913043478,666.304347826087,67145.3043478261,5.78260869565217,9429378.43478261,243.608695652174,362359.086956522,11.8260869565217,9857743,101,378781,12,4.69547777706002,0.975955145042796,0.000000000000000111022302462516,0.0000000000000000000000000000000256957220719594,0.0000000000000000000000000000000000000000000000227260937486274,"broadcast",1
"1100048687441592321",6,7,6,1,1,4,4,3,1.4,3,0.5,1.5,1,2.47619047619048,-0.770067793231359,1.47431764405445,2.24438543728581,-0.00851388937306207,0.214202474498506,4.65228268540522,0.714170011641745,0.120452725282277,0.231049060186648,1.38629436111989,0.833333333333333,0.632535879642005,745.666666666667,642,10359,4.83333333333333,829.166666666667,351.666666666667,18148.6666666667,2.83333333333333,1429,461,25018,1,1.93185165257814,1.41421356237309,0.517638090205041,0.000000000000000222044604925031,-0.517638090205041,"unclassified",NA
"1100049362724413443",6,7,6,1,1,4,4,2,1.4,1,0.166666666666667,1.5,0.577350269189626,2.28571428571429,-0.93421423974652,1.13535556131082,2.06956980105734,0.80901086587297,1.13535556131082,3.55642424707145,0.765051893966219,0.0998626388827093,0.298626578204676,1.79175946922805,0.666666666666667,0.816330309971691,251.166666666667,800,7060,4.16666666666667,372.333333333333,757.166666666667,11180.8333333333,5.66666666666667,535,726,48832,7,2,1.4142135623731,0.0000000000000000905605919347928,-0.0000000000000000000000000000000000000000000000134212094409941,-0.0000000000000000905605919347928,"unclassified",NA
"1100050059008212992",4,5,4,1,1,2,2,3,1.66666666666667,3,0.75,2,1.4142135623731,1.8,-1.70092341571249,-1.39925411222354,0.30166930348895,-1.39925411222354,-1.39925411222354,2.5434549966632,0.160437429118666,0.147356437630675,0,0,0.5,0.656845745438977,3325,1640.5,28306.25,5.25,4201.25,948.5,71289,7.75,5401,929,90045,8,1.84775906502257,0.765366864730179,0,-0.765366864730179,-1.84775906502257,"unclassified",NA
"1100053024372862976",4,5,4,1,1,1,2,4,2.5,4,1,4,0,1.6,1.03030404880072,1.03030404880072,0,1.03030404880072,1.03030404880072,1.49535355281362,0.326831496026927,0.0532369297982783,0,0,0,0.981728581923355,30.25,218,6256.75,3,15657,154,1089,3,15657,154,1089,3,2,0,0,0,-2,"unclassified",NA
"1100055318652948482",20,21,20,1,1,2,2,18,7,18,0.9,10,11.3137084989848,2.06666666666667,0.271705071778409,0.969424185972676,0.697719114194267,0.271705071778409,0.271705071778409,2.5947254039345,0.0829067923596684,0.0409581258214783,0,0,0.1,0.761144241967141,904.65,1241.95,29233.7,5.7,8891.1,2010,10799.8,9,9826,2192,11641,9,4.25723365633553,1.36965747373715,0.00000000000000000000000000000000000000000000000949854542992273,0.000000000000000000000000000000000000000000000000984813579013303,0.000000000000000000000000000000000000000000000000245641673723712,"broadcast",1
"1100055633208987648",5,6,5,1,1,1,1,5,3,5,1,5,0,1.66666666666667,-0.65676375034228,-0.65676375034228,0,-0.65676375034228,-0.65676375034228,1.74870632672539,0.0076014754894461,0.0235067245645485,0,0,0.2,0.730922960374447,1053.4,982.2,47255.2,7.2,19484,1207,48395,4,19484,1207,48395,4,2.23606797749979,0,0,0,0,"unclassified",NA
"1100055838746689542",3,4,3,1,1,2,2,2,1.33333333333333,2,0.666666666666667,1.5,0.707106781186548,1.66666666666667,-1.67752779871117,-1.45709832942113,0.22042946929004,-1.67752779871117,-1.54527011713715,2.59717427305025,0.334678453752741,0.0567151807757898,0,0,0.333333333333333,0.981796922450117,600,952,13784.6666666667,3.33333333333333,446,247.333333333333,7788.66666666667,6,368,161,1447,8,1.61803398874989,0.618033988749895,-0.618033988749895,-1.61803398874989,0,"unclassified",NA
"1100056002332950528",5,6,5,1,1,2,2,4,2,1,0.2,2.5,2.12132034355964,1.66666666666667,-4.24814711985014,-1.30357533251402,2.94457178733612,-1.30357533251402,-1.30357533251402,1.4909439898728,0.0293647699013877,0.0687670241308381,0,0,0.2,0.764277185337565,7447.8,3859,186560,8,22184.8,5085,91657.2,8.8,5848,449,49702,8,2.23606797749979,0,0,0,0,"unclassified",NA
"1100056803445039109",36,37,36,1,1,6,6,24,5.28571428571429,24,0.666666666666667,4.5,8.07111250961459,2.9039039039039,-1.76166850820201,0.479219184420475,2.24088769262248,-0.372703141306659,-0.372703141306659,2.03736513111579,0.135293923667404,0.0858339984348475,0.138050369432667,4.969813299576,0.722222222222222,0.652942628647661,2063.80555555556,2032,38434.6388888889,5.69444444444444,8498.97222222222,5309.66666666667,6523.72222222222,3.25,10466,5569,4565,2,4.94110051642129,2.43564526464312,1.68758843681365,1,0.955684976768942,"broadcast",1
"1100059487765962752",6,7,6,1,1,3,3,3,1.75,2,0.333333333333333,2,1,2.0952380952381,-0.879017165120683,0.709254630620959,1.58827179574164,0.309272119665151,0.709254630620959,2.59447743542621,0.118312749381821,0.201954859110057,0.115524530093324,0.693147180559945,0.833333333333333,0.57750169948358,3377.66666666667,1086,63446.8333333333,7.5,8092.83333333333,1475.5,128435.5,7.33333333333333,2365,1282,70092,7,2.13577920506986,1,0.662153446861957,-0.000000000000000000000000103667260608627,-0.662153446861956,"unclassified",NA
"1100061429737181187",37,38,37,1,1,4,4,27,7.6,27,0.72972972972973,5.28571428571429,9.63871163095784,2.76102418207681,-1.35872705702108,1.67237631079663,3.03110336781771,-0.406229127936313,-0.406229127936313,0.927495048215521,0.0254259495953956,0.0931746067722596,0.0562011227481036,2.07944154167983,0.27027027027027,0.628505628044559,3422.97297297297,3389.08108108108,44221.6216216216,5.16216216216216,18378.7567567568,5986.2972972973,44429.8918918919,6.78378378378378,17729,938,9939,7,5.20816708034146,2.27903319756031,1.72006088382551,0.980270336255893,0.87261902996421,"broadcast",1
"1100061769500741632",5,6,5,1,1,2,2,4,2,4,0.8,2.5,2.12132034355964,1.86666666666667,-1.93762335873278,-1.12626273608461,0.81136062264817,-1.12626273608461,-1.12626273608461,1.95476686886185,0.166320099250669,0.114377776992367,0,0,0.4,0.874755229052366,712.8,990.2,27255.8,2.4,11381.8,10609.4,38842.6,4.2,13962,12950,44585,5,2.07431329305194,0.834999618124467,0,0,-0.834999618124466,"unclassified",NA
"1100062771922812929",8,9,8,1,1,3,3,6,2.25,6,0.75,2.66666666666667,2.88675134594813,2.22222222222222,0.283313595531586,0.784901761813559,0.501588166281973,0.283313595531586,0.535811959434723,2.71991588352024,0.14568882069353,0.0346970341831041,0,0,0.375,0.567993028974006,1002.875,253.625,21735.375,4.125,1820.5,269,16268.875,5.875,1780,162,6202,6,2.49721204095683,1.32813102610406,0.00000000000000000133412797329532,0.00000000000000000000000000000000239806358271695,-0.0000000000000000000000000000000000000000000000000000000000000152521379268825,"unclassified",NA
"1100063090710904832",4,5,4,1,1,1,1,4,2.5,4,1,4,0,1.6,-1.31149415379761,-1.31149415379761,0,-1.31149415379761,-1.31149415379761,4.10139692633946,0.384245658949471,0.0952631767415605,0,0,0.75,0.568991473379417,1238.75,789.5,19854.25,5.25,1202,1473,8302,3,1202,1473,8302,3,2,0,0,0,-2,"unclassified",NA
