"tweet_id","depth","breadth"
"1098612205443010560",0,1
"1098612205443010560",1,4
"1098612205443010560",2,15
"1098612205443010560",3,4
"1098612230608703491",0,1
"1098612230608703491",1,3
"1098612230608703491",2,1
"1098612729739239424",0,1
"1098612729739239424",1,12
"1098612842985607168",0,1
"1098612842985607168",1,4
"1098614705244041218",0,1
"1098614705244041218",1,12
"1098615963535228928",0,1
"1098615963535228928",1,1
"1098615963535228928",2,1
"1098615963535228928",3,1
"1098617171478044673",0,1
"1098617171478044673",1,2
"1098617171478044673",2,1
"1098617171478044673",3,1
"1098617171478044673",4,1
"1098617351849869312",0,1
"1098617351849869312",1,3
"1098617351849869312",2,1
"1098617351849869312",3,1
"1098617351862452224",0,1
"1098617351862452224",1,2
"1098618199086489600",0,1
"1098618199086489600",1,6
"1098618199086489600",2,6
"1098618199086489600",3,3
"1098618199086489600",4,1
"1098618291357188096",0,1
"1098618291357188096",1,2
"1098618291357188096",2,2
"1098618291357188096",3,1
"1098618291357188096",4,1
"1098618291357188096",5,2
"1098618467526299648",0,1
"1098618467526299648",1,8
"1098618467526299648",2,40
"1098618467526299648",3,27
"1098618467526299648",4,1
"1098620233319895043",0,1
"1098620233319895043",1,1
"1098620233319895043",2,2
"1098620233319895043",3,2
"1098620371757088768",0,1
"1098620371757088768",1,7
"1098620749244444673",0,1
"1098620749244444673",1,1
"1098620749244444673",2,4
"1098620921190010881",0,1
"1098620921190010881",1,34
"1098620921190010881",2,13
"1098620921190010881",3,4
"1098620921190010881",4,4
"1098620921190010881",5,4
"1098620921190010881",6,4
"1098620921190010881",7,4
"1098620921190010881",8,2
"1098620921190010881",9,2
"1098620921190010881",10,1
"1098621277735133189",0,2
"1098621277735133189",1,6
"1098621277735133189",2,1
"1098621458077630464",0,1
"1098621458077630464",1,6
"1098621458077630464",2,3
"1098621646800384000",0,1
"1098621646800384000",1,2
"1098621646800384000",2,3
"1098621646800384000",3,1
"1098622041085878277",0,1
"1098622041085878277",1,68
"1098622041085878277",2,5
"1098622041085878277",3,2
"1098622397584941057",0,1
"1098622397584941057",1,1
"1098622397584941057",2,1
"1098623362295873538",0,1
"1098623362295873538",1,4
"1098623475546234886",0,1
"1098623475546234886",1,2
"1098623475546234886",2,3
"1098623475546234886",3,2
"1098623475546234886",4,1
"1098623475546234886",5,1
"1098624524126285825",0,1
"1098624524126285825",1,6
"1098624524126285825",2,1
"1098625006441885696",0,1
"1098625006441885696",1,3
"1098625006441885696",2,2
"1098625237158166528",0,1
"1098625237158166528",1,4
"1098627426555289600",0,1
"1098627426555289600",1,10
"1098627426555289600",2,1
"1098627858602344448",0,1
"1098627858602344448",1,47
"1098627858602344448",2,13
"1098627858602344448",3,18
"1098627858602344448",4,5
"1098627858602344448",5,4
"1098628584216743937",0,1
"1098628584216743937",1,4
"1098628642912038912",0,1
"1098628642912038912",1,1
"1098628642912038912",2,2
"1098628642912038912",3,4
"1098628642912038912",4,5
"1098628642912038912",5,3
"1098628642912038912",6,2
"1098628642912038912",7,1
"1098630786226495488",0,2
"1098630786226495488",1,2
"1098630786226495488",2,7
"1098630786226495488",3,4
"1098630786226495488",4,3
"1098630786226495488",5,3
"1098630786226495488",6,1
"1098630786226495488",7,5
"1098630786226495488",8,4
"1098630786226495488",9,2
"1098630786226495488",10,5
"1098630786226495488",11,2
"1098631964805005313",0,1
"1098631964805005313",1,4
"1098631964805005313",2,2
"1098632157746978816",0,1
"1098632157746978816",1,4
"1098632157746978816",2,4
"1098632157746978816",3,4
"1098632157746978816",4,3
"1098632157746978816",5,2
"1098632157746978816",6,1
"1098632157746978816",7,2
"1098632157746978816",8,2
"1098632157746978816",9,2
"1098632157746978816",10,1
"1098632157746978816",11,1
"1098632984029265922",0,1
"1098632984029265922",1,1
"1098632984029265922",2,2
"1098632984029265922",3,1
"1098633063733460992",0,1
"1098633063733460992",1,7
"1098633063733460992",2,3
"1098635286693724161",0,1
"1098635286693724161",1,7
"1098635404151017472",0,1
"1098635404151017472",1,2
"1098636532414627840",0,1
"1098636532414627840",1,38
"1098636532414627840",2,16
"1098636532414627840",3,9
"1098636532414627840",4,10
"1098636532414627840",5,6
"1098636532414627840",6,1
"1098638457574850560",0,1
"1098638457574850560",1,3
"1098638457574850560",2,2
"1098638478563250176",0,1
"1098638478563250176",1,20
"1098638478563250176",2,1
"1098639363548897280",0,1
"1098639363548897280",1,11
"1098639363548897280",2,7
"1098639363548897280",3,3
"1098639363548897280",4,1
"1098639363548897280",5,1
"1098640118540316673",0,3
"1098640118540316673",1,3
"1098640537974947843",0,1
"1098640537974947843",1,13
"1098640537974947843",2,4
"1098640537974947843",3,5
"1098640537974947843",4,1
"1098640537974947843",5,1
"1098640537974947843",6,1
"1098640537974947843",7,2
"1098641091627229188",0,1
"1098641091627229188",1,6
"1098641590732627969",0,1
"1098641590732627969",1,4
"1098641590732627969",2,3
"1098641590732627969",3,1
"1098641892705792001",0,1
"1098641892705792001",1,1
"1098641892705792001",2,1
"1098641892705792001",3,1
"1098641892705792001",4,1
"1098641892705792001",5,1
"1098641892705792001",6,1
"1098641892705792001",7,1
"1098641980807102464",0,1
"1098641980807102464",1,4
"1098641980807102464",2,5
"1098643557844467713",0,1
"1098643557844467713",1,14
"1098643557844467713",2,6
"1098643557844467713",3,1
"1098643557844467713",4,1
"1098643557844467713",5,2
"1098643557844467713",6,2
"1098643557844467713",7,2
"1098643557844467713",8,2
"1098643557844467713",9,1
"1098643557844467713",10,5
"1098643557844467713",11,2
"1098643557844467713",12,1
"1098643557844467713",13,1
"1098643557844467713",14,3
"1098643557844467713",15,4
"1098643557844467713",16,1
"1098643557844467713",17,3
"1098643557844467713",18,1
"1098643557844467713",19,1
"1098643557844467713",20,1
"1098643557844467713",21,3
"1098643557844467713",22,2
"1098643557844467713",23,3
"1098643557844467713",24,2
"1098643557844467713",25,5
"1098643557844467713",26,3
"1098643557844467713",27,1
"1098643671094685697",0,2
"1098643671094685697",1,2
"1098643671094685697",2,2
"1098643671094685697",3,4
"1098643671094685697",4,5
"1098643671094685697",5,4
"1098643671094685697",6,1
"1098643671094685697",7,2
"1098643671094685697",8,1
"1098643671094685697",9,3
"1098643671094685697",10,1
"1098643671094685697",11,3
"1098643671094685697",12,3
"1098643671094685697",13,1
"1098643671094685697",14,1
"1098643671094685697",15,2
"1098644434462347270",0,1
"1098644434462347270",1,14
"1098644434462347270",2,5
"1098644434462347270",3,7
"1098644434462347270",4,9
"1098644434462347270",5,5
"1098644434462347270",6,8
"1098644434462347270",7,6
"1098644434462347270",8,6
"1098644434462347270",9,4
"1098644434462347270",10,3
"1098644434462347270",11,3
"1098644434462347270",12,1
"1098646007338942465",0,1
"1098646007338942465",1,1
"1098646007338942465",2,2
"1098646007338942465",3,1
"1098646007338942465",4,1
"1098648255477571589",0,1
"1098648255477571589",1,1
"1098648255477571589",2,1
"1098648255477571589",3,2
"1098648255477571589",4,1
"1098648851077054464",0,1
"1098648851077054464",1,12
"1098648851077054464",2,4
"1098648851077054464",3,5
"1098648851077054464",4,7
"1098648851077054464",5,1
"1098648851077054464",6,1
"1098651413792673792",0,1
"1098651413792673792",1,5
"1098651413792673792",2,1
"1098654383351521282",0,1
"1098654383351521282",1,3
"1098654383351521282",2,1
"1098654383351521282",3,3
"1098654383351521282",4,1
"1098654383351521282",5,1
"1098654383351521282",6,1
"1098654383351521282",7,1
"1098654383351521282",8,1
"1098654383351521282",9,1
"1098654383351521282",10,1
"1098654383351521282",11,1
"1098655528417484802",0,1
"1098655528417484802",1,1
"1098655528417484802",2,9
"1098655528417484802",3,1
"1098657927538200576",0,1
"1098657927538200576",1,1
"1098657927538200576",2,9
"1098657927538200576",3,1
"1098658976126984192",0,1
"1098658976126984192",1,5
"1098661899573567489",0,1
"1098661899573567489",1,6
"1098662893594267649",0,1
"1098662893594267649",1,1
"1098662893594267649",2,5
"1098666165168209920",0,1
"1098666165168209920",1,20
"1098666165168209920",2,3
"1098666207119634437",0,1
"1098666207119634437",1,3
"1098666207119634437",2,1
"1098666710406758400",0,1
"1098666710406758400",1,1
"1098668346197839872",0,1
"1098668346197839872",1,3
"1098668346197839872",2,1
"1098668346197839872",3,1
"1098669193438904320",0,1
"1098669193438904320",1,3
"1098669193438904320",2,1
"1098669193438904320",3,1
"1098670564997255169",0,1
"1098670564997255169",1,2
"1098670564997255169",2,2
"1098670564997255169",3,1
"1098670564997255169",4,2
"1098670564997255169",5,1
"1098671080896643082",0,1
"1098671080896643082",1,6
"1098671932348747782",0,1
"1098671932348747782",1,4
"1098673589077925894",0,1
"1098673589077925894",1,5
"1098678349625507842",0,1
"1098678349625507842",1,14
"1098678349625507842",2,5
"1098680404809314304",0,1
"1098680404809314304",1,1
"1098680404809314304",2,3
"1098680404809314304",3,1
"1098681205929791491",0,1
"1098681205929791491",1,2
"1098681205929791491",2,1
"1098681205929791491",3,3
"1098681205929791491",4,2
"1098682061576118274",0,1
"1098682061576118274",1,3
"1098682061576118274",2,1
"1098683458287620096",0,1
"1098683458287620096",1,10
"1098683458287620096",2,6
"1098685446358470657",0,1
"1098685446358470657",1,1
"1098685446358470657",2,1
"1098685446358470657",3,1
"1098686411060858880",0,1
"1098686411060858880",1,3
"1098688961193693184",0,1
"1098688961193693184",1,12
"1098689103804141568",0,1
"1098689103804141568",1,24
"1098689435154239491",0,1
"1098689435154239491",1,2
"1098689435154239491",2,6
"1098689435154239491",3,2
"1098689892341698560",0,1
"1098689892341698560",1,3
"1098689892341698560",2,2
"1098689892341698560",3,7
"1098689892341698560",4,6
"1098691259701456896",0,1
"1098691259701456896",1,1
"1098691259701456896",2,1
"1098691259701456896",3,1
"1098691259701456896",4,2
"1098691259701456896",5,2
"1098691259701456896",6,3
"1098691259701456896",7,3
"1098691259701456896",8,6
"1098691259701456896",9,8
"1098691700074205186",0,1
"1098691700074205186",1,4
"1098691700074205186",2,1
"1098692396328529921",0,1
"1098692396328529921",1,7
"1098694975829684224",0,1
"1098694975829684224",1,5
"1098694975829684224",2,2
"1098696175404965889",0,5
"1098696175404965889",1,6
"1098696175404965889",2,3
"1098696175404965889",3,2
"1098696175404965889",4,1
"1098696561301835776",0,1
"1098696561301835776",1,2
"1098696561301835776",2,1
"1098696561301835776",3,1
"1098696561301835776",4,1
"1098696561301835776",5,2
"1098696561301835776",6,1
"1098696934573989889",0,1
"1098696934573989889",1,6
"1098698092185030661",0,1
"1098698092185030661",1,10
"1098698092185030661",2,4
"1098698092185030661",3,1
"1098698243217809411",0,1
"1098698243217809411",1,16
"1098698243217809411",2,5
"1098699031725965314",0,1
"1098699031725965314",1,3
"1098699031725965314",2,1
"1098699031725965314",3,1
"1098699379848941568",0,1
"1098699379848941568",1,11
"1098700139022053376",0,2
"1098700139022053376",1,2
"1098700139022053376",2,1
"1098703305721696262",0,1
"1098703305721696262",1,59
"1098703305721696262",2,9
"1098703305721696262",3,8
"1098703305721696262",4,1
"1098703427339776001",0,1
"1098703427339776001",1,12
"1098704329136132099",0,1
"1098704329136132099",1,1
"1098704329136132099",2,7
"1098704329136132099",3,1
"1098704329136132099",4,1
"1098704329136132099",5,1
"1098704840836960259",0,1
"1098704840836960259",1,1
"1098704840836960259",2,1
"1098704840836960259",3,1
"1098704840836960259",4,1
"1098704840836960259",5,1
"1098704840836960259",6,1
"1098705121855197184",0,1
"1098705121855197184",1,4
"1098705121855197184",2,1
"1098706715711811584",0,1
"1098706715711811584",1,11
"1098706715711811584",2,10
"1098706715711811584",3,3
"1098706715711811584",4,1
"1098707097359929345",0,1
"1098707097359929345",1,2
"1098707760072609792",0,1
"1098707760072609792",1,3
"1098708095629492225",0,1
"1098708095629492225",1,6
"1098708095629492225",2,2
"1098710972913668097",0,1
"1098710972913668097",1,4
"1098711161644769280",0,1
"1098711161644769280",1,4
"1098711463638626305",0,1
"1098711463638626305",1,3
"1098711463638626305",2,2
"1098712847759085571",0,1
"1098712847759085571",1,1
"1098714609366822912",0,1
"1098714609366822912",1,3
"1098714609366822912",2,1
"1098714965870022656",0,2
"1098714965870022656",1,2
"1098717096597434371",0,1
"1098717096597434371",1,5
"1098717197256527877",0,1
"1098717197256527877",1,1
"1098717197256527877",2,1
"1098721781647638530",0,1
"1098721781647638530",1,5
"1098722259777306624",0,1
"1098722259777306624",1,4
"1098727037089472512",0,1
"1098727037089472512",1,1
"1098727037089472512",2,9
"1098727599134728192",0,1
"1098727599134728192",1,13
"1098727599134728192",2,16
"1098727905302118400",0,1
"1098727905302118400",1,1
"1098727905302118400",2,2
"1098729037776719873",0,1
"1098729037776719873",1,1
"1098729037776719873",2,1
"1098729037776719873",3,1
"1098729037776719873",4,1
"1098729687910703104",0,1
"1098729687910703104",1,13
"1098730115708710913",0,1
"1098730115708710913",1,6
"1098730115708710913",2,5
"1098730115708710913",3,2
"1098730115708710913",4,2
"1098730115708710913",5,1
"1098731097167323137",0,1
"1098731097167323137",1,1
"1098731353036804096",0,1
"1098731353036804096",1,5
"1098731353036804096",2,4
"1098731353036804096",3,2
"1098731353036804096",4,4
"1098731353036804096",5,3
"1098731353036804096",6,4
"1098731353036804096",7,2
"1098732196108664839",0,2
"1098732196108664839",1,15
"1098732196108664839",2,11
"1098732196108664839",3,9
"1098732196108664839",4,6
"1098732196108664839",5,3
"1098732196108664839",6,2
"1098732196108664839",7,3
"1098732196108664839",8,2
"1098732196108664839",9,3
"1098733118838628352",0,1
"1098733118838628352",1,1
"1098733253039661060",0,1
"1098733253039661060",1,5
"1098733253039661060",2,5
"1098738063914778624",0,1
"1098738063914778624",1,5
"1098738558838493186",0,1
"1098738558838493186",1,51
"1098738558838493186",2,20
"1098738558838493186",3,4
"1098738558838493186",4,4
"1098738558838493186",5,2
"1098738558838493186",6,1
"1098738722416279552",0,1
"1098738722416279552",1,5
"1098738722432987136",0,1
"1098738722432987136",1,8
"1098738722432987136",2,2
"1098741645850411011",0,2
"1098741645850411011",1,4
"1098741645850411011",2,1
"1098741645850411011",3,1
"1098741645850411011",4,1
"1098741985584701441",0,1
"1098741985584701441",1,46
"1098741985584701441",2,19
"1098741985584701441",3,6
"1098742316943241217",0,1
"1098742316943241217",1,8
"1098742446966665222",0,1
"1098742446966665222",1,4
"1098742446966665222",2,18
"1098742446966665222",3,4
"1098742446966665222",4,2
"1098743868831367168",0,1
"1098743868831367168",1,5
"1098743868831367168",2,1
"1098743868831367168",3,3
"1098743868831367168",4,4
"1098744690902515712",0,1
"1098744690902515712",1,5
"1098744690902515712",2,2
"1098745089386524673",0,1
"1098745089386524673",1,8
"1098745089386524673",2,8
"1098745089386524673",3,1
"1098745630447583232",0,1
"1098745630447583232",1,1
"1098745630447583232",2,1
"1098745630447583232",3,1
"1098745630447583232",4,1
"1098745630447583232",5,1
"1098746360235323392",0,1
"1098746360235323392",1,5
"1098747509491433472",0,1
"1098747509491433472",1,5
"1098747509491433472",2,2
"1098747715003924480",0,1
"1098747715003924480",1,2
"1098747715003924480",2,2
"1098747715003924480",3,2
"1098747715003924480",4,1
"1098747715003924480",5,1
"1098747715003924480",6,1
"1098747715003924480",7,1
"1098747715003924480",8,1
"1098747715003924480",9,1
"1098749996705435648",0,1
"1098749996705435648",1,1
"1098749996705435648",2,1
"1098749996705435648",3,1
"1098749996705435648",4,1
"1098749996705435648",5,1
"1098749996705435648",6,1
"1098749996705435648",7,1
"1098749996705435648",8,1
"1098749996705435648",9,1
"1098749996705435648",10,1
"1098749996705435648",11,2
"1098749996705435648",12,1
"1098749996705435648",13,1
"1098749996705435648",14,1
"1098749996705435648",15,1
"1098749996705435648",16,1
"1098749996705435648",17,1
"1098749996705435648",18,1
"1098749996705435648",19,3
"1098749996705435648",20,3
"1098749996705435648",21,3
"1098754413311729665",0,1
"1098754413311729665",1,5
"1098754413311729665",2,8
"1098754870516088837",0,1
"1098754870516088837",1,1
"1098754870516088837",2,1
"1098754870516088837",3,2
"1098754870516088837",4,3
"1098754870516088837",5,1
"1098755600287068161",0,1
"1098755600287068161",1,1
"1098755600287068161",2,1
"1098755600287068161",3,2
"1098755600287068161",4,1
"1098755600287068161",5,2
"1098755600287068161",6,2
"1098755600287068161",7,1
"1098757865211338752",0,1
"1098757865211338752",1,2
"1098757865211338752",2,2
"1098757865211338752",3,1
"1098757865211338752",4,1
"1098757865211338752",5,1
"1098757865211338752",6,2
"1098757865211338752",7,3
"1098757865211338752",8,1
"1098758464996814849",0,1
"1098758464996814849",1,3
"1098758464996814849",2,2
"1098758464996814849",3,1
"1098758767003533314",0,1
"1098758767003533314",1,7
"1098758767003533314",2,2
"1098758767003533314",3,1
"1098758767003533314",4,1
"1098760029484867584",0,1
"1098760029484867584",1,5
"1098760029484867584",2,3
"1098760029484867584",3,1
"1098765637273427970",0,1
"1098765637273427970",1,5
"1098765637273427970",2,1
"1098767138830106624",0,4
"1098767138830106624",1,5
"1098767138830106624",2,4
"1098767138830106624",3,4
"1098769886107578368",0,1
"1098769886107578368",1,79
"1098769886107578368",2,1
"1098773094729166849",0,1
"1098773094729166849",1,9
"1098773094729166849",2,1
"1098773677749850112",0,1
"1098773677749850112",1,5
"1098774185277575168",0,3
"1098774185277575168",1,4
"1098774185277575168",2,4
"1098774185277575168",3,3
"1098774185277575168",4,3
"1098774185277575168",5,4
"1098774185277575168",6,8
"1098774185277575168",7,3
"1098774185277575168",8,5
"1098774185277575168",9,5
"1098774185277575168",10,4
"1098774185277575168",11,5
"1098774185277575168",12,6
"1098774185277575168",13,3
"1098774185277575168",14,4
"1098774185277575168",15,2
"1098774185277575168",16,5
"1098774185277575168",17,2
"1098774193636700160",0,1
"1098774193636700160",1,3
"1098774193636700160",2,2
"1098774193636700160",3,1
"1098778450880536576",0,1
"1098778450880536576",1,1
"1098778450880536576",2,1
"1098778450880536576",3,2
"1098778450880536576",4,1
"1098779176499335168",0,1
"1098779176499335168",1,4
"1098779176499335168",2,4
"1098779176499335168",3,2
"1098779176499335168",4,1
"1098779176499335168",5,1
"1098779675608928256",0,1
"1098779675608928256",1,17
"1098780615124680704",0,1
"1098780615124680704",1,1
"1098780615124680704",2,1
"1098780615124680704",3,1
"1098780615124680704",4,1
"1098781663700705280",0,1
"1098781663700705280",1,4
"1098782125082492929",0,1
"1098782125082492929",1,2
"1098782125082492929",2,2
"1098782125082492929",3,1
"1098782125082492929",4,2
"1098782125082492929",5,2
"1098782125082492929",6,1
"1098782125082492929",7,1
"1098782125082492929",8,3
"1098782125082492929",9,1
"1098782125082492929",10,1
"1098782125082492929",11,1
"1098782880057180160",0,2
"1098782880057180160",1,5
"1098782880057180160",2,2
"1098782880057180160",3,2
"1098782880057180160",4,8
"1098786667521953793",0,4
"1098786667521953793",1,13
"1098786667521953793",2,18
"1098786667521953793",3,7
"1098786667521953793",4,1
"1098787103737925632",0,1
"1098787103737925632",1,23
"1098787103737925632",2,3
"1098787103737925632",3,1
"1098787103737925632",4,1
"1098787103737925632",5,3
"1098787103737925632",6,4
"1098787103737925632",7,1
"1098787418285592576",0,1
"1098787418285592576",1,2
"1098787418285592576",2,1
"1098787418285592576",3,1
"1098789129574379521",0,1
"1098789129574379521",1,6
"1098789653874761728",0,1
"1098789653874761728",1,10
"1098789653874761728",2,1
"1098790664702021633",0,1
"1098790664702021633",1,1
"1098791541282430977",0,1
"1098791541282430977",1,11
"1098791541282430977",2,3
"1098791541282430977",3,1
"1098791541282430977",4,2
"1098795714610638848",0,1
"1098795714610638848",1,9
"1098795714610638848",2,3
"1098795714610638848",3,2
"1098795714610638848",4,1
"1098800496150831105",0,5
"1098800496150831105",1,5
"1098800496150831105",2,1
"1098801083344920578",0,1
"1098801083344920578",1,59
"1098801083344920578",2,15
"1098801083344920578",3,2
"1098801565694025728",0,1
"1098801565694025728",1,5
"1098803591526207488",0,1
"1098803591526207488",1,2
"1098803591526207488",2,1
"1098803591526207488",3,1
"1098803901904576513",0,2
"1098803901904576513",1,3
"1098803989972316160",0,1
"1098803989972316160",1,40
"1098803989972316160",2,8
"1098803989972316160",3,3
"1098803989972316160",4,3
"1098803989972316160",5,1
"1098814618363879424",0,1
"1098814618363879424",1,12
"1098814618363879424",2,4
"1098816195426439170",0,1
"1098816195426439170",1,11
"1098816195426439170",2,2
"1098816195426439170",3,45
"1098816195426439170",4,2
"1098816296072794114",0,1
"1098816296072794114",1,3
"1098816296072794114",2,1
"1098816296072794114",3,1
"1098818133177954305",0,1
"1098818133177954305",1,3
"1098818133177954305",2,1
"1098818338698887168",0,1
"1098818338698887168",1,3
"1098818338698887168",2,1
"1098818338698887168",3,2
"1098818338698887168",4,1
"1098824193964007424",0,1
"1098824193964007424",1,75
"1098824193964007424",2,2
"1098826152674840581",0,1
"1098826152674840581",1,21
"1098826152674840581",2,3
"1098826152674840581",3,7
"1098826152674840581",4,2
"1098826714711511040",0,1
"1098826714711511040",1,9
"1098826714711511040",2,2
"1098826714711511040",3,2
"1098826714711511040",4,1
"1098826714711511040",5,1
"1098828375693684737",0,1
"1098828375693684737",1,7
"1098828375693684737",2,3
"1098830175037313024",0,1
"1098830175037313024",1,1
"1098830351210856448",0,1
"1098830351210856448",1,3
"1098830749669699584",0,1
"1098830749669699584",1,57
"1098830749669699584",2,22
"1098830749669699584",3,7
"1098830749669699584",4,2
"1098830749669699584",5,4
"1098832918124863488",0,1
"1098832918124863488",1,38
"1098832918124863488",2,4
"1098833530463928320",0,1
"1098833530463928320",1,1
"1098833530463928320",2,1
"1098833530463928320",3,1
"1098833530463928320",4,1
"1098833530463928320",5,1
"1098833530463928320",6,2
"1098833530463928320",7,2
"1098833530463928320",8,1
"1098833530463928320",9,1
"1098833530463928320",10,1
"1098835837352067072",0,1
"1098835837352067072",1,8
"1098835837352067072",2,1
"1098835837352067072",3,1
"1098836265171124225",0,1
"1098836265171124225",1,6
"1098836265171124225",2,3
"1098836265171124225",3,2
"1098836265171124225",4,2
"1098836265171124225",5,3
"1098836265171124225",6,1
"1098839280875700224",0,1
"1098839280875700224",1,29
"1098839280875700224",2,7
"1098839280875700224",3,44
"1098839280875700224",4,7
"1098839280875700224",5,2
"1098840618866884608",0,1
"1098840618866884608",1,1
"1098840618866884608",2,1
"1098840618866884608",3,2
"1098840618866884608",4,2
"1098840618866884608",5,2
"1098845295490654212",0,1
"1098845295490654212",1,1
"1098845295490654212",2,4
"1098845295490654212",3,2
"1098845295490654212",4,1
"1098849334605594625",0,1
"1098849334605594625",1,1
"1098849334605594625",2,7
"1098849334605594625",3,2
"1098849334605594625",4,2
"1098855147919298561",0,1
"1098855147919298561",1,3
"1098855147919298561",2,2
"1098856615913115649",0,1
"1098856615913115649",1,21
"1098856615913115649",2,2
"1098856615913115649",3,4
"1098856615913115649",4,2
"1098856615913115649",5,3
"1098856615913115649",6,3
"1098856615913115649",7,1
"1098856615913115649",8,1
"1098857479939645441",0,1
"1098857479939645441",1,31
"1098857479939645441",2,5
"1098857479939645441",3,12
"1098857479939645441",4,19
"1098857479939645441",5,15
"1098857479939645441",6,3
"1098858977297920000",0,1
"1098858977297920000",1,2
"1098858977297920000",2,3
"1098858977297920000",3,1
"1098860504028667904",0,1
"1098860504028667904",1,1
"1098860730542043138",0,1
"1098860730542043138",1,6
"1098860730542043138",2,3
"1098860730542043138",3,2
"1098860831188631553",0,1
"1098860831188631553",1,1
"1098860831188631553",2,1
"1098860831188631553",3,1
"1098860831188631553",4,1
"1098860831188631553",5,1
"1098860831188631553",6,1
"1098861007349391360",0,1
"1098861007349391360",1,1
"1098861867177525248",0,1
"1098861867177525248",1,9
"1098862458570244096",0,1
"1098862458570244096",1,2
"1098862458570244096",2,2
"1098862458570244096",3,2
"1098862458570244096",4,2
"1098862458570244096",5,1
"1098862458570244096",6,2
"1098862458570244096",7,1
"1098862458570244096",8,1
"1098867135256891393",0,1
"1098867135256891393",1,2
"1098867135256891393",2,2
"1098867135256891393",3,2
"1098867135256891393",4,2
"1098867135256891393",5,1
"1098867521116127235",0,5
"1098867521116127235",1,9
"1098867521116127235",2,3
"1098867521116127235",3,1
"1098867521116127235",4,1
"1098869156898852869",0,1
"1098869156898852869",1,5
"1098869156898852869",2,1
"1098872269068218368",0,1
"1098872269068218368",1,1
"1098872269068218368",2,1
"1098872906581340160",0,1
"1098872906581340160",1,48
"1098872906581340160",2,5
"1098872906581340160",3,2
"1098872906581340160",4,21
"1098872906581340160",5,3
"1098873208592310272",0,1
"1098873208592310272",1,59
"1098873208592310272",2,11
"1098875041499004928",0,1
"1098875041499004928",1,70
"1098875041499004928",2,5
"1098875041499004928",3,1
"1098875716785983488",0,1
"1098875716785983488",1,3
"1098875716785983488",2,3
"1098875716785983488",3,2
"1098881022559772672",0,1
"1098881022559772672",1,5
"1098881022559772672",2,5
"1098881022559772672",3,1
"1098881022559772672",4,3
"1098882943555170305",0,1
"1098882943555170305",1,14
"1098882943555170305",2,11
"1098882943555170305",3,4
"1098882943555170305",4,4
"1098882943555170305",5,3
"1098883866322964480",0,2
"1098883866322964480",1,3
"1098883866322964480",2,3
"1098883866322964480",3,2
"1098883866322964480",4,1
"1098883992143708160",0,1
"1098883992143708160",1,17
"1098883992143708160",2,2
"1098883992143708160",3,5
"1098883992143708160",4,2
"1098884155713179648",0,1
"1098884155713179648",1,1
"1098884155713179648",2,1
"1098884155713179648",3,2
"1098884155713179648",4,2
"1098884155713179648",5,1
"1098885292365369345",0,1
"1098885292365369345",1,3
"1098885292365369345",2,1
"1098886131234439168",0,1
"1098886131234439168",1,1
"1098886131234439168",2,1
"1098886131234439168",3,1
"1098887544702406658",0,1
"1098887544702406658",1,2
"1098887544702406658",2,2
"1098887544702406658",3,1
"1098887800592699392",0,1
"1098887800592699392",1,38
"1098887800592699392",2,23
"1098887800592699392",3,22
"1098887800592699392",4,6
"1098888257742430208",0,1
"1098888257742430208",1,42
"1098888257742430208",2,7
"1098888257742430208",3,5
"1098888945599827968",0,1
"1098888945599827968",1,1
"1098888945599827968",2,2
"1098888945599827968",3,2
"1098890212296536065",0,1
"1098890212296536065",1,16
"1098890212296536065",2,2
"1098891382494760966",0,1
"1098891382494760966",1,7
"1098892758226558981",0,1
"1098892758226558981",1,24
"1098892758226558981",2,2
"1098892766619287552",0,1
"1098892766619287552",1,21
"1098892766619287552",2,2
"1098892766619287552",3,2
"1098896843482767360",0,1
"1098896843482767360",1,2
"1098896843482767360",2,3
"1098896981919858688",0,1
"1098896981919858688",1,41
"1098896981919858688",2,14
"1098896981919858688",3,4
"1098896981919858688",4,2
"1098898332490125312",0,1
"1098898332490125312",1,4
"1098898332490125312",2,2
"1098898332490125312",3,2
"1098898332490125312",4,1
"1098898332490125312",5,1
"1098898332490125312",6,1
"1098898332490125312",7,1
"1098898332490125312",8,2
"1098898332490125312",9,4
"1098898332490125312",10,1
"1098898332490125312",11,2
"1098898332490125312",12,2
"1098898437326716928",0,1
"1098898437326716928",1,5
"1098898437326716928",2,2
"1098898437326716928",3,5
"1098898437326716928",4,1
"1098899485915111424",0,1
"1098899485915111424",1,3
"1098900580632809473",0,3
"1098900580632809473",1,3
"1098900580632809473",2,1
"1098900974884847618",0,1
"1098900974884847618",1,6
"1098900974884847618",2,2
"1098900974884847618",3,1
"1098903621494661123",0,1
"1098903621494661123",1,1
"1098903621494661123",2,2
"1098903621494661123",3,2
"1098903621494661123",4,1
"1098914845435588608",0,1
"1098914845435588608",1,5
"1098914845435588608",2,1
"1098915432642285570",0,1
"1098915432642285570",1,1
"1098915432642285570",2,1
"1098915432642285570",3,1
"1098915432642285570",4,2
"1098916346987982848",0,1
"1098916346987982848",1,2
"1098916346987982848",2,1
"1098916346987982848",3,2
"1098917747923263488",0,1
"1098917747923263488",1,2
"1098917747923263488",2,1
"1098917747923263488",3,2
"1098919148783091712",0,1
"1098919148783091712",1,2
"1098919148783091712",2,2
"1098919148783091712",3,1
"1098922391009398784",0,1
"1098922391009398784",1,1
"1098922391009398784",2,1
"1098922391009398784",3,3
"1098924433618550784",0,1
"1098924433618550784",1,3
"1098924433618550784",2,1
"1098924433618550784",3,1
"1098924433618550784",4,1
"1098924433618550784",5,1
"1098924433618550784",6,1
"1098925658372227073",0,1
"1098925658372227073",1,3
"1098925658372227073",2,1
"1098925658372227073",3,1
"1098926002292441089",0,1
"1098926002292441089",1,2
"1098926002292441089",2,3
"1098926002292441089",3,2
"1098926002292441089",4,2
"1098926002292441089",5,1
"1098926002292441089",6,1
"1098926002292441089",7,1
"1098926211991068673",0,1
"1098926211991068673",1,2
"1098926971181060096",0,1
"1098926971181060096",1,3
"1098926971181060096",2,2
"1098927042500931584",0,1
"1098927042500931584",1,28
"1098927042500931584",2,22
"1098927042500931584",3,20
"1098927042500931584",4,11
"1098927042500931584",5,2
"1098927549986586625",0,1
"1098927549986586625",1,20
"1098927549986586625",2,2
"1098928229459640320",0,1
"1098928229459640320",1,10
"1098928229459640320",2,5
"1098928229459640320",3,5
"1098928229459640320",4,6
"1098928229459640320",5,2
"1098928913147981824",0,1
"1098928913147981824",1,4
"1098928913147981824",2,1
"1098930196609150977",0,1
"1098930196609150977",1,2
"1098930196609150977",2,4
"1098930196609150977",3,2
"1098930196609150977",4,1
"1098930196609150977",5,1
"1098930196609150977",6,1
"1098930695722930177",0,1
"1098930695722930177",1,5
"1098934248298475520",0,1
"1098934248298475520",1,4
"1098934248298475520",2,1
"1098935192021028865",0,1
"1098935192021028865",1,2
"1098935192021028865",2,2
"1098937574394130432",0,1
"1098937574394130432",1,26
"1098937574394130432",2,5
"1098938094483578880",0,1
"1098938094483578880",1,1
"1098938094483578880",2,2
"1098939688314916864",0,1
"1098939688314916864",1,1
"1098939688314916864",2,2
"1098942209095692288",0,1
"1098942209095692288",1,4
"1098942481696206850",0,1
"1098942481696206850",1,2
"1098942481696206850",2,3
"1098942481696206850",3,2
"1098942481696206850",4,2
"1098943698044420098",0,1
"1098943698044420098",1,7
"1098943698044420098",2,5
"1098944633394978816",0,1
"1098944633394978816",1,49
"1098944633394978816",2,15
"1098944633394978816",3,1
"1098944633394978816",4,1
"1098944633394978816",5,1
"1098949851105120256",0,1
"1098949851105120256",1,2
"1098949851105120256",2,1
"1098950220187086853",0,1
"1098950220187086853",1,68
"1098950220187086853",2,9
"1098950220187086853",3,3
"1098950220187086853",4,1
"1098950723516186626",0,1
"1098950723516186626",1,7
"1098950723516186626",2,7
"1098950723516186626",3,8
"1098950723516186626",4,7
"1098950723516186626",5,6
"1098950723516186626",6,3
"1098950723516186626",7,1
"1098950723516186626",8,1
"1098950748694593541",0,1
"1098950748694593541",1,2
"1098950748694593541",2,1
"1098950748694593541",3,2
"1098951126186184706",0,1
"1098951126186184706",1,2
"1098951126186184706",2,2
"1098951126186184706",3,1
"1098951818220990464",0,1
"1098951818220990464",1,9
"1098954716506189826",0,1
"1098954716506189826",1,5
"1098954716506189826",2,4
"1098954716506189826",3,3
"1098954716506189826",4,4
"1098954716506189826",5,4
"1098954716506189826",6,2
"1098956469700100096",0,1
"1098956469700100096",1,3
"1098957946107686912",0,1
"1098957946107686912",1,1
"1098957946107686912",2,2
"1098958092895686656",0,1
"1098958092895686656",1,2
"1098958092895686656",2,2
"1098958092895686656",3,2
"1098960022292348929",0,1
"1098960022292348929",1,4
"1098960022292348929",2,1
"1098962958317744128",0,2
"1098962958317744128",1,37
"1098962958317744128",2,13
"1098962958317744128",3,9
"1098962958317744128",4,3
"1098963507763007490",0,1
"1098963507763007490",1,2
"1098963507763007490",2,1
"1098963507763007490",3,1
"1098964858341535744",0,1
"1098964858341535744",1,3
"1098964858341535744",2,1
"1098964858341535744",3,3
"1098964858341535744",4,1
"1098964858341535744",5,3
"1098964858341535744",6,1
"1098964858341535744",7,2
"1098964858341535744",8,1
"1098964858341535744",9,4
"1098964858341535744",10,26
"1098964858341535744",11,2
"1098964858341535744",12,3
"1098964900284690433",0,1
"1098964900284690433",1,5
"1098967043578175489",0,1
"1098967043578175489",1,1
"1098967127426510848",0,1
"1098967127426510848",1,8
"1098967127426510848",2,3
"1098967127426510848",3,3
"1098967156799275008",0,1
"1098967156799275008",1,3
"1098967156799275008",2,1
"1098967156799275008",3,1
"1098967987263016960",0,1
"1098967987263016960",1,4
"1098968192796495874",0,1
"1098968192796495874",1,1
"1098968192796495874",2,1
"1098968192796495874",3,1
"1098968192796495874",4,2
"1098968192796495874",5,1
"1098969123915223041",0,1
"1098969123915223041",1,5
"1098969199420964865",0,1
"1098969199420964865",1,18
"1098969199420964865",2,5
"1098969199420964865",3,3
"1098969199420964865",4,1
"1098969199420964865",5,1
"1098969446914371584",0,1
"1098969446914371584",1,3
"1098969446914371584",2,13
"1098969748870582272",0,1
"1098969748870582272",1,1
"1098969748870582272",2,1
"1098969748870582272",3,1
"1098969748870582272",4,1
"1098969748870582272",5,1
"1098970457728937985",0,1
"1098970457728937985",1,7
"1098971921532706816",0,1
"1098971921532706816",1,6
"1098971921532706816",2,1
"1098971921532706816",3,1
"1098971921532706816",4,1
"1098971921532706816",5,2
"1098971950897086465",0,1
"1098971950897086465",1,10
"1098971950897086465",2,2
"1098971950897086465",3,1
"1098972227708612612",0,1
"1098972227708612612",1,1
"1098972227708612612",2,2
"1098972227708612612",3,1
"1098972630390996993",0,1
"1098972630390996993",1,2
"1098972630390996993",2,2
"1098972630390996993",3,1
"1098974693984518146",0,1
"1098974693984518146",1,2
"1098974693984518146",2,1
"1098974693984518146",3,2
"1098975436351115266",0,1
"1098975436351115266",1,5
"1098976031950729216",0,1
"1098976031950729216",1,6
"1098976031950729216",2,1
"1098976413615439872",0,1
"1098976413615439872",1,57
"1098976413615439872",2,9
"1098976413615439872",3,1
"1098980263999213569",0,1
"1098980263999213569",1,5
"1098980817668370432",0,1
"1098980817668370432",1,32
"1098980817668370432",2,5
"1098980817668370432",3,3
"1098980817668370432",4,3
"1098980817668370432",5,2
"1098981291624751105",0,2
"1098981291624751105",1,3
"1098981291624751105",2,3
"1098981291624751105",3,3
"1098981291624751105",4,3
"1098981291624751105",5,1
"1098981291624751105",6,1
"1098982126291206149",0,1
"1098982126291206149",1,4
"1098982126291206149",2,2
"1098982126291206149",3,1
"1098982126291206149",4,6
"1098982126291206149",5,1
"1098982382143660032",0,1
"1098982382143660032",1,10
"1098982382143660032",2,13
"1098982382143660032",3,4
"1098982382143660032",4,2
"1098982382143660032",5,1
"1098982382143660032",6,1
"1098982382143660032",7,1
"1098983330039689217",0,1
"1098983330039689217",1,11
"1098983330039689217",2,4
"1098983330039689217",3,1
"1098983850154184704",0,1
"1098983850154184704",1,3
"1098984043075514368",0,1
"1098984043075514368",1,6
"1098984043075514368",2,1
"1098985683039997952",0,1
"1098985683039997952",1,2
"1098987432068943875",0,1
"1098987432068943875",1,2
"1098987432068943875",2,1
"1098987432068943875",3,1
"1098987432068943875",4,1
"1098988652619796480",0,1
"1098988652619796480",1,6
"1098988652619796480",2,1
"1098988652619796480",3,4
"1098988652619796480",4,1
"1098988652619796480",5,2
"1098988912658300939",0,1
"1098988912658300939",1,7
"1098988912658300939",2,1
"1098992481994190848",0,1
"1098992481994190848",1,7
"1098993283110440960",0,2
"1098993283110440960",1,4
"1098993283110440960",2,2
"1098993283110440960",3,2
"1098993283110440960",4,3
"1098993283110440960",5,2
"1098993794815537154",0,8
"1098993794815537154",1,11
"1098993794815537154",2,15
"1098993794815537154",3,8
"1098993794815537154",4,5
"1098993794815537154",5,3
"1098993803204153344",0,1
"1098993803204153344",1,1
"1098993803204153344",2,1
"1098993803204153344",3,3
"1098993803204153344",4,2
"1098993803204153344",5,2
"1098993803204153344",6,3
"1098993803204153344",7,3
"1098993803204153344",8,2
"1098993803204153344",9,2
"1098993803204153344",10,3
"1098993803204153344",11,3
"1098993803204153344",12,3
"1098993803204153344",13,3
"1098993803204153344",14,6
"1098993803204153344",15,2
"1098993803204153344",16,2
"1098993803204153344",17,3
"1098993803204153344",18,1
"1098993803204153344",19,3
"1098993803204153344",20,1
"1098993803204153344",21,1
"1098993803204153344",22,1
"1098993803204153344",23,1
"1098993803204153344",24,1
"1098993803204153344",25,4
"1098993803204153344",26,1
"1098993803204153344",27,1
"1098993803204153344",28,4
"1098993803204153344",29,2
"1098993803204153344",30,1
"1098993803204153344",31,2
"1098993803204153344",32,1
"1098994163922673664",0,1
"1098994163922673664",1,2
"1098994163922673664",2,1
"1098995317381320704",0,1
"1098995317381320704",1,4
"1098995317381320704",2,3
"1098995678079004674",0,1
"1098995678079004674",1,2
"1098995678079004674",2,9
"1098995678079004674",3,1
"1098997569689145345",0,1
"1098997569689145345",1,2
"1098997569689145345",2,1
"1098997569689145345",3,1
"1098997762652286976",0,1
"1098997762652286976",1,2
"1098997762652286976",2,2
"1098997762652286976",3,2
"1098997762652286976",4,1
"1098997762652286976",5,1
"1098998765069975553",0,1
"1098998765069975553",1,17
"1098998765069975553",2,3
"1098999624898134022",0,1
"1098999624898134022",1,9
"1098999624898134022",2,4
"1098999624898134022",3,2
"1098999838803456001",0,1
"1098999838803456001",1,2
"1098999838803456001",2,2
"1098999838803456001",3,1
"1099000581199446016",0,1
"1099000581199446016",1,1
"1099000581199446016",2,2
"1099000581199446016",3,5
"1099000581199446016",4,2
"1099000581199446016",5,1
"1099000581199446016",6,1
"1099000946133209088",0,1
"1099000946133209088",1,10
"1099000946133209088",2,1
"1099001537496473600",0,1
"1099001537496473600",1,7
"1099005236889509888",0,1
"1099005236889509888",1,1
"1099005236889509888",2,1
"1099005236889509888",3,1
"1099005756978929665",0,1
"1099005756978929665",1,5
"1099005756978929665",2,3
"1099005924767944704",0,1
"1099005924767944704",1,8
"1099007124347211776",0,1
"1099007124347211776",1,35
"1099007124347211776",2,12
"1099007124347211776",3,15
"1099007124347211776",4,17
"1099007124347211776",5,6
"1099007124347211776",6,6
"1099007124347211776",7,3
"1099008634296651776",0,1
"1099008634296651776",1,10
"1099008760108875776",0,1
"1099008760108875776",1,40
"1099008760108875776",2,27
"1099008760108875776",3,4
"1099009653504176128",0,1
"1099009653504176128",1,3
"1099010794354868224",0,3
"1099010794354868224",1,3
"1099010794354868224",2,3
"1099010794354868224",3,2
"1099010794354868224",4,2
"1099010794354868224",5,1
"1099011851319418880",0,1
"1099011851319418880",1,6
"1099011851319418880",2,4
"1099012044244815872",0,1
"1099012044244815872",1,3
"1099012044244815872",2,2
"1099012044244815872",3,1
"1099012044244815872",4,1
"1099012044244815872",5,1
"1099012044244815872",6,3
"1099014728620199937",0,1
"1099014728620199937",1,2
"1099014728620199937",2,2
"1099014728620199937",3,2
"1099015227742568448",0,1
"1099015227742568448",1,41
"1099015227742568448",2,3
"1099015974290972673",0,1
"1099015974290972673",1,2
"1099015974290972673",2,4
"1099015974290972673",3,1
"1099017295496732672",0,1
"1099017295496732672",1,6
"1099017295496732672",2,7
"1099017295496732672",3,1
"1099017295496732672",4,5
"1099017295496732672",5,1
"1099017295496732672",6,1
"1099017928836554752",0,1
"1099017928836554752",1,2
"1099017928836554752",2,2
"1099017928836554752",3,2
"1099017928836554752",4,1
"1099017928836554752",5,2
"1099018306332307456",0,3
"1099018306332307456",1,11
"1099019841477009410",0,1
"1099019841477009410",1,2
"1099019841477009410",2,2
"1099019841477009410",3,1
"1099020286043729920",0,1
"1099020286043729920",1,2
"1099020286043729920",2,1
"1099020286043729920",3,1
"1099020286043729920",4,1
"1099020286043729920",5,2
"1099020286043729920",6,4
"1099020286043729920",7,2
"1099020286043729920",8,1
"1099021611464716298",0,1
"1099021611464716298",1,75
"1099021611464716298",2,10
"1099021611464716298",3,3
"1099021611464716298",4,1
"1099021787608825857",0,1
"1099021787608825857",1,78
"1099021787608825857",2,2
"1099022144141447168",0,1
"1099022144141447168",1,7
"1099022144141447168",2,1
"1099022144141447168",3,1
"1099022144141447168",4,4
"1099022144141447168",5,5
"1099022144141447168",6,4
"1099022144141447168",7,5
"1099022144141447168",8,1
"1099023947687817216",0,1
"1099023947687817216",1,3
"1099023947687817216",2,1
"1099024295802687488",0,1
"1099024295802687488",1,3
"1099024295802687488",2,4
"1099024295802687488",3,1
"1099024295802687488",4,1
"1099025621206880261",0,1
"1099025621206880261",1,2
"1099025621206880261",2,2
"1099025621206880261",3,3
"1099025621206880261",4,3
"1099025621206880261",5,1
"1099026002884419585",0,7
"1099026002884419585",1,8
"1099026002884419585",2,2
"1099026002884419585",3,1
"1099026258732769280",0,1
"1099026258732769280",1,10
"1099028146177871872",0,1
"1099028146177871872",1,5
"1099028146177871872",2,1
"1099029295400390656",0,1
"1099029295400390656",1,1
"1099029295400390656",2,1
"1099029295400390656",3,1
"1099029295400390656",4,2
"1099029295400390656",5,1
"1099029295400390656",6,1
"1099029295400390656",7,1
"1099029312177688578",0,1
"1099029312177688578",1,7
"1099029312177688578",2,2
"1099029802932068352",0,1
"1099029802932068352",1,43
"1099029802932068352",2,5
"1099029802932068352",3,5
"1099029802932068352",4,2
"1099029802932068352",5,6
"1099029802932068352",6,7
"1099029802932068352",7,5
"1099029802932068352",8,2
"1099029802932068352",9,1
"1099030264305528832",0,1
"1099030264305528832",1,5
"1099030264305528832",2,2
"1099030264305528832",3,1
"1099030264305528832",4,2
"1099031648413384711",0,1
"1099031648413384711",1,6
"1099031648413384711",2,3
"1099033980442009600",0,1
"1099033980442009600",1,19
"1099033980442009600",2,8
"1099033980442009600",3,22
"1099033980442009600",4,7
"1099033980442009600",5,3
"1099033980442009600",6,1
"1099036236990291968",0,1
"1099036236990291968",1,11
"1099036236990291968",2,3
"1099037893748838400",0,1
"1099037893748838400",1,3
"1099037893748838400",2,1
"1099043736418508800",0,1
"1099043736418508800",1,61
"1099043736418508800",2,16
"1099043736418508800",3,3
"1099043736418508800",4,1
"1099044126497169409",0,1
"1099044126497169409",1,3
"1099044126497169409",2,5
"1099044126497169409",3,1
"1099044126497169409",4,1
"1099044197762560000",0,1
"1099044197762560000",1,29
"1099044197762560000",2,1
"1099045045049602048",0,1
"1099045045049602048",1,87
"1099045045049602048",2,6
"1099047150586081280",0,1
"1099047150586081280",1,6
"1099047150586081280",2,2
"1099047230265348096",0,1
"1099047230265348096",1,11
"1099047230265348096",2,1
"1099047351883350021",0,2
"1099047351883350021",1,2
"1099047444153843713",0,1
"1099047444153843713",1,6
"1099048400492945409",0,1
"1099048400492945409",1,1
"1099048400492945409",2,3
"1099049130301636609",0,1
"1099049130301636609",1,2
"1099049130301636609",2,1
"1099049130301636609",3,1
"1099049130301636609",4,1
"1099049130301636609",5,1
"1099049130301636609",6,1
"1099049130301636609",7,1
"1099049130301636609",8,1
"1099049130301636609",9,1
"1099049130301636609",10,1
"1099051940468539393",0,1
"1099051940468539393",1,7
"1099052083054067718",0,1
"1099052083054067718",1,2
"1099052083054067718",2,5
"1099052083054067718",3,1
"1099052083054067718",4,1
"1099052083054067718",5,1
"1099053525928108032",0,1
"1099053525928108032",1,1
"1099053525928108032",2,1
"1099057204320075787",0,1
"1099057204320075787",1,2
"1099057896359288837",0,1
"1099057896359288837",1,2
"1099057896359288837",2,10
"1099057896359288837",3,5
"1099057896359288837",4,3
"1099057896359288837",5,1
"1099058240300740608",0,1
"1099058240300740608",1,3
"1099058240300740608",2,3
"1099064561125199872",0,1
"1099064561125199872",1,13
"1099064561125199872",2,5
"1099064561125199872",3,4
"1099064561125199872",4,5
"1099065420940828673",0,1
"1099065420940828673",1,2
"1099065420940828673",2,5
"1099066301748658176",0,1
"1099066301748658176",1,1
"1099066301748658176",2,1
"1099066301748658176",3,1
"1099066301748658176",4,1
"1099066301748658176",5,1
"1099072089909121024",0,1
"1099072089909121024",1,5
"1099072270276935680",0,1
"1099072270276935680",1,3
"1099072270276935680",2,1
"1099072479962808320",0,1
"1099072479962808320",1,11
"1099073486620786689",0,1
"1099073486620786689",1,5
"1099073486620786689",2,1
"1099074317063725056",0,1
"1099074317063725056",1,1
"1099074317063725056",2,1
"1099074317063725056",3,1
"1099074484848472065",0,1
"1099074484848472065",1,2
"1099074484848472065",2,2
"1099074484848472065",3,2
"1099077538297593856",0,5
"1099077538297593856",1,5
"1099077538297593856",2,1
"1099077538297593856",3,1
"1099078062581280768",0,1
"1099078062581280768",1,12
"1099078062581280768",2,6
"1099078062581280768",3,5
"1099078062581280768",4,2
"1099078960187461639",0,1
"1099078960187461639",1,3
"1099078960187461639",2,1
"1099081631925657602",0,1
"1099081631925657602",1,4
"1099083842323918852",0,1
"1099083842323918852",1,2
"1099083842323918852",2,1
"1099083842323918852",3,1
"1099085402625982466",0,1
"1099085402625982466",1,39
"1099085402625982466",2,3
"1099087675930349568",0,1
"1099087675930349568",1,15
"1099087675930349568",2,2
"1099090037335945216",0,1
"1099090037335945216",1,2
"1099093946427420672",0,1
"1099093946427420672",1,2
"1099093946427420672",2,2
"1099096312023339008",0,1
"1099096312023339008",1,3
"1099096312023339008",2,3
"1099096312023339008",3,1
"1099096605599383552",0,3
"1099096605599383552",1,4
"1099096605599383552",2,2
"1099096605599383552",3,2
"1099096605599383552",4,3
"1099096605599383552",5,5
"1099096605599383552",6,1
"1099096836290285568",0,1
"1099096836290285568",1,1
"1099096836290285568",2,1
"1099096836290285568",3,1
"1099096836290285568",4,1
"1099096911779385346",0,1
"1099096911779385346",1,2
"1099096911779385346",2,3
"1099096911779385346",3,1
"1099097314428375041",0,2
"1099097314428375041",1,9
"1099097314428375041",2,2
"1099098086201118721",0,2
"1099098086201118721",1,2
"1099098086201118721",2,1
"1099099860383391744",0,1
"1099099860383391744",1,1
"1099099860383391744",2,1
"1099100195932000258",0,1
"1099100195932000258",1,1
"1099100195932000258",2,4
"1099100980279496704",0,1
"1099100980279496704",1,17
"1099100980279496704",2,4
"1099101391317028867",0,1
"1099101391317028867",1,2
"1099101391317028867",2,1
"1099102746089791489",0,1
"1099102746089791489",1,2
"1099102746089791489",2,1
"1099102746089791489",3,1
"1099103073237008386",0,1
"1099103073237008386",1,1
"1099103073237008386",2,1
"1099103073237008386",3,3
"1099103073237008386",4,2
"1099105199740911616",0,1
"1099105199740911616",1,2
"1099105199740911616",2,1
"1099105199740911616",3,1
"1099105199740911616",4,1
"1099105199740911616",5,1
"1099105199740911616",6,2
"1099106764224692224",0,1
"1099106764224692224",1,1
"1099106764224692224",2,7
"1099106764224692224",3,1
"1099107724728639488",0,1
"1099107724728639488",1,2
"1099107724728639488",2,2
"1099107724728639488",3,1
"1099107724728639488",4,1
"1099107724728639488",5,1
"1099107724728639488",6,1
"1099108093806477315",0,1
"1099108093806477315",1,5
"1099108093806477315",2,2
"1099108093806477315",3,1
"1099109863802597377",0,1
"1099109863802597377",1,37
"1099109863802597377",2,16
"1099109863802597377",3,3
"1099109863802597377",4,2
"1099109863802597377",5,1
"1099109863802597377",6,1
"1099112078411993088",0,1
"1099112078411993088",1,7
"1099112078411993088",2,14
"1099112078411993088",3,3
"1099112078411993088",4,6
"1099112078411993088",5,1
"1099113277961887750",0,1
"1099113277961887750",1,8
"1099113277961887750",2,3
"1099113277961887750",3,1
"1099113772906512390",0,1
"1099113772906512390",1,17
"1099113772906512390",2,2
"1099113772906512390",3,2
"1099113772906512390",4,1
"1099114028754845696",0,1
"1099114028754845696",1,4
"1099114028754845696",2,1
"1099116641806417921",0,1
"1099116641806417921",1,6
"1099116641806417921",2,1
"1099116641806417921",3,1
"1099116641806417921",4,1
"1099116641806417921",5,2
"1099116641806417921",6,2
"1099120001427128320",0,1
"1099120001427128320",1,46
"1099124711621939200",0,1
"1099124711621939200",1,1
"1099125483394887680",0,1
"1099125483394887680",1,2
"1099125483394887680",2,3
"1099125483394887680",3,2
"1099125483394887680",4,2
"1099125483394887680",5,3
"1099125483394887680",6,1
"1099125483394887680",7,1
"1099125483394887680",8,1
"1099125483394887680",9,1
"1099125483394887680",10,1
"1099127580546994176",0,1
"1099127580546994176",1,5
"1099127580546994176",2,2
"1099127702198648832",0,1
"1099127702198648832",1,3
"1099127702198648832",2,1
"1099127861544476674",0,1
"1099127861544476674",1,41
"1099127861544476674",2,7
"1099127861544476674",3,3
"1099127861544476674",4,3
"1099127861544476674",5,2
"1099127861544476674",6,4
"1099127861544476674",7,2
"1099127861544476674",8,8
"1099127861544476674",9,5
"1099127861544476674",10,2
"1099128415209312256",0,1
"1099128415209312256",1,1
"1099128415209312256",2,1
"1099128415209312256",3,3
"1099128415209312256",4,1
"1099130252314345472",0,1
"1099130252314345472",1,8
"1099130252314345472",2,3
"1099130252314345472",3,7
"1099130252314345472",4,2
"1099130252314345472",5,1
"1099130252314345472",6,1
"1099130252314345472",7,2
"1099131040831098880",0,1
"1099131040831098880",1,66
"1099131040831098880",2,7
"1099131040831098880",3,10
"1099131040831098880",4,6
"1099131615446532097",0,1
"1099131615446532097",1,40
"1099131615446532097",2,3
"1099131615446532097",3,1
"1099131615446532097",4,2
"1099131615446532097",5,3
"1099131649021734912",0,1
"1099131649021734912",1,2
"1099131649021734912",2,1
"1099131649021734912",3,4
"1099132898920169472",0,1
"1099132898920169472",1,3
"1099137869153689600",0,1
"1099137869153689600",1,8
"1099137869153689600",2,1
"1099138724800147456",0,1
"1099138724800147456",1,28
"1099138724800147456",2,4
"1099138724800147456",3,2
"1099139785963139077",0,1
"1099139785963139077",1,4
"1099139785963139077",2,1
"1099140192823324672",0,1
"1099140192823324672",1,6
"1099141333674061824",0,1
"1099141333674061824",1,17
"1099141333674061824",2,6
"1099141333674061824",3,6
"1099141333674061824",4,4
"1099142092843040768",0,1
"1099142092843040768",1,4
"1099145217612152837",0,2
"1099145217612152837",1,4
"1099145217612152837",2,1
"1099149076354846720",0,1
"1099149076354846720",1,6
"1099149525162360832",0,1
"1099149525162360832",1,21
"1099149525162360832",2,33
"1099149525162360832",3,3
"1099150598903980032",0,1
"1099150598903980032",1,1
"1099150598903980032",2,9
"1099152272410300416",0,1
"1099152272410300416",1,3
"1099152272410300416",2,1
"1099152914143006720",0,1
"1099152914143006720",1,6
"1099153807513186309",0,1
"1099153807513186309",1,3
"1099153807513186309",2,1
"1099155959207903232",0,1
"1099155959207903232",1,11
"1099159763424866304",0,1
"1099159763424866304",1,1
"1099159763424866304",2,4
"1099163718674305025",0,1
"1099163718674305025",1,6
"1099163718674305025",2,2
"1099163718674305025",3,1
"1099164343600480256",0,1
"1099164343600480256",1,1
"1099164343600480256",2,1
"1099164574299930624",0,1
"1099164574299930624",1,2
"1099164574299930624",2,2
"1099164574299930624",3,5
"1099164574299930624",4,4
"1099164574299930624",5,2
"1099171499116773376",0,1
"1099171499116773376",1,1
"1099171499116773376",2,2
"1099171499116773376",3,2
"1099171499116773376",4,4
"1099171499116773376",5,3
"1099171499116773376",6,1
"1099171499116773376",7,1
"1099177723442823170",0,1
"1099177723442823170",1,3
"1099177723442823170",2,2
"1099177723442823170",3,3
"1099177723442823170",4,5
"1099177723442823170",5,3
"1099178444863094785",0,1
"1099178444863094785",1,8
"1099178444863094785",2,2
"1099178444863094785",3,1
"1099178444863094785",4,2
"1099183381575880704",0,1
"1099183381575880704",1,5
"1099183729711423488",0,2
"1099183729711423488",1,3
"1099185248020168705",0,1
"1099185248020168705",1,15
"1099185248020168705",2,5
"1099185248020168705",3,4
"1099185248020168705",4,1
"1099185248020168705",5,1
"1099186497943527425",0,1
"1099186497943527425",1,29
"1099186497943527425",2,9
"1099186497943527425",3,12
"1099186497943527425",4,12
"1099186497943527425",5,3
"1099186497943527425",6,1
"1099186741209108480",0,2
"1099186741209108480",1,2
"1099187856889786369",0,1
"1099187856889786369",1,25
"1099187856889786369",2,21
"1099187856889786369",3,17
"1099187856889786369",4,9
"1099187856889786369",5,7
"1099187856889786369",6,2
"1099189538797375488",0,1
"1099189538797375488",1,6
"1099189538797375488",2,8
"1099189538797375488",3,7
"1099189538797375488",4,2
"1099189538797375488",5,4
"1099189538797375488",6,1
"1099189803030073344",0,1
"1099189803030073344",1,1
"1099189803030073344",2,1
"1099189803030073344",3,3
"1099189803030073344",4,3
"1099189803030073344",5,3
"1099189803030073344",6,2
"1099189803030073344",7,3
"1099189803030073344",8,3
"1099189803030073344",9,1
"1099189803030073344",10,2
"1099189803030073344",11,3
"1099189803030073344",12,4
"1099192265103282178",0,1
"1099192265103282178",1,7
"1099192265103282178",2,3
"1099192642594779136",0,1
"1099192642594779136",1,6
"1099192642594779136",2,1
"1099192843904659456",0,1
"1099192843904659456",1,2
"1099192843904659456",2,1
"1099192843904659456",3,2
"1099192843904659456",4,1
"1099194043471343616",0,2
"1099194043471343616",1,22
"1099194043471343616",2,8
"1099194043471343616",3,4
"1099194043471343616",4,3
"1099194043471343616",5,3
"1099200691447320576",0,1
"1099200691447320576",1,3
"1099200691447320576",2,1
"1099203317106962432",0,1
"1099203317106962432",1,18
"1099203317106962432",2,3
"1099203501643714560",0,1
"1099203501643714560",1,5
"1099203501643714560",2,1
"1099203501643714560",3,1
"1099203501643714560",4,1
"1099203501643714560",5,1
"1099203501643714560",6,1
"1099203501643714560",7,2
"1099203501643714560",8,3
"1099203501643714560",9,2
"1099203501643714560",10,2
"1099203501643714560",11,3
"1099203501643714560",12,1
"1099205271644073984",0,1
"1099205271644073984",1,6
"1099208673228816385",0,1
"1099208673228816385",1,6
"1099208673228816385",2,2
"1099209465960845312",0,1
"1099209465960845312",1,1
"1099209465960845312",2,3
"1099209465960845312",3,1
"1099212125111758849",0,1
"1099212125111758849",1,15
"1099212125111758849",2,8
"1099212125111758849",3,3
"1099212125111758849",4,1
"1099214322960662528",0,1
"1099214322960662528",1,7
"1099214322960662528",2,1
"1099215384123604992",0,1
"1099215384123604992",1,4
"1099215384123604992",2,1
"1099218789885829121",0,11
"1099218789885829121",1,15
"1099218789885829121",2,11
"1099218789885829121",3,5
"1099225668544589824",0,1
"1099225668544589824",1,13
"1099225668544589824",2,1
"1099225668544589824",3,1
"1099228248045543424",0,1
"1099228248045543424",1,51
"1099228248045543424",2,13
"1099228248045543424",3,9
"1099228248045543424",4,1
"1099228248045543424",5,1
"1099228298385580033",0,1
"1099228298385580033",1,14
"1099228298385580033",2,6
"1099228382271655936",0,1
"1099228382271655936",1,1
"1099228382271655936",2,1
"1099228382271655936",3,1
"1099228382271655936",4,1
"1099229971904487424",0,1
"1099229971904487424",1,9
"1099229971904487424",2,2
"1099229971904487424",3,5
"1099229971904487424",4,3
"1099229971904487424",5,1
"1099229971904487424",6,1
"1099232400415080448",0,1
"1099232400415080448",1,25
"1099232400415080448",2,17
"1099232400415080448",3,4
"1099232400415080448",4,3
"1099232400415080448",5,1
"1099233734182752256",0,1
"1099233734182752256",1,2
"1099233734182752256",2,4
"1099233734182752256",3,2
"1099234942133915652",0,1
"1099234942133915652",1,44
"1099234942133915652",2,5
"1099234942133915652",3,3
"1099236762482888705",0,1
"1099236762482888705",1,2
"1099236762482888705",2,4
"1099237559375446016",0,1
"1099237559375446016",1,2
"1099237559375446016",2,1
"1099237559375446016",3,3
"1099237559375446016",4,3
"1099238662473175040",0,1
"1099238662473175040",1,1
"1099238662473175040",2,1
"1099238662473175040",3,2
"1099238662473175040",4,1
"1099238662473175040",5,1
"1099238662473175040",6,1
"1099241942452301824",0,1
"1099241942452301824",1,6
"1099242789684953088",0,1
"1099242789684953088",1,62
"1099242789684953088",2,9
"1099242789684953088",3,2
"1099246778484805632",0,1
"1099246778484805632",1,4
"1099247508260298752",0,1
"1099247508260298752",1,44
"1099247508260298752",2,11
"1099247508260298752",3,17
"1099247508260298752",4,1
"1099250880518381569",0,2
"1099250880518381569",1,44
"1099250880518381569",2,11
"1099250880518381569",3,7
"1099250880518381569",4,6
"1099250880518381569",5,2
"1099250880518381569",6,2
"1099253153797734400",0,1
"1099253153797734400",1,4
"1099253153797734400",2,2
"1099254542141661184",0,1
"1099254542141661184",1,5
"1099255049648246784",0,1
"1099255049648246784",1,2
"1099255049648246784",2,3
"1099255536162353157",0,1
"1099255536162353157",1,1
"1099255536162353157",2,2
"1099255536162353157",3,1
"1099255536162353157",4,1
"1099255578113855490",0,1
"1099255578113855490",1,85
"1099255578113855490",2,3
"1099255817180712961",0,1
"1099255817180712961",1,15
"1099255817180712961",2,5
"1099257868216201216",0,1
"1099257868216201216",1,10
"1099257868216201216",2,1
"1099261341108457472",0,1
"1099261341108457472",1,8
"1099261341108457472",2,2
"1099261341108457472",3,2
"1099261341108457472",4,2
"1099261341108457472",5,2
"1099267305404416002",0,1
"1099267305404416002",1,59
"1099267305404416002",2,19
"1099267305404416002",3,4
"1099267305404416002",4,2
"1099268274263474177",0,1
"1099268274263474177",1,36
"1099268274263474177",2,13
"1099268274263474177",3,8
"1099268274263474177",4,3
"1099268274263474177",5,6
"1099268274263474177",6,1
"1099268274263474177",7,5
"1099269469644431362",0,1
"1099269469644431362",1,6
"1099269469644431362",2,2
"1099269469644431362",3,2
"1099269469644431362",4,2
"1099269469644431362",5,5
"1099269469644431362",6,5
"1099269469644431362",7,5
"1099269469644431362",8,2
"1099269469644431362",9,1
"1099269469644431362",10,2
"1099269469644431362",11,1
"1099269469644431362",12,2
"1099269469644431362",13,3
"1099269469644431362",14,2
"1099269469644431362",15,4
"1099270656649252864",0,3
"1099270656649252864",1,3
"1099272237880872960",0,1
"1099272237880872960",1,8
"1099275345860182017",0,1
"1099275345860182017",1,7
"1099275463317430278",0,1
"1099275463317430278",1,6
"1099275463317430278",2,3
"1099275463317430278",3,1
"1099278139300110338",0,1
"1099278139300110338",1,4
"1099278139300110338",2,1
"1099278139300110338",3,1
"1099278470629212160",0,1
"1099278470629212160",1,3
"1099279263373684736",0,1
"1099279263373684736",1,2
"1099279703746248705",0,1
"1099279703746248705",1,1
"1099280416777928704",0,1
"1099280416777928704",1,40
"1099280416777928704",2,9
"1099280416777928704",3,2
"1099280416777928704",4,3
"1099280416777928704",5,1
"1099280416777928704",6,1
"1099283298264719360",0,1
"1099283298264719360",1,7
"1099288633444573184",0,1
"1099288633444573184",1,7
"1099288633444573184",2,5
"1099288633444573184",3,1
"1099288797018288128",0,1
"1099288797018288128",1,1
"1099288797018288128",2,2
"1099288797018288128",3,1
"1099288797018288128",4,1
"1099290080479531009",0,1
"1099290080479531009",1,1
"1099290080479531009",2,1
"1099293205202255872",0,1
"1099293205202255872",1,3
"1099294702568787970",0,1
"1099294702568787970",1,10
"1099294958421458947",0,1
"1099294958421458947",1,52
"1099294958421458947",2,9
"1099294958421458947",3,5
"1099294958421458947",4,1
"1099299295361028097",0,1
"1099299295361028097",1,2
"1099299295361028097",2,1
"1099299295361028097",3,2
"1099299295361028097",4,2
"1099299295361028097",5,1
"1099299295361028097",6,2
"1099299295361028097",7,1
"1099299295361028097",8,1
"1099299295361028097",9,1
"1099299295361028097",10,3
"1099299295361028097",11,2
"1099299295361028097",12,3
"1099299295361028097",13,3
"1099299295361028097",14,1
"1099299295361028097",15,1
"1099303460300836865",0,1
"1099303460300836865",1,4
"1099303460300836865",2,5
"1099303460300836865",3,3
"1099303460300836865",4,1
"1099306060769382400",0,1
"1099306060769382400",1,3
"1099307897861885952",0,1
"1099307897861885952",1,5
"1099307897870315520",0,1
"1099307897870315520",1,59
"1099307897870315520",2,10
"1099307897870315520",3,3
"1099309986633605120",0,1
"1099309986633605120",1,5
"1099310947125075968",0,1
"1099310947125075968",1,36
"1099310947125075968",2,19
"1099310947125075968",3,14
"1099310947125075968",4,4
"1099310947125075968",5,1
"1099310947125075968",6,1
"1099313732151328769",0,1
"1099313732151328769",1,45
"1099313732151328769",2,7
"1099313732151328769",3,3
"1099313732151328769",4,4
"1099313732151328769",5,2
"1099313732151328769",6,3
"1099313732151328769",7,1
"1099314122209067009",0,1
"1099314122209067009",1,3
"1099314122209067009",2,2
"1099315082692120576",0,1
"1099315082692120576",1,13
"1099315082692120576",2,3
"1099315082692120576",3,4
"1099315082692120576",4,3
"1099315082692120576",5,2
"1099315703474257920",0,1
"1099315703474257920",1,6
"1099318568162713605",0,1
"1099318568162713605",1,21
"1099318568162713605",2,6
"1099318568162713605",3,8
"1099318568162713605",4,5
"1099318568162713605",5,5
"1099318568162713605",6,4
"1099318568162713605",7,1
"1099318899517067265",0,1
"1099318899517067265",1,8
"1099318899517067265",2,1
"1099319256041308162",0,1
"1099319256041308162",1,23
"1099319256041308162",2,2
"1099319985850277888",0,3
"1099319985850277888",1,18
"1099319985850277888",2,13
"1099319985850277888",3,9
"1099319985850277888",4,7
"1099319985850277888",5,7
"1099319985850277888",6,5
"1099320896014241794",0,1
"1099320896014241794",1,6
"1099320896014241794",2,2
"1099320896014241794",3,1
"1099323496482639873",0,1
"1099323496482639873",1,6
"1099323727182000130",0,1
"1099323727182000130",1,54
"1099323727182000130",2,9
"1099323727182000130",3,8
"1099323727182000130",4,7
"1099323727182000130",5,2
"1099323727182000130",6,1
"1099324247275655168",0,1
"1099324247275655168",1,3
"1099324247275655168",2,1
"1099324247275655168",3,1
"1099324247275655168",4,1
"1099324247275655168",5,2
"1099324247275655168",6,1
"1099324247275655168",7,1
"1099324247275655168",8,2
"1099324247275655168",9,2
"1099324247275655168",10,2
"1099324247275655168",11,1
"1099324247275655168",12,1
"1099324247275655168",13,1
"1099324247275655168",14,1
"1099324247275655168",15,1
"1099324247275655168",16,1
"1099324247275655168",17,2
"1099324247275655168",18,2
"1099324247275655168",19,3
"1099324247275655168",20,1
"1099324247275655168",21,1
"1099324247275655168",22,1
"1099324247275655168",23,1
"1099324247275655168",24,2
"1099324247275655168",25,1
"1099324247275655168",26,2
"1099324247275655168",27,1
"1099324578596294656",0,1
"1099324578596294656",1,15
"1099324578596294656",2,2
"1099324578596294656",3,2
"1099324578596294656",4,12
"1099324578596294656",5,3
"1099324578596294656",6,5
"1099324578596294656",7,3
"1099328705825001472",0,2
"1099328705825001472",1,3
"1099328705825001472",2,2
"1099328705825001472",3,3
"1099328705825001472",4,4
"1099328705825001472",5,3
"1099328705825001472",6,2
"1099328705825001472",7,3
"1099328705825001472",8,3
"1099328705825001472",9,3
"1099328705825001472",10,1
"1099328705825001472",11,2
"1099328705825001472",12,1
"1099328705825001472",13,1
"1099328705825001472",14,1
"1099329305614667779",0,1
"1099329305614667779",1,6
"1099329305614667779",2,1
"1099330689713856512",0,1
"1099330689713856512",1,3
"1099330689713856512",2,1
"1099331654424846336",0,1
"1099331654424846336",1,9
"1099331654424846336",2,2
"1099331654424846336",3,1
"1099331780245667840",0,1
"1099331780245667840",1,7
"1099331780245667840",2,2
"1099331780245667840",3,4
"1099331780245667840",4,4
"1099331780245667840",5,1
"1099333436966346752",0,1
"1099333436966346752",1,7
"1099333436966346752",2,2
"1099334275827064840",0,2
"1099334275827064840",1,2
"1099334334576771075",0,1
"1099334334576771075",1,4
"1099334334576771075",2,3
"1099334334576771075",3,6
"1099334334576771075",4,1
"1099334334576771075",5,1
"1099335840319209474",0,1
"1099335840319209474",1,5
"1099335840319209474",2,9
"1099338600158777344",0,1
"1099338600158777344",1,1
"1099338600158777344",2,3
"1099338872792596480",0,7
"1099338872792596480",1,14
"1099338872792596480",2,6
"1099338872792596480",3,6
"1099338872792596480",4,6
"1099338872792596480",5,2
"1099338872792596480",6,1
"1099338872792596480",7,1
"1099340709927182336",0,1
"1099340709927182336",1,11
"1099340709927182336",2,3
"1099340709927182336",3,2
"1099340709927182336",4,3
"1099340709927182336",5,3
"1099340709927182336",6,2
"1099340709927182336",7,4
"1099340709927182336",8,1
"1099340709927182336",9,2
"1099341460674093057",0,1
"1099341460674093057",1,4
"1099341460674093057",2,1
"1099341460674093057",3,1
"1099341460674093057",4,2
"1099341460674093057",5,1
"1099341460674093057",6,1
"1099341460674093057",7,2
"1099341460674093057",8,1
"1099341460674093057",9,1
"1099341460674093057",10,1
"1099342400214974464",0,1
"1099342400214974464",1,2
"1099342400214974464",2,2
"1099342400214974464",3,2
"1099342400214974464",4,1
"1099342400214974464",5,1
"1099345222989946881",0,1
"1099345222989946881",1,6
"1099345222989946881",2,1
"1099345256515096576",0,1
"1099345256515096576",1,3
"1099346179261980674",0,1
"1099346179261980674",1,3
"1099346179261980674",2,9
"1099346179261980674",3,1
"1099346179261980674",4,3
"1099346179261980674",5,1
"1099346179261980674",6,4
"1099346179261980674",7,1
"1099346179261980674",8,1
"1099347123001163776",0,1
"1099347123001163776",1,3
"1099347123001163776",2,1
"1099348209334272001",0,1
"1099348209334272001",1,71
"1099348209334272001",2,10
"1099348209334272001",3,3
"1099351191484547074",0,1
"1099351191484547074",1,4
"1099352458143453184",0,1
"1099352458143453184",1,1
"1099353187943890945",0,1
"1099353187943890945",1,26
"1099353187943890945",2,1
"1099354970523090944",0,2
"1099354970523090944",1,2
"1099356866382045184",0,1
"1099356866382045184",1,9
"1099356866382045184",2,2
"1099356866382045184",3,2
"1099356866382045184",4,4
"1099356866382045184",5,2
"1099356866382045184",6,1
"1099358963513073665",0,1
"1099358963513073665",1,7
"1099360855165149184",0,1
"1099360855165149184",1,15
"1099360855165149184",2,16
"1099360855165149184",3,2
"1099360855165149184",4,1
"1099360855165149184",5,2
"1099360972605599745",0,1
"1099360972605599745",1,9
"1099360972605599745",2,1
"1099364902655938561",0,1
"1099364902655938561",1,2
"1099364902655938561",2,3
"1099365057836867584",0,1
"1099365057836867584",1,5
"1099365057836867584",2,1
"1099365804422955008",0,1
"1099365804422955008",1,4
"1099370577532502016",0,1
"1099370577532502016",1,2
"1099370577532502016",2,1
"1099370577532502016",3,2
"1099370577532502016",4,1
"1099370887915192322",0,2
"1099370887915192322",1,6
"1099370887915192322",2,14
"1099370887915192322",3,2
"1099370887915192322",4,2
"1099370887915192322",5,1
"1099373693900414977",0,1
"1099373693900414977",1,7
"1099373693900414977",2,4
"1099373693900414977",3,7
"1099373693900414977",4,2
"1099373693900414977",5,2
"1099374717306322947",0,1
"1099374717306322947",1,10
"1099374717306322947",2,7
"1099374717306322947",3,5
"1099376126613430273",0,1
"1099376126613430273",1,5
"1099376126613430273",2,2
"1099376948680241152",0,1
"1099376948680241152",1,4
"1099387107305492482",0,1
"1099387107305492482",1,26
"1099387107305492482",2,7
"1099387107305492482",3,3
"1099387107305492482",4,2
"1099388092962742279",0,1
"1099388092962742279",1,3
"1099388092962742279",2,1
"1099391213508141057",0,1
"1099391213508141057",1,3
"1099391213508141057",2,4
"1099393759454941184",0,1
"1099393759454941184",1,4
"1099393759454941184",2,1
"1099393759454941184",3,1
"1099395093247741952",0,1
"1099395093247741952",1,3
"1099397911836790784",0,1
"1099397911836790784",1,3
"1099397911836790784",2,4
"1099397911836790784",3,2
"1099402198398763014",0,1
"1099402198398763014",1,1
"1099402198398763014",2,1
"1099406006843555840",0,1
"1099406006843555840",1,3
"1099406006843555840",2,3
"1099406615009087488",0,1
"1099406615009087488",1,2
"1099406615009087488",2,1
"1099406615009087488",3,1
"1099407948776919042",0,1
"1099407948776919042",1,15
"1099412872927633414",0,1
"1099412872927633414",1,11
"1099412872927633414",2,2
"1099412872927633414",3,2
"1099412872927633414",4,1
"1099412872927633414",5,1
"1099412977776840705",0,1
"1099412977776840705",1,2
"1099412977776840705",2,3
"1099412977776840705",3,2
"1099412977776840705",4,5
"1099412977776840705",5,1
"1099413640464211968",0,1
"1099413640464211968",1,9
"1099418417776549888",0,1
"1099418417776549888",1,1
"1099418417776549888",2,1
"1099418417776549888",3,2
"1099418417776549888",4,3
"1099418417776549888",5,2
"1099418417776549888",6,1
"1099418992400363520",0,1
"1099418992400363520",1,1
"1099418992400363520",2,1
"1099418992400363520",3,5
"1099420393302097922",0,1
"1099420393302097922",1,6
"1099420393302097922",2,3
"1099420393302097922",3,2
"1099422071006871552",0,1
"1099422071006871552",1,4
"1099422071006871552",2,2
"1099427112564518913",0,1
"1099427112564518913",1,8
"1099427112564518913",2,1
"1099427724932927489",0,1
"1099427724932927489",1,8
"1099428245039132674",0,1
"1099428245039132674",1,2
"1099428245039132674",2,3
"1099432217044873216",0,1
"1099432217044873216",1,5
"1099432217044873216",2,2
"1099432217044873216",3,1
"1099432825214980099",0,1
"1099432825214980099",1,6
"1099433731172061185",0,1
"1099433731172061185",1,21
"1099433731172061185",2,9
"1099438755956457472",0,1
"1099438755956457472",1,6
"1099438755956457472",2,4
"1099438755956457472",3,3
"1099438755956457472",4,2
"1099438755956457472",5,1
"1099438755956457472",6,1
"1099438755956457472",7,1
"1099438755956457472",8,1
"1099438755956457472",9,2
"1099438755956457472",10,1
"1099438755956457472",11,3
"1099438755956457472",12,2
"1099438755956457472",13,1
"1099438755956457472",14,2
"1099438755956457472",15,1
"1099442723751366656",0,1
"1099442723751366656",1,2
"1099442723751366656",2,3
"1099442723751366656",3,1
"1099444279838154753",0,1
"1099444279838154753",1,7
"1099444279838154753",2,2
"1099444279838154753",3,3
"1099451405960704000",0,1
"1099451405960704000",1,7
"1099452035139858432",0,1
"1099452035139858432",1,1
"1099452035139858432",2,1
"1099452035139858432",3,3
"1099453746390679555",0,1
"1099453746390679555",1,9
"1099458251069014016",0,1
"1099458251069014016",1,8
"1099458251069014016",2,6
"1099458251069014016",3,3
"1099458251069014016",4,4
"1099458251069014016",5,4
"1099458251069014016",6,1
"1099459622619021312",0,1
"1099459622619021312",1,14
"1099459622619021312",2,4
"1099459622619021312",3,4
"1099459622619021312",4,3
"1099459622619021312",5,2
"1099460570548338688",0,1
"1099460570548338688",1,4
"1099460570548338688",2,1
"1099461250025689088",0,1
"1099461250025689088",1,16
"1099463930185961472",0,1
"1099463930185961472",1,1
"1099463930185961472",2,2
"1099463930185961472",3,2
"1099463930185961472",4,2
"1099464446051827712",0,1
"1099464446051827712",1,5
"1099464446051827712",2,4
"1099464446051827712",3,3
"1099465922480431104",0,1
"1099465922480431104",1,4
"1099466232854732801",0,1
"1099466232854732801",1,4
"1099466232854732801",2,3
"1099466232854732801",3,2
"1099466232854732801",4,1
"1099466232854732801",5,1
"1099466232854732801",6,1
"1099472448796401664",0,1
"1099472448796401664",1,2
"1099472448796401664",2,2
"1099472448796401664",3,2
"1099473350596931584",0,2
"1099473350596931584",1,45
"1099473350596931584",2,3
"1099475821021007872",0,1
"1099475821021007872",1,1
"1099475821021007872",2,1
"1099475821021007872",3,1
"1099475821021007872",4,1
"1099475821021007872",5,1
"1099475821021007872",6,1
"1099476362107207680",0,2
"1099476362107207680",1,9
"1099476362107207680",2,4
"1099476362107207680",3,2
"1099478060792012800",0,1
"1099478060792012800",1,44
"1099478060792012800",2,13
"1099478060792012800",3,9
"1099478060792012800",4,7
"1099478060792012800",5,2
"1099480229238788096",0,1
"1099480229238788096",1,3
"1099480229238788096",2,2
"1099481588197396481",0,1
"1099481588197396481",1,12
"1099481588197396481",2,6
"1099484612282146816",0,1
"1099484612282146816",1,1
"1099484612282146816",2,1
"1099484612282146816",3,3
"1099485795059187714",0,1
"1099485795059187714",1,1
"1099485795059187714",2,1
"1099485795059187714",3,3
"1099485795059187714",4,2
"1099485795059187714",5,1
"1099487091115741184",0,1
"1099487091115741184",1,2
"1099487091115741184",2,1
"1099489087621189632",0,1
"1099489087621189632",1,1
"1099493432920285184",0,1
"1099493432920285184",1,7
"1099493902673940480",0,1
"1099493902673940480",1,15
"1099493902673940480",2,2
"1099493902673940480",3,1
"1099493902673940480",4,2
"1099494183675387904",0,1
"1099494183675387904",1,7
"1099498013104443393",0,1
"1099498013104443393",1,4
"1099498151507984385",0,1
"1099498151507984385",1,4
"1099498151507984385",2,2
"1099498151507984385",3,2
"1099498151507984385",4,3
"1099498151507984385",5,4
"1099504455538655233",0,1
"1099504455538655233",1,29
"1099504455538655233",2,1
"1099504455538655233",3,1
"1099504455538655233",4,1
"1099504455538655233",5,1
"1099504891758854144",0,1
"1099504891758854144",1,9
"1099504891758854144",2,4
"1099504891758854144",3,2
"1099504891758854144",4,4
"1099504891758854144",5,2
"1099504891758854144",6,1
"1099507827738112003",0,1
"1099507827738112003",1,3
"1099507827738112003",2,2
"1099507886466781185",0,1
"1099507886466781185",1,5
"1099507886466781185",2,7
"1099507886466781185",3,3
"1099507886466781185",4,3
"1099507886466781185",5,3
"1099507886466781185",6,4
"1099507886466781185",7,3
"1099511820715474947",0,1
"1099511820715474947",1,44
"1099511820715474947",2,8
"1099511820715474947",3,1
"1099511820715474947",4,12
"1099513452324765696",0,1
"1099513452324765696",1,2
"1099513859147067392",0,1
"1099513859147067392",1,2
"1099513859147067392",2,1
"1099513859147067392",3,3
"1099513859147067392",4,2
"1099514630924353536",0,1
"1099514630924353536",1,1
"1099514630924353536",2,4
"1099514630924353536",3,1
"1099524512691806211",0,1
"1099524512691806211",1,5
"1099524512691806211",2,1
"1099524776941371392",0,2
"1099524776941371392",1,4
"1099530267293827072",0,1
"1099530267293827072",1,1
"1099530267293827072",2,1
"1099530267293827072",3,2
"1099530267293827072",4,2
"1099531286488567808",0,1
"1099531286488567808",1,10
"1099531286488567808",2,1
"1099537234007609345",0,1
"1099537234007609345",1,2
"1099537234007609345",2,1
"1099537234007609345",3,1
"1099539045955252225",0,1
"1099539045955252225",1,9
"1099544192357974016",0,1
"1099544192357974016",1,2
"1099544192357974016",2,2
"1099544192357974016",3,1
"1099544192357974016",4,2
"1099548059514613763",0,1
"1099548059514613763",1,2
"1099548059514613763",2,1
"1099549003254063105",0,1
"1099549003254063105",1,16
"1099549003254063105",2,1
"1099549380728754176",0,1
"1099549380728754176",1,6
"1099549380728754176",2,1
"1099551033284546560",0,1
"1099551033284546560",1,1
"1099553222706917376",0,1
"1099553222706917376",1,6
"1099553734428971013",0,1
"1099553734428971013",1,4
"1099553734428971013",2,2
"1099554535545192449",0,1
"1099554535545192449",1,4
"1099556464904073216",0,1
"1099556464904073216",1,8
"1099556464904073216",2,2
"1099558339778830336",0,3
"1099558339778830336",1,3
"1099558339778830336",2,1
"1099563834287611904",0,1
"1099563834287611904",1,53
"1099565981796626433",0,1
"1099565981796626433",1,1
"1099565981796626433",2,1
"1099565981796626433",3,1
"1099565981796626433",4,1
"1099575699982172160",0,2
"1099575699982172160",1,2
"1099578178836738048",0,1
"1099578178836738048",1,49
"1099578178836738048",2,9
"1099578178836738048",3,1
"1099578178836738048",4,1
"1099578900231811073",0,2
"1099578900231811073",1,5
"1099578900231811073",2,1
"1099581228095889409",0,1
"1099581228095889409",1,3
"1099581228095889409",2,2
"1099582033393725440",0,3
"1099582033393725440",1,3
"1099582033393725440",2,1
"1099582033393725440",3,2
"1099582033393725440",4,1
"1099582033393725440",5,5
"1099582033393725440",6,1
"1099584243796041728",0,1
"1099584243796041728",1,2
"1099584243796041728",2,1
"1099584243796041728",3,2
"1099584243796041728",4,2
"1099584243796041728",5,1
"1099587632793698304",0,1
"1099587632793698304",1,1
"1099592187778613248",0,1
"1099592187778613248",1,23
"1099592187778613248",2,13
"1099592187778613248",3,6
"1099592187778613248",4,5
"1099592187778613248",5,4
"1099592187778613248",6,2
"1099592187778613248",7,3
"1099592187778613248",8,6
"1099592187778613248",9,4
"1099592187778613248",10,2
"1099594096212103170",0,1
"1099594096212103170",1,3
"1099594096212103170",2,2
"1099595123812229120",0,1
"1099595123812229120",1,6
"1099595123812229120",2,2
"1099597933983354880",0,1
"1099597933983354880",1,12
"1099597933983354880",2,14
"1099597933983354880",3,2
"1099600727381487616",0,1
"1099600727381487616",1,22
"1099600790304391168",0,1
"1099600790304391168",1,5
"1099602392553787392",0,1
"1099602392553787392",1,2
"1099602392553787392",2,1
"1099602392553787392",3,2
"1099602392553787392",4,3
"1099602392553787392",5,1
"1099602392553787392",6,2
"1099606117066231810",0,1
"1099606117066231810",1,4
"1099606117066231810",2,2
"1099606117066231810",3,1
"1099606117066231810",4,1
"1099606293222965248",0,1
"1099606293222965248",1,3
"1099606293222965248",2,1
"1099606293222965248",3,1
"1099606293222965248",4,2
"1099611154450653184",0,2
"1099611154450653184",1,33
"1099611154450653184",2,8
"1099611154450653184",3,17
"1099611154450653184",4,11
"1099611154450653184",5,5
"1099611154450653184",6,2
"1099611154450653184",7,2
"1099611154450653184",8,2
"1099611154450653184",9,2
"1099611154450653184",10,2
"1099611510941339648",0,1
"1099611510941339648",1,4
"1099611510941339648",2,6
"1099611510941339648",3,6
"1099611510941339648",4,9
"1099611510941339648",5,1
"1099613578758447104",0,1
"1099613578758447104",1,1
"1099613578758447104",2,2
"1099613578758447104",3,1
"1099618712552947715",0,1
"1099618712552947715",1,1
"1099618712552947715",2,1
"1099618712552947715",3,1
"1099618712552947715",4,4
"1099619069106388992",0,1
"1099619069106388992",1,4
"1099621594068996096",0,1
"1099621594068996096",1,9
"1099621594068996096",2,4
"1099621594068996096",3,2
"1099621594068996096",4,1
"1099621594068996096",5,1
"1099623200470720517",0,1
"1099623200470720517",1,10
"1099623200470720517",2,2
"1099623200470720517",3,1
"1099626937595482113",0,1
"1099626937595482113",1,2
"1099626937595482113",2,1
"1099626937595482113",3,1
"1099628334298759168",0,1
"1099628334298759168",1,4
"1099628334298759168",2,3
"1099629869439377408",0,1
"1099629869439377408",1,2
"1099629869439377408",2,2
"1099631702312394753",0,1
"1099631702312394753",1,1
"1099631702312394753",2,4
"1099632344049246208",0,1
"1099632344049246208",1,2
"1099632344049246208",2,4
"1099632344049246208",3,1
"1099632427956203520",0,1
"1099632427956203520",1,6
"1099633933707145216",0,1
"1099633933707145216",1,9
"1099633933707145216",2,1
"1099633933707145216",3,1
"1099635800155873280",0,1
"1099635800155873280",1,35
"1099635800155873280",2,17
"1099635800155873280",3,6
"1099635800155873280",4,1
"1099635980502364160",0,1
"1099635980502364160",1,2
"1099635980502364160",2,1
"1099640896243617792",0,1
"1099640896243617792",1,3
"1099640896243617792",2,1
"1099640980112920581",0,1
"1099640980112920581",1,9
"1099640980112920581",2,2
"1099645061204189184",0,1
"1099645061204189184",1,36
"1099645061204189184",2,2
"1099649142228422656",0,1
"1099649142228422656",1,1
"1099651591722975232",0,1
"1099651591722975232",1,5
"1099651591722975232",2,2
"1099652833216000002",0,2
"1099652833216000002",1,4
"1099653563049865216",0,1
"1099653563049865216",1,1
"1099653563049865216",2,3
"1099653563049865216",3,1
"1099654779410763776",0,1
"1099654779410763776",1,47
"1099656251594674177",0,1
"1099656251594674177",1,3
"1099656251594674177",2,1
"1099656251594674177",3,4
"1099657480517414912",0,1
"1099657480517414912",1,1
"1099657480517414912",2,2
"1099657480517414912",3,2
"1099659074365472768",0,1
"1099659074365472768",1,3
"1099659074365472768",2,1
"1099660445907120129",0,1
"1099660445907120129",1,3
"1099660445907120129",2,2
"1099660445907120129",3,1
"1099666389231693829",0,1
"1099666389231693829",1,4
"1099667773356032000",0,2
"1099667773356032000",1,5
"1099667773356032000",2,12
"1099667773356032000",3,5
"1099667773356032000",4,3
"1099667773356032000",5,2
"1099668381530243073",0,1
"1099668381530243073",1,8
"1099668381530243073",2,1
"1099668381530243073",3,1
"1099670285723291653",0,1
"1099670285723291653",1,3
"1099670285723291653",2,1
"1099670763899101190",0,1
"1099670763899101190",1,2
"1099670763899101190",2,1
"1099670763899101190",3,3
"1099670763899101190",4,2
"1099670763899101190",5,1
"1099673687320678401",0,1
"1099673687320678401",1,1
"1099675084032110592",0,1
"1099675084032110592",1,10
"1099675084032110592",2,2
"1099675469891416065",0,1
"1099675469891416065",1,2
"1099675469891416065",2,1
"1099675469891416065",3,3
"1099675469891416065",4,2
"1099675469891416065",5,1
"1099675469891416065",6,2
"1099676866590457856",0,1
"1099676866590457856",1,3
"1099676866590457856",2,1
"1099677952915042304",0,1
"1099677952915042304",1,1
"1099677952915042304",2,1
"1099683602646867969",0,1
"1099683602646867969",1,2
"1099683602646867969",2,1
"1099683602646867969",3,1
"1099683602646867969",4,3
"1099683602646867969",5,2
"1099683602646867969",6,2
"1099683602646867969",7,1
"1099683602646867969",8,2
"1099683602646867969",9,2
"1099683602646867969",10,2
"1099683602646867969",11,2
"1099683602646867969",12,1
"1099683602646867969",13,1
"1099683602646867969",14,2
"1099683602646867969",15,2
"1099683602646867969",16,2
"1099683602646867969",17,3
"1099683602646867969",18,2
"1099683602646867969",19,3
"1099683602646867969",20,2
"1099683602646867969",21,3
"1099683602646867969",22,2
"1099683602646867969",23,3
"1099683602646867969",24,1
"1099683602646867969",25,1
"1099683602646867969",26,1
"1099683602646867969",27,1
"1099687067133583363",0,1
"1099687067133583363",1,3
"1099692150634102785",0,1
"1099692150634102785",1,4
"1099692150634102785",2,2
"1099692159048052738",0,1
"1099692159048052738",1,5
"1099693425711087616",0,1
"1099693425711087616",1,55
"1099693425711087616",2,22
"1099693425711087616",3,7
"1099693425711087616",4,3
"1099694528804544515",0,1
"1099694528804544515",1,40
"1099694579123576833",0,1
"1099694579123576833",1,3
"1099694579123576833",2,2
"1099694579123576833",3,1
"1099694579123576833",4,1
"1099694579123576833",5,1
"1099694579123576833",6,1
"1099694579123576833",7,6
"1099694579123576833",8,1
"1099694579123576833",9,2
"1099694579123576833",10,1
"1099694579123576833",11,1
"1099694579123576833",12,1
"1099695183136985088",0,1
"1099695183136985088",1,5
"1099696307193741312",0,1
"1099696307193741312",1,3
"1099696307193741312",2,2
"1099696307193741312",3,3
"1099696307193741312",4,4
"1099696307193741312",5,2
"1099698362419425288",0,1
"1099698362419425288",1,7
"1099698362419425288",2,3
"1099698362419425288",3,1
"1099698362419425288",4,1
"1099698630821322753",0,1
"1099698630821322753",1,3
"1099698630821322753",2,1
"1099699511633547264",0,1
"1099699511633547264",1,4
"1099699511633547264",2,1
"1099699511633547264",3,1
"1099699511633547264",4,1
"1099699511633547264",5,1
"1099699511633547264",6,5
"1099699511633547264",7,1
"1099699511633547264",8,2
"1099699511633547264",9,1
"1099699511633547264",10,1
"1099699511633547264",11,1
"1099699511633547264",12,1
"1099699511633547264",13,1
"1099699511633547264",14,1
"1099699511633547264",15,2
"1099699511633547264",16,3
"1099699511633547264",17,2
"1099699511633547264",18,1
"1099699511633547264",19,3
"1099699511633547264",20,1
"1099699511633547264",21,2
"1099699511633547264",22,1
"1099699511633547264",23,1
"1099699511633547264",24,1
"1099699511633547264",25,1
"1099699511633547264",26,1
"1099699511633547264",27,1
"1099699511633547264",28,1
"1099699511633547264",29,1
"1099699511633547264",30,1
"1099699511633547264",31,2
"1099699511633547264",32,2
"1099699511633547264",33,1
"1099699511633547264",34,2
"1099699914316177409",0,1
"1099699914316177409",1,2
"1099699914316177409",2,1
"1099699914316177409",3,2
"1099700480546992129",0,1
"1099700480546992129",1,5
"1099700480546992129",2,2
"1099700480546992129",3,1
"1099700908361990144",0,1
"1099700908361990144",1,6
"1099700908361990144",2,4
"1099700941899612160",0,1
"1099700941899612160",1,2
"1099700941899612160",2,2
"1099702334391644160",0,2
"1099702334391644160",1,35
"1099702334391644160",2,4
"1099702334391644160",3,5
"1099702334391644160",4,11
"1099702334391644160",5,10
"1099702334391644160",6,2
"1099702334391644160",7,3
"1099702334391644160",8,1
"1099702502167998464",0,1
"1099702502167998464",1,7
"1099705262016000000",0,1
"1099705262016000000",1,4
"1099705262016000000",2,3
"1099705262016000000",3,1
"1099705262016000000",4,1
"1099706373544251392",0,1
"1099706373544251392",1,1
"1099706373544251392",2,1
"1099706373544251392",3,1
"1099707912836898816",0,1
"1099707912836898816",1,15
"1099708093175345152",0,1
"1099708093175345152",1,25
"1099708734903853061",0,1
"1099708734903853061",1,5
"1099709900941340672",0,1
"1099709900941340672",1,1
"1099709900941340672",2,2
"1099709900941340672",3,4
"1099709900941340672",4,1
"1099710211303108608",0,1
"1099710211303108608",1,6
"1099710211303108608",2,37
"1099710211303108608",3,2
"1099713180899655690",0,1
"1099713180899655690",1,2
"1099713180899655690",2,1
"1099713180899655690",3,2
"1099713180899655690",4,2
"1099714560825741313",0,1
"1099714560825741313",1,3
"1099714560825741313",2,1
"1099715324151255041",0,1
"1099715324151255041",1,4
"1099715324151255041",2,4
"1099715324151255041",3,2
"1099715366127890433",0,1
"1099715366127890433",1,1
"1099715584219115520",0,1
"1099715584219115520",1,10
"1099716859291725824",0,1
"1099716859291725824",1,2
"1099716859291725824",2,1
"1099716859291725824",3,1
"1099716859291725824",4,3
"1099718092404506624",0,5
"1099718092404506624",1,8
"1099718092404506624",2,5
"1099718092404506624",3,5
"1099720139245793280",0,1
"1099720139245793280",1,2
"1099720139245793280",2,1
"1099720139245793280",3,2
"1099720139245793280",4,1
"1099720529303482368",0,1
"1099720529303482368",1,40
"1099720529303482368",2,13
"1099720529303482368",3,7
"1099720529303482368",4,4
"1099720529303482368",5,1
"1099721498191790080",0,2
"1099721498191790080",1,2
"1099721498191790080",2,2
"1099721498191790080",3,1
"1099721498191790080",4,1
"1099723217839763460",0,1
"1099723217839763460",1,27
"1099723217839763460",2,3
"1099724174166249473",0,1
"1099724174166249473",1,9
"1099724652300124160",0,1
"1099724652300124160",1,49
"1099724652300124160",2,18
"1099724652300124160",3,9
"1099724652300124160",4,1
"1099724652300124160",5,1
"1099724652300124160",6,1
"1099724664904003586",0,1
"1099724664904003586",1,10
"1099724664904003586",2,2
"1099724857841991680",0,1
"1099724857841991680",1,3
"1099725776377659393",0,1
"1099725776377659393",1,3
"1099725776377659393",2,1
"1099725776377659393",3,2
"1099727651223322624",0,1
"1099727651223322624",1,3
"1099727651223322624",2,2
"1099727651223322624",3,2
"1099727651223322624",4,1
"1099727651223322624",5,1
"1099727651223322624",6,1
"1099727697385844736",0,1
"1099727697385844736",1,29
"1099727697385844736",2,4
"1099727697385844736",3,8
"1099727697385844736",4,8
"1099727697385844736",5,4
"1099727697385844736",6,5
"1099727697385844736",7,1
"1099727697385844736",8,1
"1099728766904004608",0,1
"1099728766904004608",1,2
"1099728766904004608",2,1
"1099730583058636802",0,1
"1099730583058636802",1,4
"1099730583058636802",2,1
"1099731082189201408",0,2
"1099731082189201408",1,22
"1099731082189201408",2,7
"1099731082189201408",3,5
"1099731082189201408",4,5
"1099731082189201408",5,3
"1099731082189201408",6,3
"1099731082189201408",7,4
"1099731082189201408",8,4
"1099731082189201408",9,4
"1099731082189201408",10,2
"1099731082189201408",11,3
"1099731208009732096",0,1
"1099731208009732096",1,2
"1099731208009732096",2,4
"1099731208009732096",3,4
"1099731208009732096",4,1
"1099731208009732096",5,2
"1099731208009732096",6,5
"1099731208009732096",7,4
"1099731208009732096",8,5
"1099731208009732096",9,4
"1099731208009732096",10,3
"1099733800077152256",0,1
"1099733800077152256",1,2
"1099733800077152256",2,1
"1099733883975815168",0,1
"1099733883975815168",1,27
"1099733883975815168",2,1
"1099733883975815168",3,2
"1099733883975815168",4,1
"1099734227891994624",0,1
"1099734227891994624",1,48
"1099734227891994624",2,16
"1099734227891994624",3,8
"1099734227891994624",4,9
"1099734227891994624",5,1
"1099735289050943489",0,1
"1099735289050943489",1,48
"1099735289050943489",2,15
"1099735289050943489",3,8
"1099735289050943489",4,8
"1099735289050943489",5,3
"1099735289050943489",6,1
"1099736056629547008",0,1
"1099736056629547008",1,7
"1099736056629547008",2,1
"1099736480224821249",0,1
"1099736480224821249",1,4
"1099736480224821249",2,3
"1099738011150024705",0,1
"1099738011150024705",1,1
"1099738011150024705",2,1
"1099738011150024705",3,1
"1099738011150024705",4,1
"1099738237663367169",0,1
"1099738237663367169",1,3
"1099740406118473728",0,1
"1099740406118473728",1,1
"1099740406118473728",2,1
"1099740406118473728",3,1
"1099740406118473728",4,1
"1099740791986106369",0,1
"1099740791986106369",1,4
"1099740791986106369",2,1
"1099740791986106369",3,2
"1099741584688640002",0,1
"1099741584688640002",1,1
"1099741593106407425",0,1
"1099741593106407425",1,3
"1099741593106407425",2,1
"1099741593106407425",3,1
"1099741878310846466",0,1
"1099741878310846466",1,9
"1099741878310846466",2,8
"1099741878310846466",3,3
"1099741878310846466",4,1
"1099742410978975744",0,1
"1099742410978975744",1,2
"1099742410978975744",2,3
"1099744461993709568",0,1
"1099744461993709568",1,4
"1099744461993709568",2,2
"1099744461993709568",3,1
"1099745779000893441",0,1
"1099745779000893441",1,9
"1099746844345683969",0,1
"1099746844345683969",1,2
"1099746844345683969",2,1
"1099746844345683969",3,2
"1099747561584427008",0,1
"1099747561584427008",1,1
"1099753811093213184",0,1
"1099753811093213184",1,3
"1099753811093213184",2,3
"1099754855491461120",0,1
"1099754855491461120",1,13
"1099754855491461120",2,3
"1099754855491461120",3,3
"1099754855491461120",4,4
"1099755581106212864",0,1
"1099755581106212864",1,3
"1099755581106212864",2,8
"1099755581106212864",3,1
"1099755589507395584",0,1
"1099755589507395584",1,2
"1099755589507395584",2,2
"1099755983755247617",0,1
"1099755983755247617",1,5
"1099755983755247617",2,3
"1099755983755247617",3,1
"1099755983755247617",4,1
"1099756206049161217",0,1
"1099756206049161217",1,2
"1099756206049161217",2,1
"1099756206049161217",3,1
"1099756206049161217",4,1
"1099756956837920768",0,1
"1099756956837920768",1,4
"1099756956837920768",2,4
"1099757674076561408",0,1
"1099757674076561408",1,3
"1099757674076561408",2,2
"1099757674076561408",3,1
"1099759624419491842",0,1
"1099759624419491842",1,9
"1099759653783773185",0,1
"1099759653783773185",1,6
"1099759653783773185",2,5
"1099759653783773185",3,1
"1099761008543969280",0,1
"1099761008543969280",1,1
"1099761008543969280",2,5
"1099761008543969280",3,3
"1099761008543969280",4,1
"1099761667037061120",0,1
"1099761667037061120",1,4
"1099761667037061120",2,3
"1099761667037061120",3,2
"1099762073871863808",0,1
"1099762073871863808",1,4
"1099762073871863808",2,1
"1099764192012308481",0,1
"1099764192012308481",1,1
"1099764192012308481",2,2
"1099764192012308481",3,3
"1099766188484292611",0,1
"1099766188484292611",1,5
"1099766721186054149",0,1
"1099766721186054149",1,11
"1099766721186054149",2,1
"1099766838630801408",0,1
"1099766838630801408",1,1
"1099766838630801408",2,1
"1099766838630801408",3,1
"1099766838630801408",4,1
"1099767375468134400",0,1
"1099767375468134400",1,5
"1099768063338135552",0,1
"1099768063338135552",1,8
"1099768063338135552",2,2
"1099768063338135552",3,7
"1099768063338135552",4,2
"1099768063338135552",5,1
"1099770043053813760",0,1
"1099770043053813760",1,3
"1099770043053813760",2,4
"1099770043053813760",3,2
"1099770072430727168",0,1
"1099770072430727168",1,20
"1099770072430727168",2,4
"1099770072430727168",3,2
"1099770072430727168",4,8
"1099770072430727168",5,8
"1099770072430727168",6,4
"1099770072430727168",7,2
"1099770072430727168",8,1
"1099770768664260608",0,1
"1099770768664260608",1,2
"1099770768664260608",2,1
"1099771456550973445",0,1
"1099771456550973445",1,1
"1099771456550973445",2,1
"1099771456550973445",3,1
"1099771456550973445",4,1
"1099771456550973445",5,1
"1099771456550973445",6,1
"1099772215711674371",0,1
"1099772215711674371",1,42
"1099772215711674371",2,2
"1099772349942059009",0,1
"1099772349942059009",1,6
"1099772349942059009",2,1
"1099772349942059009",3,1
"1099772349942059009",4,1
"1099772597405917188",0,1
"1099772597405917188",1,1
"1099772597405917188",2,2
"1099773801166974977",0,1
"1099773801166974977",1,8
"1099773801166974977",2,3
"1099776007341596674",0,1
"1099776007341596674",1,3
"1099776007341596674",2,1
"1099776179320602624",0,1
"1099776179320602624",1,11
"1099776179320602624",2,28
"1099779069221265409",0,1
"1099779069221265409",1,9
"1099780067457028096",0,1
"1099780067457028096",1,1
"1099780067457028096",2,1
"1099780067457028096",3,1
"1099780067457028096",4,1
"1099780067457028096",5,1
"1099780763682263049",0,1
"1099780763682263049",1,4
"1099780868548235265",0,1
"1099780868548235265",1,24
"1099780868548235265",2,2
"1099781896156921856",0,1
"1099781896156921856",1,6
"1099781896156921856",2,1
"1099783099938951169",0,1
"1099783099938951169",1,5
"1099783099938951169",2,1
"1099786837063753728",0,1
"1099786837063753728",1,3
"1099786837063753728",2,3
"1099786837063753728",3,4
"1099786837063753728",4,1
"1099786837063753728",5,3
"1099789773068271616",0,1
"1099789773068271616",1,2
"1099789773068271616",2,1
"1099790607726317568",0,1
"1099790607726317568",1,11
"1099790607726317568",2,1
"1099790607726317568",3,2
"1099790607726317568",4,1
"1099791459191005184",0,1
"1099791459191005184",1,10
"1099791459191005184",2,1
"1099791459191005184",3,2
"1099792163813056512",0,1
"1099792163813056512",1,5
"1099792683894222848",0,1
"1099792683894222848",1,2
"1099792683894222848",2,1
"1099792683894222848",3,1
"1099796047738667008",0,1
"1099796047738667008",1,2
"1099796047738667008",2,2
"1099796047738667008",3,2
"1099796047738667008",4,1
"1099796299396861952",0,1
"1099796299396861952",1,3
"1099796299396861952",2,22
"1099797712864710656",0,1
"1099797712864710656",1,1
"1099797712864710656",2,2
"1099800489519132672",0,1
"1099800489519132672",1,2
"1099800489519132672",2,2
"1099803370985005057",0,1
"1099803370985005057",1,18
"1099804562179977220",0,1
"1099804562179977220",1,6
"1099804562179977220",2,1
"1099804562179977220",3,1
"1099805178759340033",0,1
"1099805178759340033",1,66
"1099805178759340033",2,7
"1099805178759340033",3,4
"1099806516742373376",0,1
"1099806516742373376",1,5
"1099806516742373376",2,3
"1099806516742373376",3,3
"1099806516742373376",4,1
"1099806516742373376",5,1
"1099806516742373376",6,1
"1099808471258722304",0,1
"1099808471258722304",1,5
"1099809171703255040",0,1
"1099809171703255040",1,2
"1099809171703255040",2,1
"1099809171703255040",3,1
"1099809171703255040",4,1
"1099814573975261187",0,1
"1099814573975261187",1,5
"1099817367381524480",0,1
"1099817367381524480",1,28
"1099817367381524480",2,1
"1099819376449122304",0,1
"1099819376449122304",1,7
"1099820387276328960",0,1
"1099820387276328960",1,7
"1099820387276328960",2,1
"1099820387276328960",3,1
"1099820387276328960",4,2
"1099820387276328960",5,2
"1099820387276328960",6,3
"1099820387276328960",7,1
"1099820387276328960",8,1
"1099820387276328960",9,1
"1099820387276328960",10,4
"1099820387276328960",11,1
"1099820387276328960",12,1
"1099820387276328960",13,1
"1099820387276328960",14,1
"1099820387276328960",15,1
"1099820387276328960",16,4
"1099820387276328960",17,2
"1099820387276328960",18,4
"1099820387276328960",19,2
"1099820387276328960",20,5
"1099820387276328960",21,1
"1099820387276328960",22,4
"1099820387276328960",23,1
"1099820387276328960",24,4
"1099820387276328960",25,1
"1099820387276328960",26,1
"1099820387276328960",27,2
"1099820387276328960",28,5
"1099820387276328960",29,4
"1099820387276328960",30,1
"1099820387276328960",31,1
"1099820387276328960",32,1
"1099820387276328960",33,1
"1099820387276328960",34,3
"1099820387276328960",35,2
"1099820387276328960",36,2
"1099820387276328960",37,1
"1099820823483957249",0,1
"1099820823483957249",1,6
"1099820823483957249",2,3
"1099820823483957249",3,2
"1099820823483957249",4,1
"1099820823483957249",5,1
"1099820823483957249",6,3
"1099820823483957249",7,2
"1099820823483957249",8,2
"1099820823483957249",9,1
"1099820823483957249",10,2
"1099820823483957249",11,1
"1099820823483957249",12,1
"1099821356189921281",0,1
"1099821356189921281",1,7
"1099822295680471041",0,1
"1099822295680471041",1,1
"1099822295680471041",2,1
"1099822295680471041",3,1
"1099822295680471041",4,1
"1099822903858790403",0,1
"1099822903858790403",1,12
"1099822912251486208",0,2
"1099822912251486208",1,3
"1099822912251486208",2,1
"1099824116042027009",0,1
"1099824116042027009",1,61
"1099824116042027009",2,5
"1099824116042027009",3,4
"1099824116042027009",4,2
"1099824153778053121",0,1
"1099824153778053121",1,4
"1099824153778053121",2,2
"1099824187332542466",0,1
"1099824187332542466",1,7
"1099824187332542466",2,3
"1099824187332542466",3,1
"1099824187332542466",4,1
"1099824313140740103",0,1
"1099824313140740103",1,1
"1099824313140740103",2,1
"1099824313140740103",3,1
"1099824313140740103",4,1
"1099824313140740103",5,1
"1099824313140740103",6,1
"1099824313140740103",7,1
"1099824552253771776",0,1
"1099824552253771776",1,3
"1099824552253771776",2,3
"1099824753542615047",0,1
"1099824753542615047",1,2
"1099824753542615047",2,1
"1099824753542615047",3,3
"1099824753542615047",4,2
"1099824753542615047",5,3
"1099824753542615047",6,1
"1099826297050726401",0,1
"1099826297050726401",1,15
"1099826297050726401",2,1
"1099826297050726401",3,1
"1099828192897130497",0,1
"1099828192897130497",1,5
"1099828624914472960",0,1
"1099828624914472960",1,4
"1099828624914472960",2,1
"1099830185174609920",0,1
"1099830185174609920",1,2
"1099830734645284865",0,1
"1099830734645284865",1,5
"1099832504641560585",0,1
"1099832504641560585",1,5
"1099833054091042816",0,1
"1099833054091042816",1,4
"1099833054091042816",2,1
"1099836489209397248",0,1
"1099836489209397248",1,6
"1099837416175738882",0,1
"1099837416175738882",1,3
"1099837416175738882",2,3
"1099837416175738882",3,1
"1099837416175738882",4,1
"1099837416175738882",5,1
"1099837416175738882",6,1
"1099837416175738882",7,1
"1099838406039953408",0,1
"1099838406039953408",1,2
"1099838406039953408",2,1
"1099838406039953408",3,2
"1099839446227181568",0,1
"1099839446227181568",1,3
"1099839446227181568",2,1
"1099839899212046338",0,1
"1099839899212046338",1,2
"1099839899212046338",2,4
"1099839899212046338",3,1
"1099840427656544257",0,1
"1099840427656544257",1,3
"1099840427656544257",2,2
"1099840427656544257",3,2
"1099840427656544257",4,1
"1099841438500687877",0,1
"1099841438500687877",1,28
"1099841438500687877",2,8
"1099841438500687877",3,4
"1099841438500687877",4,10
"1099841438500687877",5,1
"1099841438500687877",6,1
"1099841971160526849",0,1
"1099841971160526849",1,1
"1099841971160526849",2,1
"1099841971160526849",3,1
"1099841971160526849",4,1
"1099841971160526849",5,5
"1099841971160526849",6,1
"1099844445837488128",0,1
"1099844445837488128",1,61
"1099844445837488128",2,9
"1099844445837488128",3,2
"1099846828172984320",0,1
"1099846828172984320",1,4
"1099846828172984320",2,2
"1099846828172984320",3,3
"1099846828172984320",4,1
"1099847117575737344",0,1
"1099847117575737344",1,3
"1099847117575737344",2,1
"1099847117575737344",3,1
"1099847117575737344",4,1
"1099847117575737344",5,1
"1099847218272456706",0,1
"1099847218272456706",1,4
"1099847218272456706",2,2
"1099847994185265153",0,1
"1099847994185265153",1,2
"1099847994185265153",2,1
"1099848040351961088",0,1
"1099848040351961088",1,72
"1099848040351961088",2,10
"1099848040351961088",3,5
"1099853593610457088",0,1
"1099853593610457088",1,77
"1099853593610457088",2,3
"1099855279703900160",0,1
"1099855279703900160",1,4
"1099855279703900160",2,1
"1099855279703900160",3,1
"1099857666267144192",0,1
"1099857666267144192",1,27
"1099857666267144192",2,12
"1099857666267144192",3,9
"1099857666267144192",4,6
"1099857666267144192",5,6
"1099857666267144192",6,3
"1099857666267144192",7,3
"1099857666267144192",8,4
"1099860124108312578",0,1
"1099860124108312578",1,13
"1099861399180922880",0,1
"1099861399180922880",1,21
"1099861399180922880",2,7
"1099861399180922880",3,5
"1099865266337529856",0,1
"1099865266337529856",1,3
"1099865266337529856",2,2
"1099865266337529856",3,1
"1099868273678659584",0,1
"1099868273678659584",1,2
"1099869867484811265",0,1
"1099869867484811265",1,2
"1099869867484811265",2,1
"1099869867484811265",3,2
"1099871339714879494",0,1
"1099871339714879494",1,11
"1099871339714879494",2,2
"1099871868167835648",0,1
"1099871868167835648",1,4
"1099871868167835648",2,1
"1099871868167835648",3,1
"1099872757377056768",0,1
"1099872757377056768",1,3
"1099873449441259520",0,1
"1099873449441259520",1,5
"1099874426705846272",0,1
"1099874426705846272",1,10
"1099874426705846272",2,5
"1099874426705846272",3,1
"1099874464467247110",0,6
"1099874464467247110",1,9
"1099874464467247110",2,4
"1099874464467247110",3,2
"1099874464467247110",4,2
"1099874464467247110",5,1
"1099874468652969984",0,1
"1099874468652969984",1,19
"1099874468652969984",2,6
"1099874468652969984",3,1
"1099874468652969984",4,1
"1099874468652969984",5,1
"1099877316560412672",0,1
"1099877316560412672",1,2
"1099877316560412672",2,2
"1099878000244383746",0,1
"1099878000244383746",1,2
"1099878000244383746",2,2
"1099878134462246914",0,1
"1099878134462246914",1,13
"1099878134462246914",2,3
"1099878134462246914",3,1
"1099878134462246914",4,1
"1099878214179143682",0,1
"1099878214179143682",1,17
"1099878214179143682",2,3
"1099878214179143682",3,8
"1099878214179143682",4,1
"1099880101607440384",0,1
"1099880101607440384",1,23
"1099880101607440384",2,8
"1099880101607440384",3,3
"1099880101607440384",4,2
"1099880101607440384",5,1
"1099881443759742979",0,1
"1099881443759742979",1,5
"1099881443759742979",2,2
"1099884186830286849",0,1
"1099884186830286849",1,17
"1099884186830286849",2,8
"1099884186830286849",3,2
"1099884186830286849",4,2
"1099884186830286849",5,2
"1099884186830286849",6,1
"1099884493048070147",0,1
"1099884493048070147",1,11
"1099885323503382529",0,1
"1099885323503382529",1,5
"1099885323503382529",2,4
"1099885323503382529",3,2
"1099885323503382529",4,1
"1099889358419701765",0,3
"1099889358419701765",1,3
"1099889974969655296",0,1
"1099889974969655296",1,2
"1099889974969655296",2,1
"1099889974969655296",3,1
"1099889974969655296",4,1
"1099890100828160000",0,1
"1099890100828160000",1,1
"1099890100828160000",2,1
"1099890100828160000",3,1
"1099890100828160000",4,1
"1099890100828160000",5,1
"1099892059547217922",0,1
"1099892059547217922",1,8
"1099892185397428224",0,1
"1099892185397428224",1,1
"1099892185397428224",2,1
"1099892185397428224",3,1
"1099892185397428224",4,1
"1099892185397428224",5,1
"1099896467760672768",0,1
"1099896467760672768",1,5
"1099898078373515266",0,1
"1099898078373515266",1,4
"1099898078373515266",2,1
"1099898481051721728",0,1
"1099898481051721728",1,8
"1099898481051721728",2,1
"1099898481051721728",3,1
"1099907964343865345",0,1
"1099907964343865345",1,2
"1099907964343865345",2,3
"1099907964343865345",3,2
"1099910984263561216",0,1
"1099910984263561216",1,1
"1099911877658722304",0,1
"1099911877658722304",1,16
"1099911877658722304",2,4
"1099911877658722304",3,3
"1099911877658722304",4,3
"1099911877658722304",5,2
"1099911898621980672",0,1
"1099911898621980672",1,17
"1099914914301325312",0,1
"1099914914301325312",1,10
"1099914914301325312",2,3
"1099914914301325312",3,2
"1099919775512162306",0,1
"1099919775512162306",1,4
"1099919775512162306",2,3
"1099919775512162306",3,2
"1099919775512162306",4,1
"1099919821653725185",0,1
"1099919821653725185",1,1
"1099919821653725185",2,2
"1099931263735984128",0,1
"1099931263735984128",1,2
"1099931263735984128",2,3
"1099935105689235456",0,1
"1099935105689235456",1,48
"1099935105689235456",2,8
"1099935105689235456",3,11
"1099935105689235456",4,11
"1099935105689235456",5,6
"1099935206360924160",0,1
"1099935206360924160",1,6
"1099935206360924160",2,2
"1099935428675653632",0,1
"1099935428675653632",1,1
"1099940839306874881",0,1
"1099940839306874881",1,42
"1099940839306874881",2,15
"1099940839306874881",3,4
"1099940839306874881",4,2
"1099940839306874881",5,1
"1099941665588924416",0,1
"1099941665588924416",1,7
"1099941736909074433",0,2
"1099941736909074433",1,2
"1099941736909074433",2,2
"1099945041986875392",0,1
"1099945041986875392",1,52
"1099945041986875392",2,12
"1099945041986875392",3,2
"1099945041986875392",4,5
"1099945041986875392",5,1
"1099946312861184000",0,1
"1099946312861184000",1,1
"1099946312861184000",2,4
"1099946652616609792",0,1
"1099946652616609792",1,2
"1099946652616609792",2,1
"1099949781571403776",0,1
"1099949781571403776",1,40
"1099953334126067712",0,1
"1099953334126067712",1,1
"1099953334126067712",2,1
"1099953334126067712",3,2
"1099953334126067712",4,2
"1099953334126067712",5,1
"1099953334126067712",6,1
"1099956630882582530",0,1
"1099956630882582530",1,3
"1099956630882582530",2,4
"1099956630882582530",3,4
"1099956630882582530",4,2
"1099957171943550977",0,1
"1099957171943550977",1,1
"1099957171943550977",2,1
"1099957171943550977",3,2
"1099957171943550977",4,1
"1099957171943550977",5,1
"1099958413428170753",0,1
"1099958413428170753",1,1
"1099958413428170753",2,4
"1099959625590456320",0,1
"1099959625590456320",1,2
"1099959625590456320",2,1
"1099960934213304320",0,1
"1099960934213304320",1,3
"1099960934213304320",2,1
"1099964407088627713",0,1
"1099964407088627713",1,7
"1099964407088627713",2,2
"1099970144917319680",0,1
"1099970144917319680",1,49
"1099970144917319680",2,10
"1099970144917319680",3,6
"1099970144917319680",4,1
"1099970908280836096",0,1
"1099970908280836096",1,20
"1099972313380925440",0,1
"1099972313380925440",1,4
"1099972313380925440",2,3
"1099974041409146880",0,1
"1099974041409146880",1,3
"1099974041409146880",2,2
"1099974041409146880",3,1
"1099974041409146880",4,1
"1099974041409146880",5,1
"1099980668426047488",0,1
"1099980668426047488",1,8
"1099980668426047488",2,1
"1099980668426047488",3,1
"1099982803335208961",0,1
"1099982803335208961",1,5
"1099982803335208961",2,1
"1099982803335208961",3,1
"1099989816190545920",0,1
"1099989816190545920",1,4
"1099995558201167872",0,1
"1099995558201167872",1,5
"1099996854232776704",0,1
"1099996854232776704",1,9
"1099997181384241152",0,1
"1099997181384241152",1,4
"1099997181384241152",2,2
"1099997617621254144",0,1
"1099997617621254144",1,2
"1099997617621254144",2,6
"1099997617621254144",3,2
"1099997617621254144",4,2
"1099997617621254144",5,1
"1099997617621254144",6,2
"1099997617621254144",7,1
"1100001128228352000",0,1
"1100001128228352000",1,8
"1100001128228352000",2,2
"1100002457852305408",0,1
"1100002457852305408",1,7
"1100002457852305408",2,2
"1100009869187469312",0,1
"1100009869187469312",1,7
"1100009869187469312",2,1
"1100014990432575488",0,1
"1100014990432575488",1,65
"1100014990432575488",2,7
"1100014990432575488",3,9
"1100014990432575488",4,3
"1100014990432575488",5,1
"1100015334327808005",0,1
"1100015334327808005",1,2
"1100015334327808005",2,1
"1100015334327808005",3,2
"1100015334327808005",4,1
"1100015334327808005",5,1
"1100015581812715520",0,2
"1100015581812715520",1,5
"1100015992862838784",0,1
"1100015992862838784",1,4
"1100016512939757568",0,1
"1100016512939757568",1,2
"1100016512939757568",2,5
"1100016512939757568",3,1
"1100017104357675009",0,1
"1100017104357675009",1,2
"1100017104357675009",2,1
"1100017104357675009",3,1
"1100017104357675009",4,1
"1100017104357675009",5,1
"1100018295519002624",0,1
"1100018295519002624",1,2
"1100018295519002624",2,2
"1100018295519002624",3,1
"1100021365753679872",0,1
"1100021365753679872",1,2
"1100021365753679872",2,2
"1100021923604504576",0,1
"1100021923604504576",1,2
"1100021923604504576",2,6
"1100021923604504576",3,1
"1100021923604504576",4,1
"1100023513228861445",0,1
"1100023513228861445",1,1
"1100023513228861445",2,1
"1100023513228861445",3,1
"1100023513228861445",4,1
"1100023513228861445",5,1
"1100023513228861445",6,1
"1100023513228861445",7,1
"1100024033314332672",0,1
"1100024033314332672",1,1
"1100024033314332672",2,1
"1100024033314332672",3,2
"1100024033314332672",4,2
"1100025140648296449",0,1
"1100025140648296449",1,6
"1100025140648296449",2,5
"1100025140648296449",3,3
"1100025140648296449",4,4
"1100025140648296449",5,7
"1100025140648296449",6,6
"1100025140648296449",7,4
"1100025140648296449",8,5
"1100025140648296449",9,4
"1100025140648296449",10,9
"1100025140648296449",11,7
"1100025140648296449",12,5
"1100025140648296449",13,2
"1100026881250865152",0,1
"1100026881250865152",1,3
"1100029100054466560",0,1
"1100029100054466560",1,4
"1100029100054466560",2,7
"1100029100054466560",3,2
"1100032803612360704",0,1
"1100032803612360704",1,5
"1100033080428060673",0,1
"1100033080428060673",1,3
"1100033080428060673",2,1
"1100033080428060673",3,2
"1100033080428060673",4,1
"1100033080428060673",5,1
"1100034376492974081",0,1
"1100034376492974081",1,59
"1100034376492974081",2,6
"1100034376492974081",3,3
"1100034376492974081",4,3
"1100034376492974081",5,1
"1100035118876504064",0,1
"1100035118876504064",1,3
"1100035118876504064",2,7
"1100035118876504064",3,5
"1100035118876504064",4,3
"1100035118876504064",5,1
"1100035580245594113",0,2
"1100035580245594113",1,2
"1100035580245594113",2,3
"1100035580245594113",3,6
"1100035580245594113",4,4
"1100035580245594113",5,2
"1100035580245594113",6,2
"1100035580245594113",7,2
"1100038293964640257",0,1
"1100038293964640257",1,10
"1100038293964640257",2,1
"1100038293964640257",3,1
"1100040403716370432",0,1
"1100040403716370432",1,1
"1100040403716370432",2,1
"1100040403716370432",3,1
"1100040403716370432",4,1
"1100040403716370432",5,1
"1100040785389645824",0,5
"1100040785389645824",1,5
"1100040785389645824",2,4
"1100040785389645824",3,1
"1100041217381814273",0,2
"1100041217381814273",1,54
"1100041217381814273",2,6
"1100041217381814273",3,1
"1100042446334054400",0,1
"1100042446334054400",1,2
"1100042446334054400",2,1
"1100042563757600774",0,1
"1100042563757600774",1,2
"1100042563761909760",0,1
"1100042563761909760",1,4
"1100042597328924672",0,1
"1100042597328924672",1,6
"1100042597328924672",2,1
"1100042890909286400",0,1
"1100042890909286400",1,1
"1100042890909286400",2,1
"1100042890909286400",3,1
"1100042890909286400",4,1
"1100042890909286400",5,1
"1100042890909286400",6,1
"1100042890909286400",7,1
"1100044962928967680",0,1
"1100044962928967680",1,4
"1100044962928967680",2,1
"1100044962928967680",3,2
"1100046741288685568",0,1
"1100046741288685568",1,6
"1100046741288685568",2,1
"1100047563359768576",0,1
"1100047563359768576",1,22
"1100047563359768576",2,1
"1100048687441592321",0,1
"1100048687441592321",1,3
"1100048687441592321",2,1
"1100048687441592321",3,1
"1100048687441592321",4,1
"1100049362724413443",0,1
"1100049362724413443",1,1
"1100049362724413443",2,2
"1100049362724413443",3,1
"1100049362724413443",4,2
"1100050059008212992",0,1
"1100050059008212992",1,3
"1100050059008212992",2,1
"1100053024372862976",0,1
"1100053024372862976",1,4
"1100055318652948482",0,1
"1100055318652948482",1,18
"1100055318652948482",2,2
"1100055633208987648",0,1
"1100055633208987648",1,5
"1100055838746689542",0,1
"1100055838746689542",1,2
"1100055838746689542",2,1
"1100056002332950528",0,1
"1100056002332950528",1,1
"1100056002332950528",2,4
"1100056803445039109",0,1
"1100056803445039109",1,24
"1100056803445039109",2,8
"1100056803445039109",3,1
"1100056803445039109",4,1
"1100056803445039109",5,1
"1100056803445039109",6,1
"1100059487765962752",0,1
"1100059487765962752",1,2
"1100059487765962752",2,3
"1100059487765962752",3,1
"1100061429737181187",0,1
"1100061429737181187",1,27
"1100061429737181187",2,3
"1100061429737181187",3,6
"1100061429737181187",4,1
"1100061769500741632",0,1
"1100061769500741632",1,4
"1100061769500741632",2,1
"1100062771922812929",0,1
"1100062771922812929",1,6
"1100062771922812929",2,1
"1100062771922812929",3,1
"1100063090710904832",0,1
"1100063090710904832",1,4
